2026-06-05 15:15:48.138  INFO 22948 --- [main] eden.EdenApplication                     : Starting EdenApplication using Java 17.0.12 on limz with PID 22948 (D:\project\eden-nutrition\eden-admin\target\classes started by 28391 in D:\project\eden-nutrition)
2026-06-05 15:15:48.354  INFO 22948 --- [main] eden.EdenApplication                     : The following 1 profile is active: "dev"
2026-06-05 15:15:53.561  INFO 22948 --- [main] .s.d.r.c.RepositoryConfigurationDelegate : Multiple Spring Data modules found, entering strict repository configuration mode
2026-06-05 15:15:53.567  INFO 22948 --- [main] .s.d.r.c.RepositoryConfigurationDelegate : Bootstrapping Spring Data Redis repositories in DEFAULT mode.
2026-06-05 15:15:53.623  INFO 22948 --- [main] .s.d.r.c.RepositoryConfigurationDelegate : Finished Spring Data repository scanning in 33 ms. Found 0 Redis repository interfaces.
2026-06-05 15:15:55.292  INFO 22948 --- [main] o.s.b.w.embedded.tomcat.TomcatWebServer  : Tomcat initialized with port(s): 8080 (http)
2026-06-05 15:15:55.316  INFO 22948 --- [main] o.apache.catalina.core.StandardService   : Starting service [Tomcat]
2026-06-05 15:15:55.317  INFO 22948 --- [main] org.apache.catalina.core.StandardEngine  : Starting Servlet engine: [Apache Tomcat/9.0.109]
2026-06-05 15:15:55.628  INFO 22948 --- [main] o.a.c.c.C.[Tomcat].[localhost].[/api]    : Initializing Spring embedded WebApplicationContext
2026-06-05 15:15:55.628  INFO 22948 --- [main] w.s.c.ServletWebServerApplicationContext : Root WebApplicationContext: initialization completed in 6705 ms
2026-06-05 15:15:56.733  INFO 22948 --- [main] org.redisson.Version                     : Redisson 3.18.0
2026-06-05 15:15:57.437  INFO 22948 --- [redisson-netty-2-6] o.r.c.pool.MasterPubSubConnectionPool    : 1 connections initialized for localhost/127.0.0.1:6379
2026-06-05 15:15:57.535  INFO 22948 --- [redisson-netty-2-20] o.r.c.pool.MasterConnectionPool          : 24 connections initialized for localhost/127.0.0.1:6379
2026-06-05 15:15:59.699  INFO 22948 --- [main] o.s.b.a.e.web.EndpointLinksResolver      : Exposing 14 endpoint(s) beneath base path '/actuator'
2026-06-05 15:16:00.376  INFO 22948 --- [main] o.s.s.web.DefaultSecurityFilterChain     : Will secure any request with [org.springframework.security.web.session.DisableEncodeUrlFilter@6df0d030, org.springframework.security.web.context.request.async.WebAsyncManagerIntegrationFilter@33319df0, org.springframework.security.web.context.SecurityContextPersistenceFilter@7d2ddbf3, eden.web.config.SecurityConfig$1@5d08a65c, org.springframework.security.web.header.HeaderWriterFilter@7915111a, org.springframework.security.web.authentication.logout.LogoutFilter@7f0b2bf1, eden.web.filter.JwtAuthenticationTokenFilter@71b32407, org.springframework.security.web.savedrequest.RequestCacheAwareFilter@1b1d1558, org.springframework.security.web.servletapi.SecurityContextHolderAwareRequestFilter@6cc022ac, org.springframework.security.web.authentication.AnonymousAuthenticationFilter@73b71935, org.springframework.security.web.session.SessionManagementFilter@568cbf8d, org.springframework.security.web.access.ExceptionTranslationFilter@3db145f7, org.springframework.security.web.access.intercept.FilterSecurityInterceptor@fdeec12]
2026-06-05 15:16:02.067  INFO 22948 --- [main] o.s.b.w.embedded.tomcat.TomcatWebServer  : Tomcat started on port(s): 8080 (http) with context path '/api'
2026-06-05 15:16:02.792  INFO 22948 --- [main] o.s.a.r.c.CachingConnectionFactory       : Attempting to connect to: [localhost:5672]
2026-06-05 15:16:02.876  INFO 22948 --- [main] o.s.a.r.c.CachingConnectionFactory       : Created new connection: rabbitConnectionFactory#80b6098:0/SimpleConnection@5a640f98 [delegate=amqp://user@127.0.0.1:5672/, localPort= 7577]
2026-06-05 15:16:03.044  INFO 22948 --- [main] eden.EdenApplication                     : Started EdenApplication in 21.218 seconds (JVM running for 22.89)
2026-06-05 15:16:03.396  INFO 22948 --- [RMI TCP Connection(1)-169.254.83.107] o.a.c.c.C.[Tomcat].[localhost].[/api]    : Initializing Spring DispatcherServlet 'dispatcherServlet'
2026-06-05 15:16:03.396  INFO 22948 --- [RMI TCP Connection(1)-169.254.83.107] o.s.web.servlet.DispatcherServlet        : Initializing Servlet 'dispatcherServlet'
2026-06-05 15:16:03.398  INFO 22948 --- [RMI TCP Connection(1)-169.254.83.107] o.s.web.servlet.DispatcherServlet        : Completed initialization in 1 ms
2026-06-05 15:16:03.398  INFO 22948 --- [RMI TCP Connection(3)-169.254.83.107] com.zaxxer.hikari.HikariDataSource       : EdenHikariCP - Starting...
2026-06-05 15:16:03.662  INFO 22948 --- [RMI TCP Connection(3)-169.254.83.107] com.zaxxer.hikari.HikariDataSource       : EdenHikariCP - Start completed.
2026-06-05 15:17:00.014  INFO 22948 --- [scheduling-1] eden.service.task.OrderTask              : 开始执行订单超时关闭任务...
2026-06-05 15:17:00.432  INFO 22948 --- [scheduling-1] eden.service.task.PromotionTask          : 开始刷新秒杀活动生命周期状态...
2026-06-05 15:17:00.524  INFO 22948 --- [scheduling-1] eden.service.task.PromotionTask          : 更新了 1 个已结束的秒杀活动
2026-06-05 15:18:00.005  INFO 22948 --- [scheduling-1] eden.service.task.PromotionTask          : 开始刷新秒杀活动生命周期状态...
2026-06-05 15:18:00.029  INFO 22948 --- [scheduling-1] eden.service.task.OrderTask              : 开始执行订单超时关闭任务...
2026-06-05 15:19:00.004  INFO 22948 --- [scheduling-1] eden.service.task.PromotionTask          : 开始刷新秒杀活动生命周期状态...
2026-06-05 15:19:00.024  INFO 22948 --- [scheduling-1] eden.service.task.OrderTask              : 开始执行订单超时关闭任务...
2026-06-05 15:20:00.007  INFO 22948 --- [scheduling-1] eden.service.task.OrderTask              : 开始执行订单超时关闭任务...
2026-06-05 15:20:00.017  INFO 22948 --- [scheduling-1] eden.service.task.PromotionTask          : 开始刷新秒杀活动生命周期状态...
2026-06-05 15:21:00.005  INFO 22948 --- [scheduling-1] eden.service.task.OrderTask              : 开始执行订单超时关闭任务...
2026-06-05 15:21:00.015  INFO 22948 --- [scheduling-1] eden.service.task.PromotionTask          : 开始刷新秒杀活动生命周期状态...
2026-06-05 15:22:00.008  INFO 22948 --- [scheduling-1] eden.service.task.PromotionTask          : 开始刷新秒杀活动生命周期状态...
2026-06-05 15:22:00.034  INFO 22948 --- [scheduling-1] eden.service.task.OrderTask              : 开始执行订单超时关闭任务...
2026-06-05 15:23:00.011  INFO 22948 --- [scheduling-1] eden.service.task.OrderTask              : 开始执行订单超时关闭任务...
2026-06-05 15:23:00.019  INFO 22948 --- [scheduling-1] eden.service.task.PromotionTask          : 开始刷新秒杀活动生命周期状态...
2026-06-05 15:24:00.012  INFO 22948 --- [scheduling-1] eden.service.task.PromotionTask          : 开始刷新秒杀活动生命周期状态...
2026-06-05 15:24:00.030  INFO 22948 --- [scheduling-1] eden.service.task.OrderTask              : 开始执行订单超时关闭任务...
2026-06-05 15:25:00.007  INFO 22948 --- [scheduling-1] eden.service.task.OrderTask              : 开始执行订单超时关闭任务...
2026-06-05 15:25:00.017  INFO 22948 --- [scheduling-1] eden.service.task.PromotionTask          : 开始刷新秒杀活动生命周期状态...
2026-06-05 15:26:00.011  INFO 22948 --- [scheduling-1] eden.service.task.PromotionTask          : 开始刷新秒杀活动生命周期状态...
2026-06-05 15:26:00.032  INFO 22948 --- [scheduling-1] eden.service.task.OrderTask              : 开始执行订单超时关闭任务...
2026-06-05 15:27:00.002  INFO 22948 --- [scheduling-1] eden.service.task.PromotionTask          : 开始刷新秒杀活动生命周期状态...
2026-06-05 15:27:00.088  INFO 22948 --- [scheduling-1] eden.service.task.OrderTask              : 开始执行订单超时关闭任务...
2026-06-05 15:28:00.009  INFO 22948 --- [scheduling-1] eden.service.task.PromotionTask          : 开始刷新秒杀活动生命周期状态...
2026-06-05 15:28:00.037  INFO 22948 --- [scheduling-1] eden.service.task.OrderTask              : 开始执行订单超时关闭任务...
2026-06-05 15:29:00.009  INFO 22948 --- [scheduling-1] eden.service.task.OrderTask              : 开始执行订单超时关闭任务...
2026-06-05 15:29:00.017  INFO 22948 --- [scheduling-1] eden.service.task.PromotionTask          : 开始刷新秒杀活动生命周期状态...
2026-06-05 15:30:00.014  INFO 22948 --- [scheduling-1] eden.service.task.PromotionTask          : 开始刷新秒杀活动生命周期状态...
2026-06-05 15:30:00.043  INFO 22948 --- [scheduling-1] eden.service.task.OrderTask              : 开始执行订单超时关闭任务...
2026-06-05 15:31:00.009  INFO 22948 --- [scheduling-1] eden.service.task.PromotionTask          : 开始刷新秒杀活动生命周期状态...
2026-06-05 15:31:00.037  INFO 22948 --- [scheduling-1] eden.service.task.OrderTask              : 开始执行订单超时关闭任务...
2026-06-05 15:32:00.022  INFO 22948 --- [scheduling-1] eden.service.task.OrderTask              : 开始执行订单超时关闭任务...
2026-06-05 15:32:00.097  INFO 22948 --- [scheduling-1] eden.service.task.PromotionTask          : 开始刷新秒杀活动生命周期状态...
2026-06-05 15:33:00.005  INFO 22948 --- [scheduling-1] eden.service.task.OrderTask              : 开始执行订单超时关闭任务...
2026-06-05 15:33:00.051  INFO 22948 --- [scheduling-1] eden.service.task.PromotionTask          : 开始刷新秒杀活动生命周期状态...
2026-06-05 15:34:00.004  INFO 22948 --- [scheduling-1] eden.service.task.PromotionTask          : 开始刷新秒杀活动生命周期状态...
2026-06-05 15:34:00.020  INFO 22948 --- [scheduling-1] eden.service.task.OrderTask              : 开始执行订单超时关闭任务...
2026-06-05 15:35:00.015  INFO 22948 --- [scheduling-1] eden.service.task.OrderTask              : 开始执行订单超时关闭任务...
2026-06-05 15:35:00.027  INFO 22948 --- [scheduling-1] eden.service.task.PromotionTask          : 开始刷新秒杀活动生命周期状态...
2026-06-05 15:36:00.008  INFO 22948 --- [scheduling-1] eden.service.task.PromotionTask          : 开始刷新秒杀活动生命周期状态...
2026-06-05 15:36:00.029  INFO 22948 --- [scheduling-1] eden.service.task.OrderTask              : 开始执行订单超时关闭任务...
2026-06-05 15:37:00.005  INFO 22948 --- [scheduling-1] eden.service.task.OrderTask              : 开始执行订单超时关闭任务...
2026-06-05 15:37:00.073  INFO 22948 --- [scheduling-1] eden.service.task.PromotionTask          : 开始刷新秒杀活动生命周期状态...
2026-06-05 15:38:00.010  INFO 22948 --- [scheduling-1] eden.service.task.OrderTask              : 开始执行订单超时关闭任务...
2026-06-05 15:38:00.034  INFO 22948 --- [scheduling-1] eden.service.task.PromotionTask          : 开始刷新秒杀活动生命周期状态...
2026-06-05 15:39:00.013  INFO 22948 --- [scheduling-1] eden.service.task.PromotionTask          : 开始刷新秒杀活动生命周期状态...
2026-06-05 15:39:00.042  INFO 22948 --- [scheduling-1] eden.service.task.OrderTask              : 开始执行订单超时关闭任务...
2026-06-05 15:40:00.000  INFO 22948 --- [scheduling-1] eden.service.task.OrderTask              : 开始执行订单超时关闭任务...
2026-06-05 15:40:00.015  INFO 22948 --- [scheduling-1] eden.service.task.PromotionTask          : 开始刷新秒杀活动生命周期状态...
2026-06-05 15:41:00.014  INFO 22948 --- [scheduling-1] eden.service.task.PromotionTask          : 开始刷新秒杀活动生命周期状态...
2026-06-05 15:41:00.036  INFO 22948 --- [scheduling-1] eden.service.task.OrderTask              : 开始执行订单超时关闭任务...
2026-06-05 15:42:00.005  INFO 22948 --- [scheduling-1] eden.service.task.PromotionTask          : 开始刷新秒杀活动生命周期状态...
2026-06-05 15:42:00.019  INFO 22948 --- [scheduling-1] eden.service.task.OrderTask              : 开始执行订单超时关闭任务...
2026-06-05 15:43:00.004  INFO 22948 --- [scheduling-1] eden.service.task.PromotionTask          : 开始刷新秒杀活动生命周期状态...
2026-06-05 15:43:00.025  INFO 22948 --- [scheduling-1] eden.service.task.OrderTask              : 开始执行订单超时关闭任务...
2026-06-05 15:44:00.001  INFO 22948 --- [scheduling-1] eden.service.task.PromotionTask          : 开始刷新秒杀活动生命周期状态...
2026-06-05 15:44:00.072  INFO 22948 --- [scheduling-1] eden.service.task.OrderTask              : 开始执行订单超时关闭任务...
2026-06-05 15:45:00.045  INFO 22948 --- [scheduling-1] eden.service.task.PromotionTask          : 开始刷新秒杀活动生命周期状态...
2026-06-05 15:45:00.059  INFO 22948 --- [scheduling-1] eden.service.task.OrderTask              : 开始执行订单超时关闭任务...
2026-06-05 15:46:00.009  INFO 22948 --- [scheduling-1] eden.service.task.OrderTask              : 开始执行订单超时关闭任务...
2026-06-05 15:46:00.023  INFO 22948 --- [scheduling-1] eden.service.task.PromotionTask          : 开始刷新秒杀活动生命周期状态...
2026-06-05 15:47:00.003  INFO 22948 --- [scheduling-1] eden.service.task.OrderTask              : 开始执行订单超时关闭任务...
2026-06-05 15:47:00.022  INFO 22948 --- [scheduling-1] eden.service.task.PromotionTask          : 开始刷新秒杀活动生命周期状态...
2026-06-05 15:48:00.006  INFO 22948 --- [scheduling-1] eden.service.task.PromotionTask          : 开始刷新秒杀活动生命周期状态...
2026-06-05 15:48:00.022  INFO 22948 --- [scheduling-1] eden.service.task.OrderTask              : 开始执行订单超时关闭任务...
2026-06-05 15:49:00.015  INFO 22948 --- [scheduling-1] eden.service.task.PromotionTask          : 开始刷新秒杀活动生命周期状态...
2026-06-05 15:49:00.033  INFO 22948 --- [scheduling-1] eden.service.task.OrderTask              : 开始执行订单超时关闭任务...
2026-06-05 15:50:00.015  INFO 22948 --- [scheduling-1] eden.service.task.PromotionTask          : 开始刷新秒杀活动生命周期状态...
2026-06-05 15:50:00.033  INFO 22948 --- [scheduling-1] eden.service.task.OrderTask              : 开始执行订单超时关闭任务...
2026-06-05 15:51:00.003  INFO 22948 --- [scheduling-1] eden.service.task.PromotionTask          : 开始刷新秒杀活动生命周期状态...
2026-06-05 15:51:00.015  INFO 22948 --- [scheduling-1] eden.service.task.OrderTask              : 开始执行订单超时关闭任务...
2026-06-05 15:52:00.013  INFO 22948 --- [scheduling-1] eden.service.task.OrderTask              : 开始执行订单超时关闭任务...
2026-06-05 15:52:00.059  INFO 22948 --- [scheduling-1] eden.service.task.PromotionTask          : 开始刷新秒杀活动生命周期状态...
2026-06-05 15:53:00.013  INFO 22948 --- [scheduling-1] eden.service.task.PromotionTask          : 开始刷新秒杀活动生命周期状态...
2026-06-05 15:53:00.027  INFO 22948 --- [scheduling-1] eden.service.task.OrderTask              : 开始执行订单超时关闭任务...
2026-06-05 15:54:00.014  INFO 22948 --- [scheduling-1] eden.service.task.PromotionTask          : 开始刷新秒杀活动生命周期状态...
2026-06-05 15:54:00.065  INFO 22948 --- [scheduling-1] eden.service.task.OrderTask              : 开始执行订单超时关闭任务...
2026-06-05 15:55:00.004  INFO 22948 --- [scheduling-1] eden.service.task.OrderTask              : 开始执行订单超时关闭任务...
2026-06-05 15:55:00.013  INFO 22948 --- [scheduling-1] eden.service.task.PromotionTask          : 开始刷新秒杀活动生命周期状态...
2026-06-05 15:56:00.015  INFO 22948 --- [scheduling-1] eden.service.task.OrderTask              : 开始执行订单超时关闭任务...
2026-06-05 15:56:00.032  INFO 22948 --- [scheduling-1] eden.service.task.PromotionTask          : 开始刷新秒杀活动生命周期状态...
2026-06-05 15:57:00.001  INFO 22948 --- [scheduling-1] eden.service.task.PromotionTask          : 开始刷新秒杀活动生命周期状态...
2026-06-05 15:57:00.074  INFO 22948 --- [scheduling-1] eden.service.task.OrderTask              : 开始执行订单超时关闭任务...
2026-06-05 15:58:00.011  INFO 22948 --- [scheduling-1] eden.service.task.OrderTask              : 开始执行订单超时关闭任务...
2026-06-05 15:58:00.019  INFO 22948 --- [scheduling-1] eden.service.task.PromotionTask          : 开始刷新秒杀活动生命周期状态...
2026-06-05 15:59:00.006  INFO 22948 --- [scheduling-1] eden.service.task.OrderTask              : 开始执行订单超时关闭任务...
2026-06-05 15:59:00.015  INFO 22948 --- [scheduling-1] eden.service.task.PromotionTask          : 开始刷新秒杀活动生命周期状态...
2026-06-05 16:00:00.006  INFO 22948 --- [scheduling-1] eden.service.task.PromotionTask          : 开始刷新秒杀活动生命周期状态...
2026-06-05 16:00:00.016  INFO 22948 --- [scheduling-1] eden.service.task.OrderTask              : 开始执行订单超时关闭任务...
2026-06-05 16:01:00.007  INFO 22948 --- [scheduling-1] eden.service.task.PromotionTask          : 开始刷新秒杀活动生命周期状态...
2026-06-05 16:01:00.019  INFO 22948 --- [scheduling-1] eden.service.task.OrderTask              : 开始执行订单超时关闭任务...
2026-06-05 16:02:00.014  INFO 22948 --- [scheduling-1] eden.service.task.OrderTask              : 开始执行订单超时关闭任务...
2026-06-05 16:02:00.019  INFO 22948 --- [scheduling-1] eden.service.task.PromotionTask          : 开始刷新秒杀活动生命周期状态...
2026-06-05 16:03:00.007  INFO 22948 --- [scheduling-1] eden.service.task.OrderTask              : 开始执行订单超时关闭任务...
2026-06-05 16:03:00.013  INFO 22948 --- [scheduling-1] eden.service.task.PromotionTask          : 开始刷新秒杀活动生命周期状态...
2026-06-05 16:04:00.008  INFO 22948 --- [scheduling-1] eden.service.task.OrderTask              : 开始执行订单超时关闭任务...
2026-06-05 16:04:00.012  INFO 22948 --- [scheduling-1] eden.service.task.PromotionTask          : 开始刷新秒杀活动生命周期状态...
2026-06-05 16:05:00.002  INFO 22948 --- [scheduling-1] eden.service.task.PromotionTask          : 开始刷新秒杀活动生命周期状态...
2026-06-05 16:05:00.012  INFO 22948 --- [scheduling-1] eden.service.task.OrderTask              : 开始执行订单超时关闭任务...
2026-06-05 16:06:00.007  INFO 22948 --- [scheduling-1] eden.service.task.PromotionTask          : 开始刷新秒杀活动生命周期状态...
2026-06-05 16:06:00.017  INFO 22948 --- [scheduling-1] eden.service.task.OrderTask              : 开始执行订单超时关闭任务...
2026-06-05 16:07:00.006  INFO 22948 --- [scheduling-1] eden.service.task.PromotionTask          : 开始刷新秒杀活动生命周期状态...
2026-06-05 16:07:00.033  INFO 22948 --- [scheduling-1] eden.service.task.OrderTask              : 开始执行订单超时关闭任务...
2026-06-05 16:08:00.003  INFO 22948 --- [scheduling-1] eden.service.task.OrderTask              : 开始执行订单超时关闭任务...
2026-06-05 16:08:00.034  INFO 22948 --- [scheduling-1] eden.service.task.PromotionTask          : 开始刷新秒杀活动生命周期状态...
2026-06-05 16:09:00.005  INFO 22948 --- [scheduling-1] eden.service.task.OrderTask              : 开始执行订单超时关闭任务...
2026-06-05 16:09:00.027  INFO 22948 --- [scheduling-1] eden.service.task.PromotionTask          : 开始刷新秒杀活动生命周期状态...
2026-06-05 16:10:00.012  INFO 22948 --- [scheduling-1] eden.service.task.PromotionTask          : 开始刷新秒杀活动生命周期状态...
2026-06-05 16:10:00.024  INFO 22948 --- [scheduling-1] eden.service.task.OrderTask              : 开始执行订单超时关闭任务...
2026-06-05 16:11:00.013  INFO 22948 --- [scheduling-1] eden.service.task.OrderTask              : 开始执行订单超时关闭任务...
2026-06-05 16:11:00.020  INFO 22948 --- [scheduling-1] eden.service.task.PromotionTask          : 开始刷新秒杀活动生命周期状态...
2026-06-05 16:12:00.006  INFO 22948 --- [scheduling-1] eden.service.task.OrderTask              : 开始执行订单超时关闭任务...
2026-06-05 16:12:00.025  INFO 22948 --- [scheduling-1] eden.service.task.PromotionTask          : 开始刷新秒杀活动生命周期状态...
2026-06-05 16:13:00.009  INFO 22948 --- [scheduling-1] eden.service.task.OrderTask              : 开始执行订单超时关闭任务...
2026-06-05 16:13:00.015  INFO 22948 --- [scheduling-1] eden.service.task.PromotionTask          : 开始刷新秒杀活动生命周期状态...
2026-06-05 16:14:00.003  INFO 22948 --- [scheduling-1] eden.service.task.OrderTask              : 开始执行订单超时关闭任务...
2026-06-05 16:14:00.023  INFO 22948 --- [scheduling-1] eden.service.task.PromotionTask          : 开始刷新秒杀活动生命周期状态...
2026-06-05 16:15:00.014  INFO 22948 --- [scheduling-1] eden.service.task.PromotionTask          : 开始刷新秒杀活动生命周期状态...
2026-06-05 16:15:00.052  INFO 22948 --- [scheduling-1] eden.service.task.OrderTask              : 开始执行订单超时关闭任务...
2026-06-05 16:16:00.006  INFO 22948 --- [scheduling-1] eden.service.task.OrderTask              : 开始执行订单超时关闭任务...
2026-06-05 16:16:00.036  INFO 22948 --- [scheduling-1] eden.service.task.PromotionTask          : 开始刷新秒杀活动生命周期状态...
2026-06-05 16:17:00.001  INFO 22948 --- [scheduling-1] eden.service.task.PromotionTask          : 开始刷新秒杀活动生命周期状态...
2026-06-05 16:17:00.011  INFO 22948 --- [scheduling-1] eden.service.task.OrderTask              : 开始执行订单超时关闭任务...
2026-06-05 16:18:00.007  INFO 22948 --- [scheduling-1] eden.service.task.OrderTask              : 开始执行订单超时关闭任务...
2026-06-05 16:18:00.013  INFO 22948 --- [scheduling-1] eden.service.task.PromotionTask          : 开始刷新秒杀活动生命周期状态...
2026-06-05 16:19:00.000  INFO 22948 --- [scheduling-1] eden.service.task.OrderTask              : 开始执行订单超时关闭任务...
2026-06-05 16:19:00.005  INFO 22948 --- [scheduling-1] eden.service.task.PromotionTask          : 开始刷新秒杀活动生命周期状态...
2026-06-05 16:20:00.007  INFO 22948 --- [scheduling-1] eden.service.task.OrderTask              : 开始执行订单超时关闭任务...
2026-06-05 16:20:00.014  INFO 22948 --- [scheduling-1] eden.service.task.PromotionTask          : 开始刷新秒杀活动生命周期状态...
2026-06-05 16:21:00.008  INFO 22948 --- [scheduling-1] eden.service.task.OrderTask              : 开始执行订单超时关闭任务...
2026-06-05 16:21:00.030  INFO 22948 --- [scheduling-1] eden.service.task.PromotionTask          : 开始刷新秒杀活动生命周期状态...
2026-06-05 16:22:00.011  INFO 22948 --- [scheduling-1] eden.service.task.PromotionTask          : 开始刷新秒杀活动生命周期状态...
2026-06-05 16:22:00.021  INFO 22948 --- [scheduling-1] eden.service.task.OrderTask              : 开始执行订单超时关闭任务...
2026-06-05 16:23:00.008  INFO 22948 --- [scheduling-1] eden.service.task.OrderTask              : 开始执行订单超时关闭任务...
2026-06-05 16:23:00.029  INFO 22948 --- [scheduling-1] eden.service.task.PromotionTask          : 开始刷新秒杀活动生命周期状态...
2026-06-05 16:24:00.011  INFO 22948 --- [scheduling-1] eden.service.task.OrderTask              : 开始执行订单超时关闭任务...
2026-06-05 16:24:00.017  INFO 22948 --- [scheduling-1] eden.service.task.PromotionTask          : 开始刷新秒杀活动生命周期状态...
2026-06-05 16:25:00.011  INFO 22948 --- [scheduling-1] eden.service.task.PromotionTask          : 开始刷新秒杀活动生命周期状态...
2026-06-05 16:25:00.041  INFO 22948 --- [scheduling-1] eden.service.task.OrderTask              : 开始执行订单超时关闭任务...
2026-06-05 16:26:00.005  INFO 22948 --- [scheduling-1] eden.service.task.OrderTask              : 开始执行订单超时关闭任务...
2026-06-05 16:26:00.013  INFO 22948 --- [scheduling-1] eden.service.task.PromotionTask          : 开始刷新秒杀活动生命周期状态...
2026-06-05 16:27:00.006  INFO 22948 --- [scheduling-1] eden.service.task.OrderTask              : 开始执行订单超时关闭任务...
2026-06-05 16:27:00.035  INFO 22948 --- [scheduling-1] eden.service.task.PromotionTask          : 开始刷新秒杀活动生命周期状态...
2026-06-05 16:28:00.015  INFO 22948 --- [scheduling-1] eden.service.task.OrderTask              : 开始执行订单超时关闭任务...
2026-06-05 16:28:00.046  INFO 22948 --- [scheduling-1] eden.service.task.PromotionTask          : 开始刷新秒杀活动生命周期状态...
2026-06-05 16:29:00.013  INFO 22948 --- [scheduling-1] eden.service.task.PromotionTask          : 开始刷新秒杀活动生命周期状态...
2026-06-05 16:29:00.031  INFO 22948 --- [scheduling-1] eden.service.task.OrderTask              : 开始执行订单超时关闭任务...
2026-06-05 16:30:00.013  INFO 22948 --- [scheduling-1] eden.service.task.PromotionTask          : 开始刷新秒杀活动生命周期状态...
2026-06-05 16:30:00.030  INFO 22948 --- [scheduling-1] eden.service.task.OrderTask              : 开始执行订单超时关闭任务...
2026-06-05 16:31:00.010  INFO 22948 --- [scheduling-1] eden.service.task.OrderTask              : 开始执行订单超时关闭任务...
2026-06-05 16:31:00.017  INFO 22948 --- [scheduling-1] eden.service.task.PromotionTask          : 开始刷新秒杀活动生命周期状态...
2026-06-05 16:32:00.004  INFO 22948 --- [scheduling-1] eden.service.task.OrderTask              : 开始执行订单超时关闭任务...
2026-06-05 16:32:00.012  INFO 22948 --- [scheduling-1] eden.service.task.PromotionTask          : 开始刷新秒杀活动生命周期状态...
2026-06-05 16:33:00.010  INFO 22948 --- [scheduling-1] eden.service.task.OrderTask              : 开始执行订单超时关闭任务...
2026-06-05 16:33:00.034  INFO 22948 --- [scheduling-1] eden.service.task.PromotionTask          : 开始刷新秒杀活动生命周期状态...
2026-06-05 16:34:00.014  INFO 22948 --- [scheduling-1] eden.service.task.OrderTask              : 开始执行订单超时关闭任务...
2026-06-05 16:34:00.036  INFO 22948 --- [scheduling-1] eden.service.task.PromotionTask          : 开始刷新秒杀活动生命周期状态...
2026-06-05 16:35:00.009  INFO 22948 --- [scheduling-1] eden.service.task.PromotionTask          : 开始刷新秒杀活动生命周期状态...
2026-06-05 16:35:00.029  INFO 22948 --- [scheduling-1] eden.service.task.OrderTask              : 开始执行订单超时关闭任务...
2026-06-05 16:36:00.031  INFO 22948 --- [scheduling-1] eden.service.task.OrderTask              : 开始执行订单超时关闭任务...
2026-06-05 16:36:00.039  INFO 22948 --- [scheduling-1] eden.service.task.PromotionTask          : 开始刷新秒杀活动生命周期状态...
2026-06-05 16:37:00.013  INFO 22948 --- [scheduling-1] eden.service.task.OrderTask              : 开始执行订单超时关闭任务...
2026-06-05 16:37:00.035  INFO 22948 --- [scheduling-1] eden.service.task.PromotionTask          : 开始刷新秒杀活动生命周期状态...
2026-06-05 16:38:00.006  INFO 22948 --- [scheduling-1] eden.service.task.PromotionTask          : 开始刷新秒杀活动生命周期状态...
2026-06-05 16:38:00.038  INFO 22948 --- [scheduling-1] eden.service.task.OrderTask              : 开始执行订单超时关闭任务...
2026-06-05 16:39:00.013  INFO 22948 --- [scheduling-1] eden.service.task.PromotionTask          : 开始刷新秒杀活动生命周期状态...
2026-06-05 16:39:00.025  INFO 22948 --- [scheduling-1] eden.service.task.OrderTask              : 开始执行订单超时关闭任务...
2026-06-05 16:40:00.001  INFO 22948 --- [scheduling-1] eden.service.task.OrderTask              : 开始执行订单超时关闭任务...
2026-06-05 16:40:00.015  INFO 22948 --- [scheduling-1] eden.service.task.PromotionTask          : 开始刷新秒杀活动生命周期状态...
2026-06-05 16:41:00.006  INFO 22948 --- [scheduling-1] eden.service.task.OrderTask              : 开始执行订单超时关闭任务...
2026-06-05 16:41:00.012  INFO 22948 --- [scheduling-1] eden.service.task.PromotionTask          : 开始刷新秒杀活动生命周期状态...
2026-06-05 16:42:00.015  INFO 22948 --- [scheduling-1] eden.service.task.OrderTask              : 开始执行订单超时关闭任务...
2026-06-05 16:42:00.022  INFO 22948 --- [scheduling-1] eden.service.task.PromotionTask          : 开始刷新秒杀活动生命周期状态...
2026-06-05 16:43:00.007  INFO 22948 --- [scheduling-1] eden.service.task.PromotionTask          : 开始刷新秒杀活动生命周期状态...
2026-06-05 16:43:00.018  INFO 22948 --- [scheduling-1] eden.service.task.OrderTask              : 开始执行订单超时关闭任务...
2026-06-05 16:44:00.007  INFO 22948 --- [scheduling-1] eden.service.task.OrderTask              : 开始执行订单超时关闭任务...
2026-06-05 16:44:00.025  INFO 22948 --- [scheduling-1] eden.service.task.PromotionTask          : 开始刷新秒杀活动生命周期状态...
2026-06-05 16:45:00.015  INFO 22948 --- [scheduling-1] eden.service.task.OrderTask              : 开始执行订单超时关闭任务...
2026-06-05 16:45:00.105  INFO 22948 --- [scheduling-1] eden.service.task.PromotionTask          : 开始刷新秒杀活动生命周期状态...
2026-06-05 16:46:00.010  INFO 22948 --- [scheduling-1] eden.service.task.OrderTask              : 开始执行订单超时关闭任务...
2026-06-05 16:46:00.052  INFO 22948 --- [scheduling-1] eden.service.task.PromotionTask          : 开始刷新秒杀活动生命周期状态...
2026-06-05 16:47:00.012  INFO 22948 --- [scheduling-1] eden.service.task.OrderTask              : 开始执行订单超时关闭任务...
2026-06-05 16:47:00.023  INFO 22948 --- [scheduling-1] eden.service.task.PromotionTask          : 开始刷新秒杀活动生命周期状态...
2026-06-05 16:48:00.006  INFO 22948 --- [scheduling-1] eden.service.task.OrderTask              : 开始执行订单超时关闭任务...
2026-06-05 16:48:00.017  INFO 22948 --- [scheduling-1] eden.service.task.PromotionTask          : 开始刷新秒杀活动生命周期状态...
2026-06-05 16:49:00.014  INFO 22948 --- [scheduling-1] eden.service.task.OrderTask              : 开始执行订单超时关闭任务...
2026-06-05 16:49:00.046  INFO 22948 --- [scheduling-1] eden.service.task.PromotionTask          : 开始刷新秒杀活动生命周期状态...
2026-06-05 16:50:00.015  INFO 22948 --- [scheduling-1] eden.service.task.PromotionTask          : 开始刷新秒杀活动生命周期状态...
2026-06-05 16:50:00.027  INFO 22948 --- [scheduling-1] eden.service.task.OrderTask              : 开始执行订单超时关闭任务...
2026-06-05 16:51:00.002  INFO 22948 --- [scheduling-1] eden.service.task.OrderTask              : 开始执行订单超时关闭任务...
2026-06-05 16:51:00.011  INFO 22948 --- [scheduling-1] eden.service.task.PromotionTask          : 开始刷新秒杀活动生命周期状态...
2026-06-05 16:52:00.014  INFO 22948 --- [scheduling-1] eden.service.task.PromotionTask          : 开始刷新秒杀活动生命周期状态...
2026-06-05 16:52:00.026  INFO 22948 --- [scheduling-1] eden.service.task.OrderTask              : 开始执行订单超时关闭任务...
2026-06-05 16:53:00.000  INFO 22948 --- [scheduling-1] eden.service.task.OrderTask              : 开始执行订单超时关闭任务...
2026-06-05 16:53:00.021  INFO 22948 --- [scheduling-1] eden.service.task.PromotionTask          : 开始刷新秒杀活动生命周期状态...
2026-06-05 16:54:00.004  INFO 22948 --- [scheduling-1] eden.service.task.PromotionTask          : 开始刷新秒杀活动生命周期状态...
2026-06-05 16:54:00.019  INFO 22948 --- [scheduling-1] eden.service.task.OrderTask              : 开始执行订单超时关闭任务...
2026-06-05 16:55:00.012  INFO 22948 --- [scheduling-1] eden.service.task.PromotionTask          : 开始刷新秒杀活动生命周期状态...
2026-06-05 16:55:00.042  INFO 22948 --- [scheduling-1] eden.service.task.OrderTask              : 开始执行订单超时关闭任务...
2026-06-05 16:56:00.015  INFO 22948 --- [scheduling-1] eden.service.task.PromotionTask          : 开始刷新秒杀活动生命周期状态...
2026-06-05 16:56:00.027  INFO 22948 --- [scheduling-1] eden.service.task.OrderTask              : 开始执行订单超时关闭任务...
2026-06-05 16:57:00.003  INFO 22948 --- [scheduling-1] eden.service.task.PromotionTask          : 开始刷新秒杀活动生命周期状态...
2026-06-05 16:57:00.022  INFO 22948 --- [scheduling-1] eden.service.task.OrderTask              : 开始执行订单超时关闭任务...
2026-06-05 16:58:00.004  INFO 22948 --- [scheduling-1] eden.service.task.PromotionTask          : 开始刷新秒杀活动生命周期状态...
2026-06-05 16:58:00.019  INFO 22948 --- [scheduling-1] eden.service.task.OrderTask              : 开始执行订单超时关闭任务...
2026-06-05 16:59:00.006  INFO 22948 --- [scheduling-1] eden.service.task.PromotionTask          : 开始刷新秒杀活动生命周期状态...
2026-06-05 16:59:00.021  INFO 22948 --- [scheduling-1] eden.service.task.OrderTask              : 开始执行订单超时关闭任务...
2026-06-05 17:00:00.015  INFO 22948 --- [scheduling-1] eden.service.task.OrderTask              : 开始执行订单超时关闭任务...
2026-06-05 17:00:00.039  INFO 22948 --- [scheduling-1] eden.service.task.PromotionTask          : 开始刷新秒杀活动生命周期状态...
2026-06-05 17:01:00.013  INFO 22948 --- [scheduling-1] eden.service.task.OrderTask              : 开始执行订单超时关闭任务...
2026-06-05 17:01:00.022  INFO 22948 --- [scheduling-1] eden.service.task.PromotionTask          : 开始刷新秒杀活动生命周期状态...
2026-06-05 17:02:00.021  INFO 22948 --- [scheduling-1] eden.service.task.PromotionTask          : 开始刷新秒杀活动生命周期状态...
2026-06-05 17:02:00.038  INFO 22948 --- [scheduling-1] eden.service.task.OrderTask              : 开始执行订单超时关闭任务...
2026-06-05 17:03:00.000  INFO 22948 --- [scheduling-1] eden.service.task.PromotionTask          : 开始刷新秒杀活动生命周期状态...
2026-06-05 17:03:00.013  INFO 22948 --- [scheduling-1] eden.service.task.OrderTask              : 开始执行订单超时关闭任务...
2026-06-05 17:04:00.007  INFO 22948 --- [scheduling-1] eden.service.task.PromotionTask          : 开始刷新秒杀活动生命周期状态...
2026-06-05 17:04:00.028  INFO 22948 --- [scheduling-1] eden.service.task.OrderTask              : 开始执行订单超时关闭任务...
2026-06-05 17:05:00.007  INFO 22948 --- [scheduling-1] eden.service.task.OrderTask              : 开始执行订单超时关闭任务...
2026-06-05 17:05:00.014  INFO 22948 --- [scheduling-1] eden.service.task.PromotionTask          : 开始刷新秒杀活动生命周期状态...
2026-06-05 17:06:00.002  INFO 22948 --- [scheduling-1] eden.service.task.OrderTask              : 开始执行订单超时关闭任务...
2026-06-05 17:06:00.010  INFO 22948 --- [scheduling-1] eden.service.task.PromotionTask          : 开始刷新秒杀活动生命周期状态...
2026-06-05 17:07:00.001  INFO 22948 --- [scheduling-1] eden.service.task.OrderTask              : 开始执行订单超时关闭任务...
2026-06-05 17:07:00.019  INFO 22948 --- [scheduling-1] eden.service.task.PromotionTask          : 开始刷新秒杀活动生命周期状态...
2026-06-05 17:08:00.000  INFO 22948 --- [scheduling-1] eden.service.task.OrderTask              : 开始执行订单超时关闭任务...
2026-06-05 17:08:00.009  INFO 22948 --- [scheduling-1] eden.service.task.PromotionTask          : 开始刷新秒杀活动生命周期状态...
2026-06-05 17:09:00.015  INFO 22948 --- [scheduling-1] eden.service.task.OrderTask              : 开始执行订单超时关闭任务...
2026-06-05 17:09:00.023  INFO 22948 --- [scheduling-1] eden.service.task.PromotionTask          : 开始刷新秒杀活动生命周期状态...
2026-06-05 17:10:00.004  INFO 22948 --- [scheduling-1] eden.service.task.OrderTask              : 开始执行订单超时关闭任务...
2026-06-05 17:10:00.012  INFO 22948 --- [scheduling-1] eden.service.task.PromotionTask          : 开始刷新秒杀活动生命周期状态...
2026-06-05 17:11:00.016  INFO 22948 --- [scheduling-1] eden.service.task.PromotionTask          : 开始刷新秒杀活动生命周期状态...
2026-06-05 17:11:00.028  INFO 22948 --- [scheduling-1] eden.service.task.OrderTask              : 开始执行订单超时关闭任务...
2026-06-05 17:12:00.014  INFO 22948 --- [scheduling-1] eden.service.task.PromotionTask          : 开始刷新秒杀活动生命周期状态...
2026-06-05 17:12:00.037  INFO 22948 --- [scheduling-1] eden.service.task.OrderTask              : 开始执行订单超时关闭任务...
2026-06-05 17:13:00.000  INFO 22948 --- [scheduling-1] eden.service.task.PromotionTask          : 开始刷新秒杀活动生命周期状态...
2026-06-05 17:13:00.013  INFO 22948 --- [scheduling-1] eden.service.task.OrderTask              : 开始执行订单超时关闭任务...
2026-06-05 17:14:00.000  INFO 22948 --- [scheduling-1] eden.service.task.OrderTask              : 开始执行订单超时关闭任务...
2026-06-05 17:14:00.012  INFO 22948 --- [scheduling-1] eden.service.task.PromotionTask          : 开始刷新秒杀活动生命周期状态...
2026-06-05 17:15:00.008  INFO 22948 --- [scheduling-1] eden.service.task.PromotionTask          : 开始刷新秒杀活动生命周期状态...
2026-06-05 17:15:00.022  INFO 22948 --- [scheduling-1] eden.service.task.OrderTask              : 开始执行订单超时关闭任务...
2026-06-05 17:16:00.015  INFO 22948 --- [scheduling-1] eden.service.task.OrderTask              : 开始执行订单超时关闭任务...
2026-06-05 17:16:00.026  INFO 22948 --- [scheduling-1] eden.service.task.PromotionTask          : 开始刷新秒杀活动生命周期状态...
2026-06-05 17:17:00.008  INFO 22948 --- [scheduling-1] eden.service.task.OrderTask              : 开始执行订单超时关闭任务...
2026-06-05 17:17:00.026  INFO 22948 --- [scheduling-1] eden.service.task.PromotionTask          : 开始刷新秒杀活动生命周期状态...
2026-06-05 17:18:00.005  INFO 22948 --- [scheduling-1] eden.service.task.PromotionTask          : 开始刷新秒杀活动生命周期状态...
2026-06-05 17:18:00.029  INFO 22948 --- [scheduling-1] eden.service.task.OrderTask              : 开始执行订单超时关闭任务...
2026-06-05 17:19:00.009  INFO 22948 --- [scheduling-1] eden.service.task.OrderTask              : 开始执行订单超时关闭任务...
2026-06-05 17:19:00.015  INFO 22948 --- [scheduling-1] eden.service.task.PromotionTask          : 开始刷新秒杀活动生命周期状态...
2026-06-05 17:20:00.007  INFO 22948 --- [scheduling-1] eden.service.task.OrderTask              : 开始执行订单超时关闭任务...
2026-06-05 17:20:00.030  INFO 22948 --- [scheduling-1] eden.service.task.PromotionTask          : 开始刷新秒杀活动生命周期状态...
2026-06-05 17:21:00.000  INFO 22948 --- [scheduling-1] eden.service.task.PromotionTask          : 开始刷新秒杀活动生命周期状态...
2026-06-05 17:21:00.011  INFO 22948 --- [scheduling-1] eden.service.task.OrderTask              : 开始执行订单超时关闭任务...
2026-06-05 17:22:00.005  INFO 22948 --- [scheduling-1] eden.service.task.OrderTask              : 开始执行订单超时关闭任务...
2026-06-05 17:22:00.018  INFO 22948 --- [scheduling-1] eden.service.task.PromotionTask          : 开始刷新秒杀活动生命周期状态...
2026-06-05 17:23:00.006  INFO 22948 --- [scheduling-1] eden.service.task.PromotionTask          : 开始刷新秒杀活动生命周期状态...
2026-06-05 17:23:00.037  INFO 22948 --- [scheduling-1] eden.service.task.OrderTask              : 开始执行订单超时关闭任务...
2026-06-05 17:24:00.001  INFO 22948 --- [scheduling-1] eden.service.task.PromotionTask          : 开始刷新秒杀活动生命周期状态...
2026-06-05 17:24:00.014  INFO 22948 --- [scheduling-1] eden.service.task.OrderTask              : 开始执行订单超时关闭任务...
2026-06-05 17:25:00.010  INFO 22948 --- [scheduling-1] eden.service.task.OrderTask              : 开始执行订单超时关闭任务...
2026-06-05 17:25:00.019  INFO 22948 --- [scheduling-1] eden.service.task.PromotionTask          : 开始刷新秒杀活动生命周期状态...
2026-06-05 17:26:00.014  INFO 22948 --- [scheduling-1] eden.service.task.OrderTask              : 开始执行订单超时关闭任务...
2026-06-05 17:26:00.033  INFO 22948 --- [scheduling-1] eden.service.task.PromotionTask          : 开始刷新秒杀活动生命周期状态...
2026-06-05 17:27:00.009  INFO 22948 --- [scheduling-1] eden.service.task.PromotionTask          : 开始刷新秒杀活动生命周期状态...
2026-06-05 17:27:00.018  INFO 22948 --- [scheduling-1] eden.service.task.OrderTask              : 开始执行订单超时关闭任务...
2026-06-05 17:28:00.011  INFO 22948 --- [scheduling-1] eden.service.task.OrderTask              : 开始执行订单超时关闭任务...
2026-06-05 17:28:00.056  INFO 22948 --- [scheduling-1] eden.service.task.PromotionTask          : 开始刷新秒杀活动生命周期状态...
2026-06-05 17:29:00.014  INFO 22948 --- [scheduling-1] eden.service.task.OrderTask              : 开始执行订单超时关闭任务...
2026-06-05 17:29:00.039  INFO 22948 --- [scheduling-1] eden.service.task.PromotionTask          : 开始刷新秒杀活动生命周期状态...
2026-06-05 17:30:00.000  INFO 22948 --- [scheduling-1] eden.service.task.OrderTask              : 开始执行订单超时关闭任务...
2026-06-05 17:30:00.018  INFO 22948 --- [scheduling-1] eden.service.task.PromotionTask          : 开始刷新秒杀活动生命周期状态...
2026-06-05 17:31:00.006  INFO 22948 --- [scheduling-1] eden.service.task.PromotionTask          : 开始刷新秒杀活动生命周期状态...
2026-06-05 17:31:00.038  INFO 22948 --- [scheduling-1] eden.service.task.OrderTask              : 开始执行订单超时关闭任务...
2026-06-05 17:32:00.007  INFO 22948 --- [scheduling-1] eden.service.task.OrderTask              : 开始执行订单超时关闭任务...
2026-06-05 17:32:00.013  INFO 22948 --- [scheduling-1] eden.service.task.PromotionTask          : 开始刷新秒杀活动生命周期状态...
2026-06-05 17:33:00.013  INFO 22948 --- [scheduling-1] eden.service.task.OrderTask              : 开始执行订单超时关闭任务...
2026-06-05 17:33:00.040  INFO 22948 --- [scheduling-1] eden.service.task.PromotionTask          : 开始刷新秒杀活动生命周期状态...
2026-06-05 17:34:00.011  INFO 22948 --- [scheduling-1] eden.service.task.OrderTask              : 开始执行订单超时关闭任务...
2026-06-05 17:34:00.046  INFO 22948 --- [scheduling-1] eden.service.task.PromotionTask          : 开始刷新秒杀活动生命周期状态...
2026-06-05 17:35:00.014  INFO 22948 --- [scheduling-1] eden.service.task.OrderTask              : 开始执行订单超时关闭任务...
2026-06-05 17:35:00.034  INFO 22948 --- [scheduling-1] eden.service.task.PromotionTask          : 开始刷新秒杀活动生命周期状态...
2026-06-05 17:36:00.013  INFO 22948 --- [scheduling-1] eden.service.task.OrderTask              : 开始执行订单超时关闭任务...
2026-06-05 17:36:00.022  INFO 22948 --- [scheduling-1] eden.service.task.PromotionTask          : 开始刷新秒杀活动生命周期状态...
2026-06-05 17:37:00.007  INFO 22948 --- [scheduling-1] eden.service.task.PromotionTask          : 开始刷新秒杀活动生命周期状态...
2026-06-05 17:37:00.037  INFO 22948 --- [scheduling-1] eden.service.task.OrderTask              : 开始执行订单超时关闭任务...
2026-06-05 17:38:00.008  INFO 22948 --- [scheduling-1] eden.service.task.PromotionTask          : 开始刷新秒杀活动生命周期状态...
2026-06-05 17:38:00.022  INFO 22948 --- [scheduling-1] eden.service.task.OrderTask              : 开始执行订单超时关闭任务...
2026-06-05 17:39:00.010  INFO 22948 --- [scheduling-1] eden.service.task.PromotionTask          : 开始刷新秒杀活动生命周期状态...
2026-06-05 17:39:00.024  INFO 22948 --- [scheduling-1] eden.service.task.OrderTask              : 开始执行订单超时关闭任务...
2026-06-05 17:40:00.011  INFO 22948 --- [scheduling-1] eden.service.task.PromotionTask          : 开始刷新秒杀活动生命周期状态...
2026-06-05 17:40:00.025  INFO 22948 --- [scheduling-1] eden.service.task.OrderTask              : 开始执行订单超时关闭任务...
2026-06-05 17:41:00.012  INFO 22948 --- [scheduling-1] eden.service.task.PromotionTask          : 开始刷新秒杀活动生命周期状态...
2026-06-05 17:41:00.022  INFO 22948 --- [scheduling-1] eden.service.task.OrderTask              : 开始执行订单超时关闭任务...
2026-06-05 17:42:00.010  INFO 22948 --- [scheduling-1] eden.service.task.OrderTask              : 开始执行订单超时关闭任务...
2026-06-05 17:42:00.031  INFO 22948 --- [scheduling-1] eden.service.task.PromotionTask          : 开始刷新秒杀活动生命周期状态...
2026-06-05 17:43:00.005  INFO 22948 --- [scheduling-1] eden.service.task.PromotionTask          : 开始刷新秒杀活动生命周期状态...
2026-06-05 17:43:00.030  INFO 22948 --- [scheduling-1] eden.service.task.OrderTask              : 开始执行订单超时关闭任务...
2026-06-05 17:44:00.009  INFO 22948 --- [scheduling-1] eden.service.task.OrderTask              : 开始执行订单超时关闭任务...
2026-06-05 17:44:00.044  INFO 22948 --- [scheduling-1] eden.service.task.PromotionTask          : 开始刷新秒杀活动生命周期状态...
2026-06-05 17:45:00.004  INFO 22948 --- [scheduling-1] eden.service.task.PromotionTask          : 开始刷新秒杀活动生命周期状态...
2026-06-05 17:45:00.019  INFO 22948 --- [scheduling-1] eden.service.task.OrderTask              : 开始执行订单超时关闭任务...
2026-06-05 17:46:00.001  INFO 22948 --- [scheduling-1] eden.service.task.PromotionTask          : 开始刷新秒杀活动生命周期状态...
2026-06-05 17:46:00.016  INFO 22948 --- [scheduling-1] eden.service.task.OrderTask              : 开始执行订单超时关闭任务...
2026-06-05 17:47:00.005  INFO 22948 --- [scheduling-1] eden.service.task.OrderTask              : 开始执行订单超时关闭任务...
2026-06-05 17:47:00.032  INFO 22948 --- [scheduling-1] eden.service.task.PromotionTask          : 开始刷新秒杀活动生命周期状态...
2026-06-05 17:48:00.003  INFO 22948 --- [scheduling-1] eden.service.task.PromotionTask          : 开始刷新秒杀活动生命周期状态...
2026-06-05 17:48:00.035  INFO 22948 --- [scheduling-1] eden.service.task.OrderTask              : 开始执行订单超时关闭任务...
2026-06-05 17:49:00.002  INFO 22948 --- [scheduling-1] eden.service.task.PromotionTask          : 开始刷新秒杀活动生命周期状态...
2026-06-05 17:49:00.015  INFO 22948 --- [scheduling-1] eden.service.task.OrderTask              : 开始执行订单超时关闭任务...
2026-06-05 17:50:00.003  INFO 22948 --- [scheduling-1] eden.service.task.PromotionTask          : 开始刷新秒杀活动生命周期状态...
2026-06-05 17:50:00.015  INFO 22948 --- [scheduling-1] eden.service.task.OrderTask              : 开始执行订单超时关闭任务...
2026-06-05 17:51:00.009  INFO 22948 --- [scheduling-1] eden.service.task.OrderTask              : 开始执行订单超时关闭任务...
2026-06-05 17:51:00.015  INFO 22948 --- [scheduling-1] eden.service.task.PromotionTask          : 开始刷新秒杀活动生命周期状态...
2026-06-05 17:52:00.003  INFO 22948 --- [scheduling-1] eden.service.task.OrderTask              : 开始执行订单超时关闭任务...
2026-06-05 17:52:00.008  INFO 22948 --- [scheduling-1] eden.service.task.PromotionTask          : 开始刷新秒杀活动生命周期状态...
2026-06-05 17:53:00.013  INFO 22948 --- [scheduling-1] eden.service.task.PromotionTask          : 开始刷新秒杀活动生命周期状态...
2026-06-05 17:53:00.024  INFO 22948 --- [scheduling-1] eden.service.task.OrderTask              : 开始执行订单超时关闭任务...
2026-06-05 17:54:00.007  INFO 22948 --- [scheduling-1] eden.service.task.OrderTask              : 开始执行订单超时关闭任务...
2026-06-05 17:54:00.016  INFO 22948 --- [scheduling-1] eden.service.task.PromotionTask          : 开始刷新秒杀活动生命周期状态...
2026-06-05 17:54:00.107  INFO 22948 --- [scheduling-1] eden.service.task.PromotionTask          : 更新了 1 个已结束的秒杀活动
2026-06-05 17:55:00.045  INFO 22948 --- [scheduling-1] eden.service.task.OrderTask              : 开始执行订单超时关闭任务...
2026-06-05 17:55:00.854  INFO 22948 --- [scheduling-1] eden.service.task.PromotionTask          : 开始刷新秒杀活动生命周期状态...
2026-06-05 17:56:00.015  INFO 22948 --- [scheduling-1] eden.service.task.PromotionTask          : 开始刷新秒杀活动生命周期状态...
2026-06-05 17:56:00.046  INFO 22948 --- [scheduling-1] eden.service.task.OrderTask              : 开始执行订单超时关闭任务...
2026-06-05 17:57:00.006  INFO 22948 --- [scheduling-1] eden.service.task.PromotionTask          : 开始刷新秒杀活动生命周期状态...
2026-06-05 17:57:00.019  INFO 22948 --- [scheduling-1] eden.service.task.OrderTask              : 开始执行订单超时关闭任务...
2026-06-05 17:58:00.006  INFO 22948 --- [scheduling-1] eden.service.task.PromotionTask          : 开始刷新秒杀活动生命周期状态...
2026-06-05 17:58:00.019  INFO 22948 --- [scheduling-1] eden.service.task.OrderTask              : 开始执行订单超时关闭任务...
2026-06-05 17:59:00.008  INFO 22948 --- [scheduling-1] eden.service.task.PromotionTask          : 开始刷新秒杀活动生命周期状态...
2026-06-05 17:59:00.021  INFO 22948 --- [scheduling-1] eden.service.task.OrderTask              : 开始执行订单超时关闭任务...
2026-06-05 18:00:00.006  INFO 22948 --- [scheduling-1] eden.service.task.PromotionTask          : 开始刷新秒杀活动生命周期状态...
2026-06-05 18:00:00.021  INFO 22948 --- [scheduling-1] eden.service.task.OrderTask              : 开始执行订单超时关闭任务...
2026-06-05 18:01:00.008  INFO 22948 --- [scheduling-1] eden.service.task.PromotionTask          : 开始刷新秒杀活动生命周期状态...
2026-06-05 18:01:00.036  INFO 22948 --- [scheduling-1] eden.service.task.OrderTask              : 开始执行订单超时关闭任务...
2026-06-05 18:02:00.009  INFO 22948 --- [scheduling-1] eden.service.task.PromotionTask          : 开始刷新秒杀活动生命周期状态...
2026-06-05 18:02:00.024  INFO 22948 --- [scheduling-1] eden.service.task.OrderTask              : 开始执行订单超时关闭任务...
2026-06-05 18:03:00.005  INFO 22948 --- [scheduling-1] eden.service.task.PromotionTask          : 开始刷新秒杀活动生命周期状态...
2026-06-05 18:03:00.014  INFO 22948 --- [scheduling-1] eden.service.task.OrderTask              : 开始执行订单超时关闭任务...
2026-06-05 18:04:00.006  INFO 22948 --- [scheduling-1] eden.service.task.PromotionTask          : 开始刷新秒杀活动生命周期状态...
2026-06-05 18:04:00.021  INFO 22948 --- [scheduling-1] eden.service.task.OrderTask              : 开始执行订单超时关闭任务...
2026-06-05 18:05:00.015  INFO 22948 --- [scheduling-1] eden.service.task.PromotionTask          : 开始刷新秒杀活动生命周期状态...
2026-06-05 18:05:00.028  INFO 22948 --- [scheduling-1] eden.service.task.OrderTask              : 开始执行订单超时关闭任务...
2026-06-05 18:06:00.001  INFO 22948 --- [scheduling-1] eden.service.task.PromotionTask          : 开始刷新秒杀活动生命周期状态...
2026-06-05 18:06:00.012  INFO 22948 --- [scheduling-1] eden.service.task.OrderTask              : 开始执行订单超时关闭任务...
2026-06-05 18:07:00.014  INFO 22948 --- [scheduling-1] eden.service.task.OrderTask              : 开始执行订单超时关闭任务...
2026-06-05 18:07:00.040  INFO 22948 --- [scheduling-1] eden.service.task.PromotionTask          : 开始刷新秒杀活动生命周期状态...
2026-06-05 18:08:00.010  INFO 22948 --- [scheduling-1] eden.service.task.OrderTask              : 开始执行订单超时关闭任务...
2026-06-05 18:08:00.026  INFO 22948 --- [scheduling-1] eden.service.task.PromotionTask          : 开始刷新秒杀活动生命周期状态...
2026-06-05 18:09:00.008  INFO 22948 --- [scheduling-1] eden.service.task.PromotionTask          : 开始刷新秒杀活动生命周期状态...
2026-06-05 18:09:00.018  INFO 22948 --- [scheduling-1] eden.service.task.OrderTask              : 开始执行订单超时关闭任务...
2026-06-05 18:10:00.007  INFO 22948 --- [scheduling-1] eden.service.task.OrderTask              : 开始执行订单超时关闭任务...
2026-06-05 18:10:00.028  INFO 22948 --- [scheduling-1] eden.service.task.OrderTask              : 没有超时订单需要关闭
2026-06-05 18:10:00.029  INFO 22948 --- [scheduling-1] eden.service.task.PromotionTask          : 开始刷新秒杀活动生命周期状态...
2026-06-05 18:11:00.008  INFO 22948 --- [scheduling-1] eden.service.task.OrderTask              : 开始执行订单超时关闭任务...
2026-06-05 18:11:00.013  INFO 22948 --- [scheduling-1] eden.service.task.OrderTask              : 没有超时订单需要关闭
2026-06-05 18:11:00.013  INFO 22948 --- [scheduling-1] eden.service.task.PromotionTask          : 开始刷新秒杀活动生命周期状态...
2026-06-05 18:13:51.083  INFO 16044 --- [main] eden.EdenApplication                     : Starting EdenApplication v1.0-SNAPSHOT using Java 17.0.12 on limz with PID 16044 (D:\project\eden-nutrition\eden-admin\target\eden-admin-1.0-SNAPSHOT.jar started by 28391 in D:\project\eden-nutrition)
2026-06-05 18:13:51.098  INFO 16044 --- [main] eden.EdenApplication                     : The following 1 profile is active: "dev"
2026-06-05 18:13:53.741  INFO 16044 --- [main] .s.d.r.c.RepositoryConfigurationDelegate : Multiple Spring Data modules found, entering strict repository configuration mode
2026-06-05 18:13:53.747  INFO 16044 --- [main] .s.d.r.c.RepositoryConfigurationDelegate : Bootstrapping Spring Data Redis repositories in DEFAULT mode.
2026-06-05 18:13:53.794  INFO 16044 --- [main] .s.d.r.c.RepositoryConfigurationDelegate : Finished Spring Data repository scanning in 22 ms. Found 0 Redis repository interfaces.
2026-06-05 18:13:55.751  INFO 16044 --- [main] o.s.b.w.embedded.tomcat.TomcatWebServer  : Tomcat initialized with port(s): 8080 (http)
2026-06-05 18:13:55.774  INFO 16044 --- [main] o.apache.catalina.core.StandardService   : Starting service [Tomcat]
2026-06-05 18:13:55.775  INFO 16044 --- [main] org.apache.catalina.core.StandardEngine  : Starting Servlet engine: [Apache Tomcat/9.0.109]
2026-06-05 18:13:55.950  INFO 16044 --- [main] o.a.c.c.C.[Tomcat].[localhost].[/api]    : Initializing Spring embedded WebApplicationContext
2026-06-05 18:13:55.951  INFO 16044 --- [main] w.s.c.ServletWebServerApplicationContext : Root WebApplicationContext: initialization completed in 4753 ms
2026-06-05 18:13:57.989  INFO 16044 --- [main] org.redisson.Version                     : Redisson 3.18.0
2026-06-05 18:13:58.531  INFO 16044 --- [redisson-netty-2-6] o.r.c.pool.MasterPubSubConnectionPool    : 1 connections initialized for localhost/127.0.0.1:6379
2026-06-05 18:13:58.608  INFO 16044 --- [redisson-netty-2-20] o.r.c.pool.MasterConnectionPool          : 24 connections initialized for localhost/127.0.0.1:6379
2026-06-05 18:14:00.751  INFO 16044 --- [main] o.s.b.a.e.web.EndpointLinksResolver      : Exposing 14 endpoint(s) beneath base path '/actuator'
2026-06-05 18:14:01.182  INFO 16044 --- [main] o.s.s.web.DefaultSecurityFilterChain     : Will secure any request with [org.springframework.security.web.session.DisableEncodeUrlFilter@3472947a, org.springframework.security.web.context.request.async.WebAsyncManagerIntegrationFilter@69d3cf7e, org.springframework.security.web.context.SecurityContextPersistenceFilter@14924f41, eden.web.config.SecurityConfig$1@46c3a14d, org.springframework.security.web.header.HeaderWriterFilter@2be21396, org.springframework.security.web.authentication.logout.LogoutFilter@3e1fd62b, eden.web.filter.JwtAuthenticationTokenFilter@7fcf294e, org.springframework.security.web.savedrequest.RequestCacheAwareFilter@1f939a0f, org.springframework.security.web.servletapi.SecurityContextHolderAwareRequestFilter@45658133, org.springframework.security.web.authentication.AnonymousAuthenticationFilter@3a3ed300, org.springframework.security.web.session.SessionManagementFilter@14c93774, org.springframework.security.web.access.ExceptionTranslationFilter@1bf14704, org.springframework.security.web.access.intercept.FilterSecurityInterceptor@7235f92b]
2026-06-05 18:14:02.149  INFO 16044 --- [main] o.s.b.w.embedded.tomcat.TomcatWebServer  : Tomcat started on port(s): 8080 (http) with context path '/api'
2026-06-05 18:14:03.450  INFO 16044 --- [main] o.s.a.r.c.CachingConnectionFactory       : Attempting to connect to: [localhost:5672]
2026-06-05 18:14:03.760  INFO 16044 --- [main] o.s.a.r.c.CachingConnectionFactory       : Created new connection: rabbitConnectionFactory#423b2b62:0/SimpleConnection@6314df3c [delegate=amqp://user@127.0.0.1:5672/, localPort= 10361]
2026-06-05 18:14:04.190  INFO 16044 --- [main] eden.EdenApplication                     : Started EdenApplication in 14.382 seconds (JVM running for 15.429)
2026-06-05 18:15:00.006  INFO 16044 --- [scheduling-1] eden.service.task.OrderTask              : 开始执行订单超时关闭任务...
2026-06-05 18:15:00.029  INFO 16044 --- [scheduling-1] com.zaxxer.hikari.HikariDataSource       : EdenHikariCP - Starting...
2026-06-05 18:15:00.258  INFO 16044 --- [scheduling-1] com.zaxxer.hikari.HikariDataSource       : EdenHikariCP - Start completed.
2026-06-05 18:15:00.331  INFO 16044 --- [scheduling-1] eden.service.task.OrderTask              : 没有超时订单需要关闭
2026-06-05 18:15:00.331  INFO 16044 --- [scheduling-1] eden.service.task.PromotionTask          : 开始刷新秒杀活动生命周期状态...
2026-06-05 18:15:07.383  INFO 16044 --- [http-nio-8080-exec-2] o.a.c.c.C.[Tomcat].[localhost].[/api]    : Initializing Spring DispatcherServlet 'dispatcherServlet'
2026-06-05 18:15:07.384  INFO 16044 --- [http-nio-8080-exec-2] o.s.web.servlet.DispatcherServlet        : Initializing Servlet 'dispatcherServlet'
2026-06-05 18:15:07.386  INFO 16044 --- [http-nio-8080-exec-2] o.s.web.servlet.DispatcherServlet        : Completed initialization in 2 ms
2026-06-05 18:16:00.004  INFO 16044 --- [scheduling-1] eden.service.task.PromotionTask          : 开始刷新秒杀活动生命周期状态...
2026-06-05 18:16:00.028  INFO 16044 --- [scheduling-1] eden.service.task.OrderTask              : 开始执行订单超时关闭任务...
2026-06-05 18:16:00.033  INFO 16044 --- [scheduling-1] eden.service.task.OrderTask              : 没有超时订单需要关闭
2026-06-05 18:17:00.007  INFO 16044 --- [scheduling-1] eden.service.task.OrderTask              : 开始执行订单超时关闭任务...
2026-06-05 18:17:00.017  INFO 16044 --- [scheduling-1] eden.service.task.OrderTask              : 没有超时订单需要关闭
2026-06-05 18:17:00.017  INFO 16044 --- [scheduling-1] eden.service.task.PromotionTask          : 开始刷新秒杀活动生命周期状态...
2026-06-05 18:18:00.003  INFO 16044 --- [scheduling-1] eden.service.task.OrderTask              : 开始执行订单超时关闭任务...
2026-06-05 18:18:00.012  INFO 16044 --- [scheduling-1] eden.service.task.OrderTask              : 没有超时订单需要关闭
2026-06-05 18:18:00.012  INFO 16044 --- [scheduling-1] eden.service.task.PromotionTask          : 开始刷新秒杀活动生命周期状态...
2026-06-05 18:19:00.006  INFO 16044 --- [scheduling-1] eden.service.task.PromotionTask          : 开始刷新秒杀活动生命周期状态...
2026-06-05 18:19:00.025  INFO 16044 --- [scheduling-1] eden.service.task.OrderTask              : 开始执行订单超时关闭任务...
2026-06-05 18:19:00.030  INFO 16044 --- [scheduling-1] eden.service.task.OrderTask              : 没有超时订单需要关闭
2026-06-05 18:20:00.013  INFO 16044 --- [scheduling-1] eden.service.task.PromotionTask          : 开始刷新秒杀活动生命周期状态...
2026-06-05 18:20:00.036  INFO 16044 --- [scheduling-1] eden.service.task.OrderTask              : 开始执行订单超时关闭任务...
2026-06-05 18:20:00.042  INFO 16044 --- [scheduling-1] eden.service.task.OrderTask              : 没有超时订单需要关闭
2026-06-05 18:21:00.009  INFO 16044 --- [scheduling-1] eden.service.task.OrderTask              : 开始执行订单超时关闭任务...
2026-06-05 18:21:00.019  INFO 16044 --- [scheduling-1] eden.service.task.OrderTask              : 没有超时订单需要关闭
2026-06-05 18:21:00.019  INFO 16044 --- [scheduling-1] eden.service.task.PromotionTask          : 开始刷新秒杀活动生命周期状态...
2026-06-05 18:22:00.009  INFO 16044 --- [scheduling-1] eden.service.task.PromotionTask          : 开始刷新秒杀活动生命周期状态...
2026-06-05 18:22:00.033  INFO 16044 --- [scheduling-1] eden.service.task.OrderTask              : 开始执行订单超时关闭任务...
2026-06-05 18:22:00.040  INFO 16044 --- [scheduling-1] eden.service.task.OrderTask              : 没有超时订单需要关闭
2026-06-05 18:23:00.013  INFO 16044 --- [scheduling-1] eden.service.task.PromotionTask          : 开始刷新秒杀活动生命周期状态...
2026-06-05 18:23:00.037  INFO 16044 --- [scheduling-1] eden.service.task.OrderTask              : 开始执行订单超时关闭任务...
2026-06-05 18:23:00.043  INFO 16044 --- [scheduling-1] eden.service.task.OrderTask              : 没有超时订单需要关闭
2026-06-05 18:24:00.001  INFO 16044 --- [scheduling-1] eden.service.task.PromotionTask          : 开始刷新秒杀活动生命周期状态...
2026-06-05 18:24:00.026  INFO 16044 --- [scheduling-1] eden.service.task.OrderTask              : 开始执行订单超时关闭任务...
2026-06-05 18:24:00.030  INFO 16044 --- [scheduling-1] eden.service.task.OrderTask              : 没有超时订单需要关闭
2026-06-05 18:25:00.007  INFO 16044 --- [scheduling-1] eden.service.task.OrderTask              : 开始执行订单超时关闭任务...
2026-06-05 18:25:00.039  INFO 16044 --- [scheduling-1] eden.service.task.OrderTask              : 没有超时订单需要关闭
2026-06-05 18:25:00.041  INFO 16044 --- [scheduling-1] eden.service.task.PromotionTask          : 开始刷新秒杀活动生命周期状态...
2026-06-05 18:26:00.008  INFO 16044 --- [scheduling-1] eden.service.task.PromotionTask          : 开始刷新秒杀活动生命周期状态...
2026-06-05 18:26:00.023  INFO 16044 --- [scheduling-1] eden.service.task.OrderTask              : 开始执行订单超时关闭任务...
2026-06-05 18:26:00.027  INFO 16044 --- [scheduling-1] eden.service.task.OrderTask              : 没有超时订单需要关闭
2026-06-05 18:27:00.012  INFO 16044 --- [scheduling-1] eden.service.task.OrderTask              : 开始执行订单超时关闭任务...
2026-06-05 18:27:00.020  INFO 16044 --- [scheduling-1] eden.service.task.OrderTask              : 没有超时订单需要关闭
2026-06-05 18:27:00.020  INFO 16044 --- [scheduling-1] eden.service.task.PromotionTask          : 开始刷新秒杀活动生命周期状态...
2026-06-05 18:28:00.002  INFO 16044 --- [scheduling-1] eden.service.task.PromotionTask          : 开始刷新秒杀活动生命周期状态...
2026-06-05 18:28:00.024  INFO 16044 --- [scheduling-1] eden.service.task.OrderTask              : 开始执行订单超时关闭任务...
2026-06-05 18:28:00.029  INFO 16044 --- [scheduling-1] eden.service.task.OrderTask              : 没有超时订单需要关闭
2026-06-05 18:29:00.001  INFO 16044 --- [scheduling-1] eden.service.task.PromotionTask          : 开始刷新秒杀活动生命周期状态...
2026-06-05 18:29:00.033  INFO 16044 --- [scheduling-1] eden.service.task.OrderTask              : 开始执行订单超时关闭任务...
2026-06-05 18:29:00.038  INFO 16044 --- [scheduling-1] eden.service.task.OrderTask              : 没有超时订单需要关闭
2026-06-05 18:30:00.016  INFO 16044 --- [scheduling-1] eden.service.task.OrderTask              : 开始执行订单超时关闭任务...
2026-06-05 18:30:00.024  INFO 16044 --- [scheduling-1] eden.service.task.OrderTask              : 没有超时订单需要关闭
2026-06-05 18:30:00.026  INFO 16044 --- [scheduling-1] eden.service.task.PromotionTask          : 开始刷新秒杀活动生命周期状态...
2026-06-05 18:31:00.014  INFO 16044 --- [scheduling-1] eden.service.task.PromotionTask          : 开始刷新秒杀活动生命周期状态...
2026-06-05 18:31:00.031  INFO 16044 --- [scheduling-1] eden.service.task.OrderTask              : 开始执行订单超时关闭任务...
2026-06-05 18:31:00.037  INFO 16044 --- [scheduling-1] eden.service.task.OrderTask              : 没有超时订单需要关闭
2026-06-05 18:32:00.012  INFO 16044 --- [scheduling-1] eden.service.task.OrderTask              : 开始执行订单超时关闭任务...
2026-06-05 18:32:00.020  INFO 16044 --- [scheduling-1] eden.service.task.OrderTask              : 没有超时订单需要关闭
2026-06-05 18:32:00.020  INFO 16044 --- [scheduling-1] eden.service.task.PromotionTask          : 开始刷新秒杀活动生命周期状态...
2026-06-05 18:33:00.005  INFO 16044 --- [scheduling-1] eden.service.task.PromotionTask          : 开始刷新秒杀活动生命周期状态...
2026-06-05 18:33:00.024  INFO 16044 --- [scheduling-1] eden.service.task.OrderTask              : 开始执行订单超时关闭任务...
2026-06-05 18:33:00.030  INFO 16044 --- [scheduling-1] eden.service.task.OrderTask              : 没有超时订单需要关闭
2026-06-05 18:34:00.002  INFO 16044 --- [scheduling-1] eden.service.task.OrderTask              : 开始执行订单超时关闭任务...
2026-06-05 18:34:00.041  INFO 16044 --- [scheduling-1] eden.service.task.OrderTask              : 没有超时订单需要关闭
2026-06-05 18:34:00.042  INFO 16044 --- [scheduling-1] eden.service.task.PromotionTask          : 开始刷新秒杀活动生命周期状态...
2026-06-05 18:35:00.005  INFO 16044 --- [scheduling-1] eden.service.task.OrderTask              : 开始执行订单超时关闭任务...
2026-06-05 18:35:00.013  INFO 16044 --- [scheduling-1] eden.service.task.OrderTask              : 没有超时订单需要关闭
2026-06-05 18:35:00.014  INFO 16044 --- [scheduling-1] eden.service.task.PromotionTask          : 开始刷新秒杀活动生命周期状态...
2026-06-05 18:36:00.015  INFO 16044 --- [scheduling-1] eden.service.task.PromotionTask          : 开始刷新秒杀活动生命周期状态...
2026-06-05 18:36:00.034  INFO 16044 --- [scheduling-1] eden.service.task.OrderTask              : 开始执行订单超时关闭任务...
2026-06-05 18:36:00.039  INFO 16044 --- [scheduling-1] eden.service.task.OrderTask              : 没有超时订单需要关闭
2026-06-05 18:37:00.013  INFO 16044 --- [scheduling-1] eden.service.task.OrderTask              : 开始执行订单超时关闭任务...
2026-06-05 18:37:00.035  INFO 16044 --- [scheduling-1] eden.service.task.OrderTask              : 没有超时订单需要关闭
2026-06-05 18:37:00.035  INFO 16044 --- [scheduling-1] eden.service.task.PromotionTask          : 开始刷新秒杀活动生命周期状态...
2026-06-05 18:38:00.007  INFO 16044 --- [scheduling-1] eden.service.task.PromotionTask          : 开始刷新秒杀活动生命周期状态...
2026-06-05 18:38:00.026  INFO 16044 --- [scheduling-1] eden.service.task.OrderTask              : 开始执行订单超时关闭任务...
2026-06-05 18:38:00.034  INFO 16044 --- [scheduling-1] eden.service.task.OrderTask              : 没有超时订单需要关闭
2026-06-05 18:39:00.009  INFO 16044 --- [scheduling-1] eden.service.task.OrderTask              : 开始执行订单超时关闭任务...
2026-06-05 18:39:00.015  INFO 16044 --- [scheduling-1] eden.service.task.OrderTask              : 没有超时订单需要关闭
2026-06-05 18:39:00.016  INFO 16044 --- [scheduling-1] eden.service.task.PromotionTask          : 开始刷新秒杀活动生命周期状态...
2026-06-05 18:40:00.007  INFO 16044 --- [scheduling-1] eden.service.task.PromotionTask          : 开始刷新秒杀活动生命周期状态...
2026-06-05 18:40:00.032  INFO 16044 --- [scheduling-1] eden.service.task.OrderTask              : 开始执行订单超时关闭任务...
2026-06-05 18:40:00.038  INFO 16044 --- [scheduling-1] eden.service.task.OrderTask              : 没有超时订单需要关闭
2026-06-05 18:41:00.004  INFO 16044 --- [scheduling-1] eden.service.task.PromotionTask          : 开始刷新秒杀活动生命周期状态...
2026-06-05 18:41:00.041  INFO 16044 --- [scheduling-1] eden.service.task.OrderTask              : 开始执行订单超时关闭任务...
2026-06-05 18:41:00.046  INFO 16044 --- [scheduling-1] eden.service.task.OrderTask              : 没有超时订单需要关闭
2026-06-05 18:42:00.004  INFO 16044 --- [scheduling-1] eden.service.task.OrderTask              : 开始执行订单超时关闭任务...
2026-06-05 18:42:00.030  INFO 16044 --- [scheduling-1] eden.service.task.OrderTask              : 没有超时订单需要关闭
2026-06-05 18:42:00.030  INFO 16044 --- [scheduling-1] eden.service.task.PromotionTask          : 开始刷新秒杀活动生命周期状态...
2026-06-05 18:43:00.007  INFO 16044 --- [scheduling-1] eden.service.task.PromotionTask          : 开始刷新秒杀活动生命周期状态...
2026-06-05 18:43:00.027  INFO 16044 --- [scheduling-1] eden.service.task.OrderTask              : 开始执行订单超时关闭任务...
2026-06-05 18:43:00.032  INFO 16044 --- [scheduling-1] eden.service.task.OrderTask              : 没有超时订单需要关闭
2026-06-05 18:44:00.006  INFO 16044 --- [scheduling-1] eden.service.task.OrderTask              : 开始执行订单超时关闭任务...
2026-06-05 18:44:00.034  INFO 16044 --- [scheduling-1] eden.service.task.OrderTask              : 没有超时订单需要关闭
2026-06-05 18:44:00.035  INFO 16044 --- [scheduling-1] eden.service.task.PromotionTask          : 开始刷新秒杀活动生命周期状态...
2026-06-05 18:45:00.014  INFO 16044 --- [scheduling-1] eden.service.task.OrderTask              : 开始执行订单超时关闭任务...
2026-06-05 18:45:00.047  INFO 16044 --- [scheduling-1] eden.service.task.OrderTask              : 没有超时订单需要关闭
2026-06-05 18:45:00.048  INFO 16044 --- [scheduling-1] eden.service.task.PromotionTask          : 开始刷新秒杀活动生命周期状态...
2026-06-05 18:46:00.015  INFO 16044 --- [scheduling-1] eden.service.task.OrderTask              : 开始执行订单超时关闭任务...
2026-06-05 18:46:00.039  INFO 16044 --- [scheduling-1] eden.service.task.OrderTask              : 没有超时订单需要关闭
2026-06-05 18:46:00.040  INFO 16044 --- [scheduling-1] eden.service.task.PromotionTask          : 开始刷新秒杀活动生命周期状态...
2026-06-05 18:47:00.013  INFO 16044 --- [scheduling-1] eden.service.task.PromotionTask          : 开始刷新秒杀活动生命周期状态...
2026-06-05 18:47:00.033  INFO 16044 --- [scheduling-1] eden.service.task.OrderTask              : 开始执行订单超时关闭任务...
2026-06-05 18:47:00.038  INFO 16044 --- [scheduling-1] eden.service.task.OrderTask              : 没有超时订单需要关闭
2026-06-05 18:48:00.008  INFO 16044 --- [scheduling-1] eden.service.task.OrderTask              : 开始执行订单超时关闭任务...
2026-06-05 18:48:00.037  INFO 16044 --- [scheduling-1] eden.service.task.OrderTask              : 没有超时订单需要关闭
2026-06-05 18:48:00.037  INFO 16044 --- [scheduling-1] eden.service.task.PromotionTask          : 开始刷新秒杀活动生命周期状态...
2026-06-05 18:49:00.001  INFO 16044 --- [scheduling-1] eden.service.task.PromotionTask          : 开始刷新秒杀活动生命周期状态...
2026-06-05 18:49:00.056  INFO 16044 --- [scheduling-1] eden.service.task.OrderTask              : 开始执行订单超时关闭任务...
2026-06-05 18:49:00.060  INFO 16044 --- [scheduling-1] eden.service.task.OrderTask              : 没有超时订单需要关闭
2026-06-05 18:50:00.004  INFO 16044 --- [scheduling-1] eden.service.task.PromotionTask          : 开始刷新秒杀活动生命周期状态...
2026-06-05 18:50:00.030  INFO 16044 --- [scheduling-1] eden.service.task.OrderTask              : 开始执行订单超时关闭任务...
2026-06-05 18:50:00.035  INFO 16044 --- [scheduling-1] eden.service.task.OrderTask              : 没有超时订单需要关闭
2026-06-05 18:51:00.025  INFO 16044 --- [scheduling-1] eden.service.task.OrderTask              : 开始执行订单超时关闭任务...
2026-06-05 18:51:00.032  INFO 16044 --- [scheduling-1] eden.service.task.OrderTask              : 没有超时订单需要关闭
2026-06-05 18:51:00.033  INFO 16044 --- [scheduling-1] eden.service.task.PromotionTask          : 开始刷新秒杀活动生命周期状态...
2026-06-05 18:52:00.008  INFO 16044 --- [scheduling-1] eden.service.task.PromotionTask          : 开始刷新秒杀活动生命周期状态...
2026-06-05 18:52:00.037  INFO 16044 --- [scheduling-1] eden.service.task.OrderTask              : 开始执行订单超时关闭任务...
2026-06-05 18:52:00.045  INFO 16044 --- [scheduling-1] eden.service.task.OrderTask              : 没有超时订单需要关闭
2026-06-05 18:53:00.007  INFO 16044 --- [scheduling-1] eden.service.task.OrderTask              : 开始执行订单超时关闭任务...
2026-06-05 18:53:00.015  INFO 16044 --- [scheduling-1] eden.service.task.OrderTask              : 没有超时订单需要关闭
2026-06-05 18:53:00.016  INFO 16044 --- [scheduling-1] eden.service.task.PromotionTask          : 开始刷新秒杀活动生命周期状态...
2026-06-05 18:54:00.006  INFO 16044 --- [scheduling-1] eden.service.task.OrderTask              : 开始执行订单超时关闭任务...
2026-06-05 18:54:00.032  INFO 16044 --- [scheduling-1] eden.service.task.OrderTask              : 没有超时订单需要关闭
2026-06-05 18:54:00.032  INFO 16044 --- [scheduling-1] eden.service.task.PromotionTask          : 开始刷新秒杀活动生命周期状态...
2026-06-05 18:55:00.012  INFO 16044 --- [scheduling-1] eden.service.task.OrderTask              : 开始执行订单超时关闭任务...
2026-06-05 18:55:00.018  INFO 16044 --- [scheduling-1] eden.service.task.OrderTask              : 没有超时订单需要关闭
2026-06-05 18:55:00.019  INFO 16044 --- [scheduling-1] eden.service.task.PromotionTask          : 开始刷新秒杀活动生命周期状态...
2026-06-05 18:56:00.004  INFO 16044 --- [scheduling-1] eden.service.task.OrderTask              : 开始执行订单超时关闭任务...
2026-06-05 18:56:00.013  INFO 16044 --- [scheduling-1] eden.service.task.OrderTask              : 没有超时订单需要关闭
2026-06-05 18:56:00.014  INFO 16044 --- [scheduling-1] eden.service.task.PromotionTask          : 开始刷新秒杀活动生命周期状态...
2026-06-05 18:57:00.001  INFO 16044 --- [scheduling-1] eden.service.task.OrderTask              : 开始执行订单超时关闭任务...
2026-06-05 18:57:00.025  INFO 16044 --- [scheduling-1] eden.service.task.OrderTask              : 没有超时订单需要关闭
2026-06-05 18:57:00.026  INFO 16044 --- [scheduling-1] eden.service.task.PromotionTask          : 开始刷新秒杀活动生命周期状态...
2026-06-05 18:58:00.001  INFO 16044 --- [scheduling-1] eden.service.task.OrderTask              : 开始执行订单超时关闭任务...
2026-06-05 18:58:00.007  INFO 16044 --- [scheduling-1] eden.service.task.OrderTask              : 没有超时订单需要关闭
2026-06-05 18:58:00.008  INFO 16044 --- [scheduling-1] eden.service.task.PromotionTask          : 开始刷新秒杀活动生命周期状态...
2026-06-05 18:59:00.000  INFO 16044 --- [scheduling-1] eden.service.task.OrderTask              : 开始执行订单超时关闭任务...
2026-06-05 18:59:00.007  INFO 16044 --- [scheduling-1] eden.service.task.OrderTask              : 没有超时订单需要关闭
2026-06-05 18:59:00.023  INFO 16044 --- [scheduling-1] eden.service.task.PromotionTask          : 开始刷新秒杀活动生命周期状态...
2026-06-05 19:00:00.007  INFO 16044 --- [scheduling-1] eden.service.task.OrderTask              : 开始执行订单超时关闭任务...
2026-06-05 19:00:00.037  INFO 16044 --- [scheduling-1] eden.service.task.OrderTask              : 没有超时订单需要关闭
2026-06-05 19:00:00.038  INFO 16044 --- [scheduling-1] eden.service.task.PromotionTask          : 开始刷新秒杀活动生命周期状态...
2026-06-05 19:01:00.001  INFO 16044 --- [scheduling-1] eden.service.task.PromotionTask          : 开始刷新秒杀活动生命周期状态...
2026-06-05 19:01:00.033  INFO 16044 --- [scheduling-1] eden.service.task.OrderTask              : 开始执行订单超时关闭任务...
2026-06-05 19:01:00.037  INFO 16044 --- [scheduling-1] eden.service.task.OrderTask              : 没有超时订单需要关闭
2026-06-05 19:02:00.006  INFO 16044 --- [scheduling-1] eden.service.task.PromotionTask          : 开始刷新秒杀活动生命周期状态...
2026-06-05 19:02:00.023  INFO 16044 --- [scheduling-1] eden.service.task.OrderTask              : 开始执行订单超时关闭任务...
2026-06-05 19:02:00.027  INFO 16044 --- [scheduling-1] eden.service.task.OrderTask              : 没有超时订单需要关闭
2026-06-05 19:03:00.007  INFO 16044 --- [scheduling-1] eden.service.task.PromotionTask          : 开始刷新秒杀活动生命周期状态...
2026-06-05 19:03:00.029  INFO 16044 --- [scheduling-1] eden.service.task.OrderTask              : 开始执行订单超时关闭任务...
2026-06-05 19:03:00.035  INFO 16044 --- [scheduling-1] eden.service.task.OrderTask              : 没有超时订单需要关闭
2026-06-05 19:04:00.014  INFO 16044 --- [scheduling-1] eden.service.task.OrderTask              : 开始执行订单超时关闭任务...
2026-06-05 19:04:00.020  INFO 16044 --- [scheduling-1] eden.service.task.OrderTask              : 没有超时订单需要关闭
2026-06-05 19:04:00.021  INFO 16044 --- [scheduling-1] eden.service.task.PromotionTask          : 开始刷新秒杀活动生命周期状态...
2026-06-05 19:05:00.002  INFO 16044 --- [scheduling-1] eden.service.task.OrderTask              : 开始执行订单超时关闭任务...
2026-06-05 19:05:00.030  INFO 16044 --- [scheduling-1] eden.service.task.OrderTask              : 没有超时订单需要关闭
2026-06-05 19:05:00.030  INFO 16044 --- [scheduling-1] eden.service.task.PromotionTask          : 开始刷新秒杀活动生命周期状态...
2026-06-05 19:06:00.014  INFO 16044 --- [scheduling-1] eden.service.task.PromotionTask          : 开始刷新秒杀活动生命周期状态...
2026-06-05 19:06:00.028  INFO 16044 --- [scheduling-1] eden.service.task.OrderTask              : 开始执行订单超时关闭任务...
2026-06-05 19:06:00.032  INFO 16044 --- [scheduling-1] eden.service.task.OrderTask              : 没有超时订单需要关闭
2026-06-05 19:07:00.000  INFO 16044 --- [scheduling-1] eden.service.task.OrderTask              : 开始执行订单超时关闭任务...
2026-06-05 19:07:00.006  INFO 16044 --- [scheduling-1] eden.service.task.OrderTask              : 没有超时订单需要关闭
2026-06-05 19:07:00.007  INFO 16044 --- [scheduling-1] eden.service.task.PromotionTask          : 开始刷新秒杀活动生命周期状态...
2026-06-05 19:08:00.003  INFO 16044 --- [scheduling-1] eden.service.task.OrderTask              : 开始执行订单超时关闭任务...
2026-06-05 19:08:00.010  INFO 16044 --- [scheduling-1] eden.service.task.OrderTask              : 没有超时订单需要关闭
2026-06-05 19:08:00.010  INFO 16044 --- [scheduling-1] eden.service.task.PromotionTask          : 开始刷新秒杀活动生命周期状态...
2026-06-05 19:09:00.013  INFO 16044 --- [scheduling-1] eden.service.task.PromotionTask          : 开始刷新秒杀活动生命周期状态...
2026-06-05 19:09:00.042  INFO 16044 --- [scheduling-1] eden.service.task.OrderTask              : 开始执行订单超时关闭任务...
2026-06-05 19:09:00.046  INFO 16044 --- [scheduling-1] eden.service.task.OrderTask              : 没有超时订单需要关闭
2026-06-05 19:10:00.003  INFO 16044 --- [scheduling-1] eden.service.task.OrderTask              : 开始执行订单超时关闭任务...
2026-06-05 19:10:00.009  INFO 16044 --- [scheduling-1] eden.service.task.OrderTask              : 没有超时订单需要关闭
2026-06-05 19:10:00.009  INFO 16044 --- [scheduling-1] eden.service.task.PromotionTask          : 开始刷新秒杀活动生命周期状态...
2026-06-05 19:11:00.003  INFO 16044 --- [scheduling-1] eden.service.task.OrderTask              : 开始执行订单超时关闭任务...
2026-06-05 19:11:00.008  INFO 16044 --- [scheduling-1] eden.service.task.OrderTask              : 没有超时订单需要关闭
2026-06-05 19:11:00.009  INFO 16044 --- [scheduling-1] eden.service.task.PromotionTask          : 开始刷新秒杀活动生命周期状态...
2026-06-05 19:12:00.014  INFO 16044 --- [scheduling-1] eden.service.task.OrderTask              : 开始执行订单超时关闭任务...
2026-06-05 19:12:00.044  INFO 16044 --- [scheduling-1] eden.service.task.OrderTask              : 没有超时订单需要关闭
2026-06-05 19:12:00.044  INFO 16044 --- [scheduling-1] eden.service.task.PromotionTask          : 开始刷新秒杀活动生命周期状态...
2026-06-05 19:13:00.003  INFO 16044 --- [scheduling-1] eden.service.task.OrderTask              : 开始执行订单超时关闭任务...
2026-06-05 19:13:00.030  INFO 16044 --- [scheduling-1] eden.service.task.OrderTask              : 没有超时订单需要关闭
2026-06-05 19:13:00.031  INFO 16044 --- [scheduling-1] eden.service.task.PromotionTask          : 开始刷新秒杀活动生命周期状态...
2026-06-05 19:14:00.013  INFO 16044 --- [scheduling-1] eden.service.task.OrderTask              : 开始执行订单超时关闭任务...
2026-06-05 19:14:00.043  INFO 16044 --- [scheduling-1] eden.service.task.OrderTask              : 没有超时订单需要关闭
2026-06-05 19:14:00.045  INFO 16044 --- [scheduling-1] eden.service.task.PromotionTask          : 开始刷新秒杀活动生命周期状态...
2026-06-05 19:15:00.008  INFO 16044 --- [scheduling-1] eden.service.task.OrderTask              : 开始执行订单超时关闭任务...
2026-06-05 19:15:00.050  INFO 16044 --- [scheduling-1] eden.service.task.OrderTask              : 没有超时订单需要关闭
2026-06-05 19:15:00.051  INFO 16044 --- [scheduling-1] eden.service.task.PromotionTask          : 开始刷新秒杀活动生命周期状态...
2026-06-05 19:16:00.013  INFO 16044 --- [scheduling-1] eden.service.task.OrderTask              : 开始执行订单超时关闭任务...
2026-06-05 19:16:00.019  INFO 16044 --- [scheduling-1] eden.service.task.OrderTask              : 没有超时订单需要关闭
2026-06-05 19:16:00.020  INFO 16044 --- [scheduling-1] eden.service.task.PromotionTask          : 开始刷新秒杀活动生命周期状态...
2026-06-05 19:17:00.013  INFO 16044 --- [scheduling-1] eden.service.task.OrderTask              : 开始执行订单超时关闭任务...
2026-06-05 19:17:00.046  INFO 16044 --- [scheduling-1] eden.service.task.OrderTask              : 没有超时订单需要关闭
2026-06-05 19:17:00.046  INFO 16044 --- [scheduling-1] eden.service.task.PromotionTask          : 开始刷新秒杀活动生命周期状态...
2026-06-05 19:18:00.006  INFO 16044 --- [scheduling-1] eden.service.task.PromotionTask          : 开始刷新秒杀活动生命周期状态...
2026-06-05 19:18:00.020  INFO 16044 --- [scheduling-1] eden.service.task.OrderTask              : 开始执行订单超时关闭任务...
2026-06-05 19:18:00.025  INFO 16044 --- [scheduling-1] eden.service.task.OrderTask              : 没有超时订单需要关闭
2026-06-05 19:19:00.006  INFO 16044 --- [scheduling-1] eden.service.task.OrderTask              : 开始执行订单超时关闭任务...
2026-06-05 19:19:00.012  INFO 16044 --- [scheduling-1] eden.service.task.OrderTask              : 没有超时订单需要关闭
2026-06-05 19:19:00.012  INFO 16044 --- [scheduling-1] eden.service.task.PromotionTask          : 开始刷新秒杀活动生命周期状态...
2026-06-05 19:20:00.011  INFO 16044 --- [scheduling-1] eden.service.task.PromotionTask          : 开始刷新秒杀活动生命周期状态...
2026-06-05 19:20:00.047  INFO 16044 --- [scheduling-1] eden.service.task.OrderTask              : 开始执行订单超时关闭任务...
2026-06-05 19:20:00.050  INFO 16044 --- [scheduling-1] eden.service.task.OrderTask              : 没有超时订单需要关闭
2026-06-05 19:21:00.002  INFO 16044 --- [scheduling-1] eden.service.task.PromotionTask          : 开始刷新秒杀活动生命周期状态...
2026-06-05 19:21:00.030  INFO 16044 --- [scheduling-1] eden.service.task.OrderTask              : 开始执行订单超时关闭任务...
2026-06-05 19:21:00.036  INFO 16044 --- [scheduling-1] eden.service.task.OrderTask              : 没有超时订单需要关闭
2026-06-05 19:22:00.003  INFO 16044 --- [scheduling-1] eden.service.task.OrderTask              : 开始执行订单超时关闭任务...
2026-06-05 19:22:00.008  INFO 16044 --- [scheduling-1] eden.service.task.OrderTask              : 没有超时订单需要关闭
2026-06-05 19:22:00.031  INFO 16044 --- [scheduling-1] eden.service.task.PromotionTask          : 开始刷新秒杀活动生命周期状态...
2026-06-05 19:23:00.002  INFO 16044 --- [scheduling-1] eden.service.task.OrderTask              : 开始执行订单超时关闭任务...
2026-06-05 19:23:00.025  INFO 16044 --- [scheduling-1] eden.service.task.OrderTask              : 没有超时订单需要关闭
2026-06-05 19:23:00.026  INFO 16044 --- [scheduling-1] eden.service.task.PromotionTask          : 开始刷新秒杀活动生命周期状态...
2026-06-05 19:24:00.009  INFO 16044 --- [scheduling-1] eden.service.task.OrderTask              : 开始执行订单超时关闭任务...
2026-06-05 19:24:00.039  INFO 16044 --- [scheduling-1] eden.service.task.OrderTask              : 没有超时订单需要关闭
2026-06-05 19:24:00.039  INFO 16044 --- [scheduling-1] eden.service.task.PromotionTask          : 开始刷新秒杀活动生命周期状态...
2026-06-05 19:25:00.005  INFO 16044 --- [scheduling-1] eden.service.task.PromotionTask          : 开始刷新秒杀活动生命周期状态...
2026-06-05 19:25:00.019  INFO 16044 --- [scheduling-1] eden.service.task.OrderTask              : 开始执行订单超时关闭任务...
2026-06-05 19:25:00.023  INFO 16044 --- [scheduling-1] eden.service.task.OrderTask              : 没有超时订单需要关闭
2026-06-05 19:26:00.012  INFO 16044 --- [scheduling-1] eden.service.task.PromotionTask          : 开始刷新秒杀活动生命周期状态...
2026-06-05 19:26:00.029  INFO 16044 --- [scheduling-1] eden.service.task.OrderTask              : 开始执行订单超时关闭任务...
2026-06-05 19:26:00.033  INFO 16044 --- [scheduling-1] eden.service.task.OrderTask              : 没有超时订单需要关闭
2026-06-05 19:27:00.002  INFO 16044 --- [scheduling-1] eden.service.task.PromotionTask          : 开始刷新秒杀活动生命周期状态...
2026-06-05 19:27:00.025  INFO 16044 --- [scheduling-1] eden.service.task.OrderTask              : 开始执行订单超时关闭任务...
2026-06-05 19:27:00.028  INFO 16044 --- [scheduling-1] eden.service.task.OrderTask              : 没有超时订单需要关闭
2026-06-05 19:28:00.012  INFO 16044 --- [scheduling-1] eden.service.task.PromotionTask          : 开始刷新秒杀活动生命周期状态...
2026-06-05 19:28:00.039  INFO 16044 --- [scheduling-1] eden.service.task.OrderTask              : 开始执行订单超时关闭任务...
2026-06-05 19:28:00.043  INFO 16044 --- [scheduling-1] eden.service.task.OrderTask              : 没有超时订单需要关闭
2026-06-05 19:29:00.014  INFO 16044 --- [scheduling-1] eden.service.task.OrderTask              : 开始执行订单超时关闭任务...
2026-06-05 19:29:00.035  INFO 16044 --- [scheduling-1] eden.service.task.OrderTask              : 没有超时订单需要关闭
2026-06-05 19:29:00.035  INFO 16044 --- [scheduling-1] eden.service.task.PromotionTask          : 开始刷新秒杀活动生命周期状态...
2026-06-05 19:30:00.007  INFO 16044 --- [scheduling-1] eden.service.task.PromotionTask          : 开始刷新秒杀活动生命周期状态...
2026-06-05 19:30:00.023  INFO 16044 --- [scheduling-1] eden.service.task.OrderTask              : 开始执行订单超时关闭任务...
2026-06-05 19:30:00.028  INFO 16044 --- [scheduling-1] eden.service.task.OrderTask              : 没有超时订单需要关闭
2026-06-05 19:31:00.001  INFO 16044 --- [scheduling-1] eden.service.task.PromotionTask          : 开始刷新秒杀活动生命周期状态...
2026-06-05 19:31:00.017  INFO 16044 --- [scheduling-1] eden.service.task.OrderTask              : 开始执行订单超时关闭任务...
2026-06-05 19:31:00.023  INFO 16044 --- [scheduling-1] eden.service.task.OrderTask              : 没有超时订单需要关闭
2026-06-05 19:32:00.013  INFO 16044 --- [scheduling-1] eden.service.task.PromotionTask          : 开始刷新秒杀活动生命周期状态...
2026-06-05 19:32:00.060  INFO 16044 --- [scheduling-1] eden.service.task.OrderTask              : 开始执行订单超时关闭任务...
2026-06-05 19:32:00.065  INFO 16044 --- [scheduling-1] eden.service.task.OrderTask              : 没有超时订单需要关闭
2026-06-05 19:33:00.003  INFO 16044 --- [scheduling-1] eden.service.task.OrderTask              : 开始执行订单超时关闭任务...
2026-06-05 19:33:00.010  INFO 16044 --- [scheduling-1] eden.service.task.OrderTask              : 没有超时订单需要关闭
2026-06-05 19:33:00.010  INFO 16044 --- [scheduling-1] eden.service.task.PromotionTask          : 开始刷新秒杀活动生命周期状态...
2026-06-05 19:34:00.008  INFO 16044 --- [scheduling-1] eden.service.task.PromotionTask          : 开始刷新秒杀活动生命周期状态...
2026-06-05 19:34:00.038  INFO 16044 --- [scheduling-1] eden.service.task.OrderTask              : 开始执行订单超时关闭任务...
2026-06-05 19:34:00.043  INFO 16044 --- [scheduling-1] eden.service.task.OrderTask              : 没有超时订单需要关闭
2026-06-05 19:35:00.001  INFO 16044 --- [scheduling-1] eden.service.task.PromotionTask          : 开始刷新秒杀活动生命周期状态...
2026-06-05 19:35:00.037  INFO 16044 --- [scheduling-1] eden.service.task.OrderTask              : 开始执行订单超时关闭任务...
2026-06-05 19:35:00.042  INFO 16044 --- [scheduling-1] eden.service.task.OrderTask              : 没有超时订单需要关闭
2026-06-05 19:36:00.001  INFO 16044 --- [scheduling-1] eden.service.task.PromotionTask          : 开始刷新秒杀活动生命周期状态...
2026-06-05 19:36:00.017  INFO 16044 --- [scheduling-1] eden.service.task.OrderTask              : 开始执行订单超时关闭任务...
2026-06-05 19:36:00.021  INFO 16044 --- [scheduling-1] eden.service.task.OrderTask              : 没有超时订单需要关闭
2026-06-05 19:37:00.012  INFO 16044 --- [scheduling-1] eden.service.task.PromotionTask          : 开始刷新秒杀活动生命周期状态...
2026-06-05 19:37:00.029  INFO 16044 --- [scheduling-1] eden.service.task.OrderTask              : 开始执行订单超时关闭任务...
2026-06-05 19:37:00.033  INFO 16044 --- [scheduling-1] eden.service.task.OrderTask              : 没有超时订单需要关闭
2026-06-05 19:38:00.014  INFO 16044 --- [scheduling-1] eden.service.task.PromotionTask          : 开始刷新秒杀活动生命周期状态...
2026-06-05 19:38:00.056  INFO 16044 --- [scheduling-1] eden.service.task.OrderTask              : 开始执行订单超时关闭任务...
2026-06-05 19:38:00.060  INFO 16044 --- [scheduling-1] eden.service.task.OrderTask              : 没有超时订单需要关闭
2026-06-05 19:39:00.013  INFO 16044 --- [scheduling-1] eden.service.task.PromotionTask          : 开始刷新秒杀活动生命周期状态...
2026-06-05 19:39:00.030  INFO 16044 --- [scheduling-1] eden.service.task.OrderTask              : 开始执行订单超时关闭任务...
2026-06-05 19:39:00.038  INFO 16044 --- [scheduling-1] eden.service.task.OrderTask              : 没有超时订单需要关闭
2026-06-05 19:40:00.010  INFO 16044 --- [scheduling-1] eden.service.task.PromotionTask          : 开始刷新秒杀活动生命周期状态...
2026-06-05 19:40:00.028  INFO 16044 --- [scheduling-1] eden.service.task.OrderTask              : 开始执行订单超时关闭任务...
2026-06-05 19:40:00.039  INFO 16044 --- [scheduling-1] eden.service.task.OrderTask              : 没有超时订单需要关闭
2026-06-05 19:41:00.010  INFO 16044 --- [scheduling-1] eden.service.task.OrderTask              : 开始执行订单超时关闭任务...
2026-06-05 19:41:00.033  INFO 16044 --- [scheduling-1] eden.service.task.OrderTask              : 没有超时订单需要关闭
2026-06-05 19:41:00.033  INFO 16044 --- [scheduling-1] eden.service.task.PromotionTask          : 开始刷新秒杀活动生命周期状态...
2026-06-05 19:42:00.014  INFO 16044 --- [scheduling-1] eden.service.task.OrderTask              : 开始执行订单超时关闭任务...
2026-06-05 19:42:00.020  INFO 16044 --- [scheduling-1] eden.service.task.OrderTask              : 没有超时订单需要关闭
2026-06-05 19:42:00.020  INFO 16044 --- [scheduling-1] eden.service.task.PromotionTask          : 开始刷新秒杀活动生命周期状态...
2026-06-05 19:43:00.008  INFO 16044 --- [scheduling-1] eden.service.task.PromotionTask          : 开始刷新秒杀活动生命周期状态...
2026-06-05 19:43:00.026  INFO 16044 --- [scheduling-1] eden.service.task.OrderTask              : 开始执行订单超时关闭任务...
2026-06-05 19:43:00.031  INFO 16044 --- [scheduling-1] eden.service.task.OrderTask              : 没有超时订单需要关闭
2026-06-05 19:44:00.007  INFO 16044 --- [scheduling-1] eden.service.task.PromotionTask          : 开始刷新秒杀活动生命周期状态...
2026-06-05 19:44:00.033  INFO 16044 --- [scheduling-1] eden.service.task.OrderTask              : 开始执行订单超时关闭任务...
2026-06-05 19:44:00.040  INFO 16044 --- [scheduling-1] eden.service.task.OrderTask              : 没有超时订单需要关闭
2026-06-05 19:45:00.012  INFO 16044 --- [scheduling-1] eden.service.task.PromotionTask          : 开始刷新秒杀活动生命周期状态...
2026-06-05 19:45:00.041  INFO 16044 --- [scheduling-1] eden.service.task.OrderTask              : 开始执行订单超时关闭任务...
2026-06-05 19:45:00.048  INFO 16044 --- [scheduling-1] eden.service.task.OrderTask              : 没有超时订单需要关闭
2026-06-05 19:46:00.010  INFO 16044 --- [scheduling-1] eden.service.task.PromotionTask          : 开始刷新秒杀活动生命周期状态...
2026-06-05 19:46:00.042  INFO 16044 --- [scheduling-1] eden.service.task.OrderTask              : 开始执行订单超时关闭任务...
2026-06-05 19:46:00.047  INFO 16044 --- [scheduling-1] eden.service.task.OrderTask              : 没有超时订单需要关闭
2026-06-05 19:47:00.012  INFO 16044 --- [scheduling-1] eden.service.task.OrderTask              : 开始执行订单超时关闭任务...
2026-06-05 19:47:00.043  INFO 16044 --- [scheduling-1] eden.service.task.OrderTask              : 没有超时订单需要关闭
2026-06-05 19:47:00.044  INFO 16044 --- [scheduling-1] eden.service.task.PromotionTask          : 开始刷新秒杀活动生命周期状态...
2026-06-05 19:48:00.004  INFO 16044 --- [scheduling-1] eden.service.task.PromotionTask          : 开始刷新秒杀活动生命周期状态...
2026-06-05 19:48:00.024  INFO 16044 --- [scheduling-1] eden.service.task.OrderTask              : 开始执行订单超时关闭任务...
2026-06-05 19:48:00.029  INFO 16044 --- [scheduling-1] eden.service.task.OrderTask              : 没有超时订单需要关闭
2026-06-05 19:49:00.007  INFO 16044 --- [scheduling-1] eden.service.task.PromotionTask          : 开始刷新秒杀活动生命周期状态...
2026-06-05 19:49:00.040  INFO 16044 --- [scheduling-1] eden.service.task.OrderTask              : 开始执行订单超时关闭任务...
2026-06-05 19:49:00.045  INFO 16044 --- [scheduling-1] eden.service.task.OrderTask              : 没有超时订单需要关闭
2026-06-05 19:50:00.001  INFO 16044 --- [scheduling-1] eden.service.task.OrderTask              : 开始执行订单超时关闭任务...
2026-06-05 19:50:00.027  INFO 16044 --- [scheduling-1] eden.service.task.OrderTask              : 没有超时订单需要关闭
2026-06-05 19:50:00.027  INFO 16044 --- [scheduling-1] eden.service.task.PromotionTask          : 开始刷新秒杀活动生命周期状态...
2026-06-05 19:51:00.009  INFO 16044 --- [scheduling-1] eden.service.task.PromotionTask          : 开始刷新秒杀活动生命周期状态...
2026-06-05 19:51:00.028  INFO 16044 --- [scheduling-1] eden.service.task.OrderTask              : 开始执行订单超时关闭任务...
2026-06-05 19:51:00.033  INFO 16044 --- [scheduling-1] eden.service.task.OrderTask              : 没有超时订单需要关闭
2026-06-05 19:52:00.004  INFO 16044 --- [scheduling-1] eden.service.task.OrderTask              : 开始执行订单超时关闭任务...
2026-06-05 19:52:00.030  INFO 16044 --- [scheduling-1] eden.service.task.OrderTask              : 没有超时订单需要关闭
2026-06-05 19:52:00.030  INFO 16044 --- [scheduling-1] eden.service.task.PromotionTask          : 开始刷新秒杀活动生命周期状态...
2026-06-05 19:53:00.004  INFO 16044 --- [scheduling-1] eden.service.task.PromotionTask          : 开始刷新秒杀活动生命周期状态...
2026-06-05 19:53:00.035  INFO 16044 --- [scheduling-1] eden.service.task.OrderTask              : 开始执行订单超时关闭任务...
2026-06-05 19:53:00.039  INFO 16044 --- [scheduling-1] eden.service.task.OrderTask              : 没有超时订单需要关闭
2026-06-05 19:54:00.001  INFO 16044 --- [scheduling-1] eden.service.task.PromotionTask          : 开始刷新秒杀活动生命周期状态...
2026-06-05 19:54:00.030  INFO 16044 --- [scheduling-1] eden.service.task.OrderTask              : 开始执行订单超时关闭任务...
2026-06-05 19:54:00.034  INFO 16044 --- [scheduling-1] eden.service.task.OrderTask              : 没有超时订单需要关闭
2026-06-05 19:55:00.008  INFO 16044 --- [scheduling-1] eden.service.task.PromotionTask          : 开始刷新秒杀活动生命周期状态...
2026-06-05 19:55:00.042  INFO 16044 --- [scheduling-1] eden.service.task.OrderTask              : 开始执行订单超时关闭任务...
2026-06-05 19:55:00.047  INFO 16044 --- [scheduling-1] eden.service.task.OrderTask              : 没有超时订单需要关闭
2026-06-05 19:56:00.014  INFO 16044 --- [scheduling-1] eden.service.task.OrderTask              : 开始执行订单超时关闭任务...
2026-06-05 19:56:00.037  INFO 16044 --- [scheduling-1] eden.service.task.OrderTask              : 没有超时订单需要关闭
2026-06-05 19:56:00.038  INFO 16044 --- [scheduling-1] eden.service.task.PromotionTask          : 开始刷新秒杀活动生命周期状态...
2026-06-05 19:57:00.007  INFO 16044 --- [scheduling-1] eden.service.task.OrderTask              : 开始执行订单超时关闭任务...
2026-06-05 19:57:00.030  INFO 16044 --- [scheduling-1] eden.service.task.OrderTask              : 没有超时订单需要关闭
2026-06-05 19:57:00.031  INFO 16044 --- [scheduling-1] eden.service.task.PromotionTask          : 开始刷新秒杀活动生命周期状态...
2026-06-05 19:58:00.003  INFO 16044 --- [scheduling-1] eden.service.task.PromotionTask          : 开始刷新秒杀活动生命周期状态...
2026-06-05 19:58:00.037  INFO 16044 --- [scheduling-1] eden.service.task.OrderTask              : 开始执行订单超时关闭任务...
2026-06-05 19:58:00.042  INFO 16044 --- [scheduling-1] eden.service.task.OrderTask              : 没有超时订单需要关闭
2026-06-05 19:59:00.005  INFO 16044 --- [scheduling-1] eden.service.task.OrderTask              : 开始执行订单超时关闭任务...
2026-06-05 19:59:00.012  INFO 16044 --- [scheduling-1] eden.service.task.OrderTask              : 没有超时订单需要关闭
2026-06-05 19:59:00.013  INFO 16044 --- [scheduling-1] eden.service.task.PromotionTask          : 开始刷新秒杀活动生命周期状态...
2026-06-05 20:00:00.003  INFO 16044 --- [scheduling-1] eden.service.task.PromotionTask          : 开始刷新秒杀活动生命周期状态...
2026-06-05 20:00:00.034  INFO 16044 --- [scheduling-1] eden.service.task.OrderTask              : 开始执行订单超时关闭任务...
2026-06-05 20:00:00.039  INFO 16044 --- [scheduling-1] eden.service.task.OrderTask              : 没有超时订单需要关闭
2026-06-05 20:01:00.004  INFO 16044 --- [scheduling-1] eden.service.task.OrderTask              : 开始执行订单超时关闭任务...
2026-06-05 20:01:00.010  INFO 16044 --- [scheduling-1] eden.service.task.OrderTask              : 没有超时订单需要关闭
2026-06-05 20:01:00.011  INFO 16044 --- [scheduling-1] eden.service.task.PromotionTask          : 开始刷新秒杀活动生命周期状态...
2026-06-05 20:02:00.012  INFO 16044 --- [scheduling-1] eden.service.task.OrderTask              : 开始执行订单超时关闭任务...
2026-06-05 20:02:00.018  INFO 16044 --- [scheduling-1] eden.service.task.OrderTask              : 没有超时订单需要关闭
2026-06-05 20:02:00.018  INFO 16044 --- [scheduling-1] eden.service.task.PromotionTask          : 开始刷新秒杀活动生命周期状态...
2026-06-05 20:03:00.012  INFO 16044 --- [scheduling-1] eden.service.task.OrderTask              : 开始执行订单超时关闭任务...
2026-06-05 20:03:00.018  INFO 16044 --- [scheduling-1] eden.service.task.OrderTask              : 没有超时订单需要关闭
2026-06-05 20:03:00.018  INFO 16044 --- [scheduling-1] eden.service.task.PromotionTask          : 开始刷新秒杀活动生命周期状态...
2026-06-05 20:04:00.005  INFO 16044 --- [scheduling-1] eden.service.task.PromotionTask          : 开始刷新秒杀活动生命周期状态...
2026-06-05 20:04:00.035  INFO 16044 --- [scheduling-1] eden.service.task.OrderTask              : 开始执行订单超时关闭任务...
2026-06-05 20:04:00.039  INFO 16044 --- [scheduling-1] eden.service.task.OrderTask              : 没有超时订单需要关闭
2026-06-05 20:05:00.003  INFO 16044 --- [scheduling-1] eden.service.task.OrderTask              : 开始执行订单超时关闭任务...
2026-06-05 20:05:00.009  INFO 16044 --- [scheduling-1] eden.service.task.OrderTask              : 没有超时订单需要关闭
2026-06-05 20:05:00.010  INFO 16044 --- [scheduling-1] eden.service.task.PromotionTask          : 开始刷新秒杀活动生命周期状态...
2026-06-05 20:06:00.001  INFO 16044 --- [scheduling-1] eden.service.task.PromotionTask          : 开始刷新秒杀活动生命周期状态...
2026-06-05 20:06:00.017  INFO 16044 --- [scheduling-1] eden.service.task.OrderTask              : 开始执行订单超时关闭任务...
2026-06-05 20:06:00.022  INFO 16044 --- [scheduling-1] eden.service.task.OrderTask              : 没有超时订单需要关闭
2026-06-05 20:07:00.001  INFO 16044 --- [scheduling-1] eden.service.task.OrderTask              : 开始执行订单超时关闭任务...
2026-06-05 20:07:00.025  INFO 16044 --- [scheduling-1] eden.service.task.OrderTask              : 没有超时订单需要关闭
2026-06-05 20:07:00.025  INFO 16044 --- [scheduling-1] eden.service.task.PromotionTask          : 开始刷新秒杀活动生命周期状态...
2026-06-05 20:08:00.001  INFO 16044 --- [scheduling-1] eden.service.task.PromotionTask          : 开始刷新秒杀活动生命周期状态...
2026-06-05 20:08:00.036  INFO 16044 --- [scheduling-1] eden.service.task.OrderTask              : 开始执行订单超时关闭任务...
2026-06-05 20:08:00.040  INFO 16044 --- [scheduling-1] eden.service.task.OrderTask              : 没有超时订单需要关闭
2026-06-05 20:09:00.014  INFO 16044 --- [scheduling-1] eden.service.task.PromotionTask          : 开始刷新秒杀活动生命周期状态...
2026-06-05 20:09:00.052  INFO 16044 --- [scheduling-1] eden.service.task.OrderTask              : 开始执行订单超时关闭任务...
2026-06-05 20:09:00.056  INFO 16044 --- [scheduling-1] eden.service.task.OrderTask              : 没有超时订单需要关闭
2026-06-05 20:10:00.008  INFO 16044 --- [scheduling-1] eden.service.task.PromotionTask          : 开始刷新秒杀活动生命周期状态...
2026-06-05 20:10:00.045  INFO 16044 --- [scheduling-1] eden.service.task.OrderTask              : 开始执行订单超时关闭任务...
2026-06-05 20:10:00.049  INFO 16044 --- [scheduling-1] eden.service.task.OrderTask              : 没有超时订单需要关闭
2026-06-05 20:11:00.008  INFO 16044 --- [scheduling-1] eden.service.task.PromotionTask          : 开始刷新秒杀活动生命周期状态...
2026-06-05 20:11:00.021  INFO 16044 --- [scheduling-1] eden.service.task.OrderTask              : 开始执行订单超时关闭任务...
2026-06-05 20:11:00.045  INFO 16044 --- [scheduling-1] eden.service.task.OrderTask              : 没有超时订单需要关闭
2026-06-05 20:12:00.009  INFO 16044 --- [scheduling-1] eden.service.task.PromotionTask          : 开始刷新秒杀活动生命周期状态...
2026-06-05 20:12:00.047  INFO 16044 --- [scheduling-1] eden.service.task.OrderTask              : 开始执行订单超时关闭任务...
2026-06-05 20:12:00.050  INFO 16044 --- [scheduling-1] eden.service.task.OrderTask              : 没有超时订单需要关闭
2026-06-05 20:13:00.005  INFO 16044 --- [scheduling-1] eden.service.task.PromotionTask          : 开始刷新秒杀活动生命周期状态...
2026-06-05 20:13:00.019  INFO 16044 --- [scheduling-1] eden.service.task.OrderTask              : 开始执行订单超时关闭任务...
2026-06-05 20:13:00.037  INFO 16044 --- [scheduling-1] eden.service.task.OrderTask              : 没有超时订单需要关闭
2026-06-05 20:14:00.005  INFO 16044 --- [scheduling-1] eden.service.task.PromotionTask          : 开始刷新秒杀活动生命周期状态...
2026-06-05 20:14:00.037  INFO 16044 --- [scheduling-1] eden.service.task.OrderTask              : 开始执行订单超时关闭任务...
2026-06-05 20:14:00.042  INFO 16044 --- [scheduling-1] eden.service.task.OrderTask              : 没有超时订单需要关闭
2026-06-05 20:15:00.007  INFO 16044 --- [scheduling-1] eden.service.task.OrderTask              : 开始执行订单超时关闭任务...
2026-06-05 20:15:00.015  INFO 16044 --- [scheduling-1] eden.service.task.OrderTask              : 没有超时订单需要关闭
2026-06-05 20:15:00.032  INFO 16044 --- [scheduling-1] eden.service.task.PromotionTask          : 开始刷新秒杀活动生命周期状态...
2026-06-05 20:16:00.009  INFO 16044 --- [scheduling-1] eden.service.task.PromotionTask          : 开始刷新秒杀活动生命周期状态...
2026-06-05 20:16:00.043  INFO 16044 --- [scheduling-1] eden.service.task.OrderTask              : 开始执行订单超时关闭任务...
2026-06-05 20:16:00.047  INFO 16044 --- [scheduling-1] eden.service.task.OrderTask              : 没有超时订单需要关闭
2026-06-05 20:17:00.007  INFO 16044 --- [scheduling-1] eden.service.task.PromotionTask          : 开始刷新秒杀活动生命周期状态...
2026-06-05 20:17:00.040  INFO 16044 --- [scheduling-1] eden.service.task.OrderTask              : 开始执行订单超时关闭任务...
2026-06-05 20:17:00.043  INFO 16044 --- [scheduling-1] eden.service.task.OrderTask              : 没有超时订单需要关闭
2026-06-05 20:18:00.008  INFO 16044 --- [scheduling-1] eden.service.task.PromotionTask          : 开始刷新秒杀活动生命周期状态...
2026-06-05 20:18:00.042  INFO 16044 --- [scheduling-1] eden.service.task.OrderTask              : 开始执行订单超时关闭任务...
2026-06-05 20:18:00.045  INFO 16044 --- [scheduling-1] eden.service.task.OrderTask              : 没有超时订单需要关闭
2026-06-05 20:19:00.008  INFO 16044 --- [scheduling-1] eden.service.task.PromotionTask          : 开始刷新秒杀活动生命周期状态...
2026-06-05 20:19:00.021  INFO 16044 --- [scheduling-1] eden.service.task.OrderTask              : 开始执行订单超时关闭任务...
2026-06-05 20:19:00.025  INFO 16044 --- [scheduling-1] eden.service.task.OrderTask              : 没有超时订单需要关闭
2026-06-05 20:20:00.015  INFO 16044 --- [scheduling-1] eden.service.task.OrderTask              : 开始执行订单超时关闭任务...
2026-06-05 20:20:00.042  INFO 16044 --- [scheduling-1] eden.service.task.OrderTask              : 没有超时订单需要关闭
2026-06-05 20:20:00.042  INFO 16044 --- [scheduling-1] eden.service.task.PromotionTask          : 开始刷新秒杀活动生命周期状态...
2026-06-05 20:21:00.006  INFO 16044 --- [scheduling-1] eden.service.task.PromotionTask          : 开始刷新秒杀活动生命周期状态...
2026-06-05 20:21:00.038  INFO 16044 --- [scheduling-1] eden.service.task.OrderTask              : 开始执行订单超时关闭任务...
2026-06-05 20:21:00.042  INFO 16044 --- [scheduling-1] eden.service.task.OrderTask              : 没有超时订单需要关闭
2026-06-05 20:22:00.002  INFO 16044 --- [scheduling-1] eden.service.task.PromotionTask          : 开始刷新秒杀活动生命周期状态...
2026-06-05 20:22:00.034  INFO 16044 --- [scheduling-1] eden.service.task.OrderTask              : 开始执行订单超时关闭任务...
2026-06-05 20:22:00.038  INFO 16044 --- [scheduling-1] eden.service.task.OrderTask              : 没有超时订单需要关闭
2026-06-05 20:23:00.011  INFO 16044 --- [scheduling-1] eden.service.task.OrderTask              : 开始执行订单超时关闭任务...
2026-06-05 20:23:00.035  INFO 16044 --- [scheduling-1] eden.service.task.OrderTask              : 没有超时订单需要关闭
2026-06-05 20:23:00.035  INFO 16044 --- [scheduling-1] eden.service.task.PromotionTask          : 开始刷新秒杀活动生命周期状态...
2026-06-05 20:24:00.003  INFO 16044 --- [scheduling-1] eden.service.task.OrderTask              : 开始执行订单超时关闭任务...
2026-06-05 20:24:00.008  INFO 16044 --- [scheduling-1] eden.service.task.OrderTask              : 没有超时订单需要关闭
2026-06-05 20:24:00.009  INFO 16044 --- [scheduling-1] eden.service.task.PromotionTask          : 开始刷新秒杀活动生命周期状态...
2026-06-05 20:25:00.010  INFO 16044 --- [scheduling-1] eden.service.task.OrderTask              : 开始执行订单超时关闭任务...
2026-06-05 20:25:00.036  INFO 16044 --- [scheduling-1] eden.service.task.OrderTask              : 没有超时订单需要关闭
2026-06-05 20:25:00.037  INFO 16044 --- [scheduling-1] eden.service.task.PromotionTask          : 开始刷新秒杀活动生命周期状态...
2026-06-05 20:26:00.014  INFO 16044 --- [scheduling-1] eden.service.task.OrderTask              : 开始执行订单超时关闭任务...
2026-06-05 20:26:00.023  INFO 16044 --- [scheduling-1] eden.service.task.OrderTask              : 没有超时订单需要关闭
2026-06-05 20:26:00.023  INFO 16044 --- [scheduling-1] eden.service.task.PromotionTask          : 开始刷新秒杀活动生命周期状态...
2026-06-05 20:27:00.005  INFO 16044 --- [scheduling-1] eden.service.task.PromotionTask          : 开始刷新秒杀活动生命周期状态...
2026-06-05 20:27:00.041  INFO 16044 --- [scheduling-1] eden.service.task.OrderTask              : 开始执行订单超时关闭任务...
2026-06-05 20:27:00.045  INFO 16044 --- [scheduling-1] eden.service.task.OrderTask              : 没有超时订单需要关闭
2026-06-05 20:28:00.001  INFO 16044 --- [scheduling-1] eden.service.task.OrderTask              : 开始执行订单超时关闭任务...
2026-06-05 20:28:00.016  INFO 16044 --- [scheduling-1] eden.service.task.OrderTask              : 没有超时订单需要关闭
2026-06-05 20:28:00.017  INFO 16044 --- [scheduling-1] eden.service.task.PromotionTask          : 开始刷新秒杀活动生命周期状态...
2026-06-05 20:29:00.002  INFO 16044 --- [scheduling-1] eden.service.task.PromotionTask          : 开始刷新秒杀活动生命周期状态...
2026-06-05 20:29:00.036  INFO 16044 --- [scheduling-1] eden.service.task.OrderTask              : 开始执行订单超时关闭任务...
2026-06-05 20:29:00.041  INFO 16044 --- [scheduling-1] eden.service.task.OrderTask              : 没有超时订单需要关闭
2026-06-05 20:30:00.007  INFO 16044 --- [scheduling-1] eden.service.task.OrderTask              : 开始执行订单超时关闭任务...
2026-06-05 20:30:00.030  INFO 16044 --- [scheduling-1] eden.service.task.OrderTask              : 没有超时订单需要关闭
2026-06-05 20:30:00.030  INFO 16044 --- [scheduling-1] eden.service.task.PromotionTask          : 开始刷新秒杀活动生命周期状态...
2026-06-05 20:31:00.009  INFO 16044 --- [scheduling-1] eden.service.task.PromotionTask          : 开始刷新秒杀活动生命周期状态...
2026-06-05 20:31:00.022  INFO 16044 --- [scheduling-1] eden.service.task.OrderTask              : 开始执行订单超时关闭任务...
2026-06-05 20:31:00.027  INFO 16044 --- [scheduling-1] eden.service.task.OrderTask              : 没有超时订单需要关闭
2026-06-05 20:32:00.007  INFO 16044 --- [scheduling-1] eden.service.task.OrderTask              : 开始执行订单超时关闭任务...
2026-06-05 20:32:00.023  INFO 16044 --- [scheduling-1] eden.service.task.OrderTask              : 没有超时订单需要关闭
2026-06-05 20:32:00.023  INFO 16044 --- [scheduling-1] eden.service.task.PromotionTask          : 开始刷新秒杀活动生命周期状态...
2026-06-05 20:33:00.008  INFO 16044 --- [scheduling-1] eden.service.task.PromotionTask          : 开始刷新秒杀活动生命周期状态...
2026-06-05 20:33:00.026  INFO 16044 --- [scheduling-1] eden.service.task.OrderTask              : 开始执行订单超时关闭任务...
2026-06-05 20:33:00.030  INFO 16044 --- [scheduling-1] eden.service.task.OrderTask              : 没有超时订单需要关闭
2026-06-05 20:34:00.014  INFO 16044 --- [scheduling-1] eden.service.task.PromotionTask          : 开始刷新秒杀活动生命周期状态...
2026-06-05 20:34:00.036  INFO 16044 --- [scheduling-1] eden.service.task.OrderTask              : 开始执行订单超时关闭任务...
2026-06-05 20:34:00.042  INFO 16044 --- [scheduling-1] eden.service.task.OrderTask              : 没有超时订单需要关闭
2026-06-05 20:35:00.006  INFO 16044 --- [scheduling-1] eden.service.task.PromotionTask          : 开始刷新秒杀活动生命周期状态...
2026-06-05 20:35:00.020  INFO 16044 --- [scheduling-1] eden.service.task.OrderTask              : 开始执行订单超时关闭任务...
2026-06-05 20:35:00.024  INFO 16044 --- [scheduling-1] eden.service.task.OrderTask              : 没有超时订单需要关闭
2026-06-05 20:36:00.006  INFO 16044 --- [scheduling-1] eden.service.task.PromotionTask          : 开始刷新秒杀活动生命周期状态...
2026-06-05 20:36:00.034  INFO 16044 --- [scheduling-1] eden.service.task.OrderTask              : 开始执行订单超时关闭任务...
2026-06-05 20:36:00.051  INFO 16044 --- [scheduling-1] eden.service.task.OrderTask              : 没有超时订单需要关闭
2026-06-05 20:37:00.000  INFO 16044 --- [scheduling-1] eden.service.task.OrderTask              : 开始执行订单超时关闭任务...
2026-06-05 20:37:00.007  INFO 16044 --- [scheduling-1] eden.service.task.OrderTask              : 没有超时订单需要关闭
2026-06-05 20:37:00.008  INFO 16044 --- [scheduling-1] eden.service.task.PromotionTask          : 开始刷新秒杀活动生命周期状态...
2026-06-05 20:38:00.003  INFO 16044 --- [scheduling-1] eden.service.task.OrderTask              : 开始执行订单超时关闭任务...
2026-06-05 20:38:00.027  INFO 16044 --- [scheduling-1] eden.service.task.OrderTask              : 没有超时订单需要关闭
2026-06-05 20:38:00.028  INFO 16044 --- [scheduling-1] eden.service.task.PromotionTask          : 开始刷新秒杀活动生命周期状态...
2026-06-05 20:39:00.003  INFO 16044 --- [scheduling-1] eden.service.task.PromotionTask          : 开始刷新秒杀活动生命周期状态...
2026-06-05 20:39:00.035  INFO 16044 --- [scheduling-1] eden.service.task.OrderTask              : 开始执行订单超时关闭任务...
2026-06-05 20:39:00.041  INFO 16044 --- [scheduling-1] eden.service.task.OrderTask              : 没有超时订单需要关闭
2026-06-05 20:40:00.001  INFO 16044 --- [scheduling-1] eden.service.task.OrderTask              : 开始执行订单超时关闭任务...
2026-06-05 20:40:00.034  INFO 16044 --- [scheduling-1] eden.service.task.OrderTask              : 没有超时订单需要关闭
2026-06-05 20:40:00.034  INFO 16044 --- [scheduling-1] eden.service.task.PromotionTask          : 开始刷新秒杀活动生命周期状态...
2026-06-05 20:41:00.005  INFO 16044 --- [scheduling-1] eden.service.task.PromotionTask          : 开始刷新秒杀活动生命周期状态...
2026-06-05 20:41:00.020  INFO 16044 --- [scheduling-1] eden.service.task.OrderTask              : 开始执行订单超时关闭任务...
2026-06-05 20:41:00.025  INFO 16044 --- [scheduling-1] eden.service.task.OrderTask              : 没有超时订单需要关闭
2026-06-05 20:42:00.005  INFO 16044 --- [scheduling-1] eden.service.task.OrderTask              : 开始执行订单超时关闭任务...
2026-06-05 20:42:00.014  INFO 16044 --- [scheduling-1] eden.service.task.OrderTask              : 没有超时订单需要关闭
2026-06-05 20:42:00.015  INFO 16044 --- [scheduling-1] eden.service.task.PromotionTask          : 开始刷新秒杀活动生命周期状态...
2026-06-05 20:43:00.002  INFO 16044 --- [scheduling-1] eden.service.task.PromotionTask          : 开始刷新秒杀活动生命周期状态...
2026-06-05 20:43:00.032  INFO 16044 --- [scheduling-1] eden.service.task.OrderTask              : 开始执行订单超时关闭任务...
2026-06-05 20:43:00.038  INFO 16044 --- [scheduling-1] eden.service.task.OrderTask              : 没有超时订单需要关闭
2026-06-05 20:44:00.010  INFO 16044 --- [scheduling-1] eden.service.task.OrderTask              : 开始执行订单超时关闭任务...
2026-06-05 20:44:00.042  INFO 16044 --- [scheduling-1] eden.service.task.OrderTask              : 没有超时订单需要关闭
2026-06-05 20:44:00.042  INFO 16044 --- [scheduling-1] eden.service.task.PromotionTask          : 开始刷新秒杀活动生命周期状态...
2026-06-05 20:45:00.011  INFO 16044 --- [scheduling-1] eden.service.task.PromotionTask          : 开始刷新秒杀活动生命周期状态...
2026-06-05 20:45:00.046  INFO 16044 --- [scheduling-1] eden.service.task.OrderTask              : 开始执行订单超时关闭任务...
2026-06-05 20:45:00.050  INFO 16044 --- [scheduling-1] eden.service.task.OrderTask              : 没有超时订单需要关闭
2026-06-05 20:46:00.015  INFO 16044 --- [scheduling-1] eden.service.task.OrderTask              : 开始执行订单超时关闭任务...
2026-06-05 20:46:00.020  INFO 16044 --- [scheduling-1] eden.service.task.OrderTask              : 没有超时订单需要关闭
2026-06-05 20:46:00.021  INFO 16044 --- [scheduling-1] eden.service.task.PromotionTask          : 开始刷新秒杀活动生命周期状态...
2026-06-05 20:47:00.004  INFO 16044 --- [scheduling-1] eden.service.task.OrderTask              : 开始执行订单超时关闭任务...
2026-06-05 20:47:00.040  INFO 16044 --- [scheduling-1] eden.service.task.OrderTask              : 没有超时订单需要关闭
2026-06-05 20:47:00.040  INFO 16044 --- [scheduling-1] eden.service.task.PromotionTask          : 开始刷新秒杀活动生命周期状态...
2026-06-05 20:48:00.009  INFO 16044 --- [scheduling-1] eden.service.task.PromotionTask          : 开始刷新秒杀活动生命周期状态...
2026-06-05 20:48:00.041  INFO 16044 --- [scheduling-1] eden.service.task.OrderTask              : 开始执行订单超时关闭任务...
2026-06-05 20:48:00.045  INFO 16044 --- [scheduling-1] eden.service.task.OrderTask              : 没有超时订单需要关闭
2026-06-05 20:49:00.005  INFO 16044 --- [scheduling-1] eden.service.task.PromotionTask          : 开始刷新秒杀活动生命周期状态...
2026-06-05 20:49:00.037  INFO 16044 --- [scheduling-1] eden.service.task.OrderTask              : 开始执行订单超时关闭任务...
2026-06-05 20:49:00.041  INFO 16044 --- [scheduling-1] eden.service.task.OrderTask              : 没有超时订单需要关闭
2026-06-05 20:50:00.011  INFO 16044 --- [scheduling-1] eden.service.task.PromotionTask          : 开始刷新秒杀活动生命周期状态...
2026-06-05 20:50:00.042  INFO 16044 --- [scheduling-1] eden.service.task.OrderTask              : 开始执行订单超时关闭任务...
2026-06-05 20:50:00.048  INFO 16044 --- [scheduling-1] eden.service.task.OrderTask              : 没有超时订单需要关闭
2026-06-05 20:51:00.005  INFO 16044 --- [scheduling-1] eden.service.task.OrderTask              : 开始执行订单超时关闭任务...
2026-06-05 20:51:00.027  INFO 16044 --- [scheduling-1] eden.service.task.OrderTask              : 没有超时订单需要关闭
2026-06-05 20:51:00.027  INFO 16044 --- [scheduling-1] eden.service.task.PromotionTask          : 开始刷新秒杀活动生命周期状态...
2026-06-05 20:52:00.004  INFO 16044 --- [scheduling-1] eden.service.task.PromotionTask          : 开始刷新秒杀活动生命周期状态...
2026-06-05 20:52:00.045  INFO 16044 --- [scheduling-1] eden.service.task.OrderTask              : 开始执行订单超时关闭任务...
2026-06-05 20:52:00.049  INFO 16044 --- [scheduling-1] eden.service.task.OrderTask              : 没有超时订单需要关闭
2026-06-05 20:53:00.014  INFO 16044 --- [scheduling-1] eden.service.task.PromotionTask          : 开始刷新秒杀活动生命周期状态...
2026-06-05 20:53:00.048  INFO 16044 --- [scheduling-1] eden.service.task.OrderTask              : 开始执行订单超时关闭任务...
2026-06-05 20:53:00.052  INFO 16044 --- [scheduling-1] eden.service.task.OrderTask              : 没有超时订单需要关闭
2026-06-05 20:54:00.000  INFO 16044 --- [scheduling-1] eden.service.task.OrderTask              : 开始执行订单超时关闭任务...
2026-06-05 20:54:00.006  INFO 16044 --- [scheduling-1] eden.service.task.OrderTask              : 没有超时订单需要关闭
2026-06-05 20:54:00.006  INFO 16044 --- [scheduling-1] eden.service.task.PromotionTask          : 开始刷新秒杀活动生命周期状态...
2026-06-05 20:55:00.000  INFO 16044 --- [scheduling-1] eden.service.task.PromotionTask          : 开始刷新秒杀活动生命周期状态...
2026-06-05 20:55:00.022  INFO 16044 --- [scheduling-1] eden.service.task.OrderTask              : 开始执行订单超时关闭任务...
2026-06-05 20:55:00.026  INFO 16044 --- [scheduling-1] eden.service.task.OrderTask              : 没有超时订单需要关闭
2026-06-05 20:56:00.006  INFO 16044 --- [scheduling-1] eden.service.task.PromotionTask          : 开始刷新秒杀活动生命周期状态...
2026-06-05 20:56:00.043  INFO 16044 --- [scheduling-1] eden.service.task.OrderTask              : 开始执行订单超时关闭任务...
2026-06-05 20:56:00.047  INFO 16044 --- [scheduling-1] eden.service.task.OrderTask              : 没有超时订单需要关闭
2026-06-05 20:57:00.012  INFO 16044 --- [scheduling-1] eden.service.task.OrderTask              : 开始执行订单超时关闭任务...
2026-06-05 20:57:00.019  INFO 16044 --- [scheduling-1] eden.service.task.OrderTask              : 没有超时订单需要关闭
2026-06-05 20:57:00.019  INFO 16044 --- [scheduling-1] eden.service.task.PromotionTask          : 开始刷新秒杀活动生命周期状态...
2026-06-05 20:58:00.006  INFO 16044 --- [scheduling-1] eden.service.task.PromotionTask          : 开始刷新秒杀活动生命周期状态...
2026-06-05 20:58:00.021  INFO 16044 --- [scheduling-1] eden.service.task.OrderTask              : 开始执行订单超时关闭任务...
2026-06-05 20:58:00.025  INFO 16044 --- [scheduling-1] eden.service.task.OrderTask              : 没有超时订单需要关闭
2026-06-05 20:59:00.002  INFO 16044 --- [scheduling-1] eden.service.task.OrderTask              : 开始执行订单超时关闭任务...
2026-06-05 20:59:00.008  INFO 16044 --- [scheduling-1] eden.service.task.OrderTask              : 没有超时订单需要关闭
2026-06-05 20:59:00.009  INFO 16044 --- [scheduling-1] eden.service.task.PromotionTask          : 开始刷新秒杀活动生命周期状态...
2026-06-05 21:00:00.004  INFO 16044 --- [scheduling-1] eden.service.task.OrderTask              : 开始执行订单超时关闭任务...
2026-06-05 21:00:00.013  INFO 16044 --- [scheduling-1] eden.service.task.OrderTask              : 没有超时订单需要关闭
2026-06-05 21:00:00.013  INFO 16044 --- [scheduling-1] eden.service.task.PromotionTask          : 开始刷新秒杀活动生命周期状态...
2026-06-05 21:01:00.012  INFO 16044 --- [scheduling-1] eden.service.task.OrderTask              : 开始执行订单超时关闭任务...
2026-06-05 21:01:00.027  INFO 16044 --- [scheduling-1] eden.service.task.OrderTask              : 没有超时订单需要关闭
2026-06-05 21:01:00.028  INFO 16044 --- [scheduling-1] eden.service.task.PromotionTask          : 开始刷新秒杀活动生命周期状态...
2026-06-05 21:02:00.005  INFO 16044 --- [scheduling-1] eden.service.task.OrderTask              : 开始执行订单超时关闭任务...
2026-06-05 21:02:00.013  INFO 16044 --- [scheduling-1] eden.service.task.OrderTask              : 没有超时订单需要关闭
2026-06-05 21:02:00.013  INFO 16044 --- [scheduling-1] eden.service.task.PromotionTask          : 开始刷新秒杀活动生命周期状态...
2026-06-05 21:03:00.012  INFO 16044 --- [scheduling-1] eden.service.task.OrderTask              : 开始执行订单超时关闭任务...
2026-06-05 21:03:00.020  INFO 16044 --- [scheduling-1] eden.service.task.OrderTask              : 没有超时订单需要关闭
2026-06-05 21:03:00.021  INFO 16044 --- [scheduling-1] eden.service.task.PromotionTask          : 开始刷新秒杀活动生命周期状态...
2026-06-05 21:04:00.006  INFO 16044 --- [scheduling-1] eden.service.task.OrderTask              : 开始执行订单超时关闭任务...
2026-06-05 21:04:00.019  INFO 16044 --- [scheduling-1] eden.service.task.OrderTask              : 没有超时订单需要关闭
2026-06-05 21:04:00.020  INFO 16044 --- [scheduling-1] eden.service.task.PromotionTask          : 开始刷新秒杀活动生命周期状态...
2026-06-05 21:05:00.010  INFO 16044 --- [scheduling-1] eden.service.task.OrderTask              : 开始执行订单超时关闭任务...
2026-06-05 21:05:00.018  INFO 16044 --- [scheduling-1] eden.service.task.OrderTask              : 没有超时订单需要关闭
2026-06-05 21:05:00.018  INFO 16044 --- [scheduling-1] eden.service.task.PromotionTask          : 开始刷新秒杀活动生命周期状态...
2026-06-05 21:06:00.011  INFO 16044 --- [scheduling-1] eden.service.task.PromotionTask          : 开始刷新秒杀活动生命周期状态...
2026-06-05 21:06:00.026  INFO 16044 --- [scheduling-1] eden.service.task.OrderTask              : 开始执行订单超时关闭任务...
2026-06-05 21:06:00.030  INFO 16044 --- [scheduling-1] eden.service.task.OrderTask              : 没有超时订单需要关闭
2026-06-05 21:07:00.002  INFO 16044 --- [scheduling-1] eden.service.task.OrderTask              : 开始执行订单超时关闭任务...
2026-06-05 21:07:00.009  INFO 16044 --- [scheduling-1] eden.service.task.OrderTask              : 没有超时订单需要关闭
2026-06-05 21:07:00.010  INFO 16044 --- [scheduling-1] eden.service.task.PromotionTask          : 开始刷新秒杀活动生命周期状态...
2026-06-05 21:08:00.005  INFO 16044 --- [scheduling-1] eden.service.task.OrderTask              : 开始执行订单超时关闭任务...
2026-06-05 21:08:00.012  INFO 16044 --- [scheduling-1] eden.service.task.OrderTask              : 没有超时订单需要关闭
2026-06-05 21:08:00.012  INFO 16044 --- [scheduling-1] eden.service.task.PromotionTask          : 开始刷新秒杀活动生命周期状态...
2026-06-05 21:09:00.005  INFO 16044 --- [scheduling-1] eden.service.task.PromotionTask          : 开始刷新秒杀活动生命周期状态...
2026-06-05 21:09:00.021  INFO 16044 --- [scheduling-1] eden.service.task.OrderTask              : 开始执行订单超时关闭任务...
2026-06-05 21:09:00.028  INFO 16044 --- [scheduling-1] eden.service.task.OrderTask              : 没有超时订单需要关闭
2026-06-05 21:10:00.014  INFO 16044 --- [scheduling-1] eden.service.task.PromotionTask          : 开始刷新秒杀活动生命周期状态...
2026-06-05 21:10:00.029  INFO 16044 --- [scheduling-1] eden.service.task.OrderTask              : 开始执行订单超时关闭任务...
2026-06-05 21:10:00.033  INFO 16044 --- [scheduling-1] eden.service.task.OrderTask              : 没有超时订单需要关闭
2026-06-05 21:11:00.009  INFO 16044 --- [scheduling-1] eden.service.task.PromotionTask          : 开始刷新秒杀活动生命周期状态...
2026-06-05 21:11:00.047  INFO 16044 --- [scheduling-1] eden.service.task.OrderTask              : 开始执行订单超时关闭任务...
2026-06-05 21:11:00.051  INFO 16044 --- [scheduling-1] eden.service.task.OrderTask              : 没有超时订单需要关闭
2026-06-05 21:12:00.014  INFO 16044 --- [scheduling-1] eden.service.task.OrderTask              : 开始执行订单超时关闭任务...
2026-06-05 21:12:00.044  INFO 16044 --- [scheduling-1] eden.service.task.OrderTask              : 没有超时订单需要关闭
2026-06-05 21:12:00.045  INFO 16044 --- [scheduling-1] eden.service.task.PromotionTask          : 开始刷新秒杀活动生命周期状态...
2026-06-05 21:13:00.002  INFO 16044 --- [scheduling-1] eden.service.task.OrderTask              : 开始执行订单超时关闭任务...
2026-06-05 21:13:00.018  INFO 16044 --- [scheduling-1] eden.service.task.OrderTask              : 没有超时订单需要关闭
2026-06-05 21:13:00.019  INFO 16044 --- [scheduling-1] eden.service.task.PromotionTask          : 开始刷新秒杀活动生命周期状态...
2026-06-05 21:14:00.000  INFO 16044 --- [scheduling-1] eden.service.task.OrderTask              : 开始执行订单超时关闭任务...
2026-06-05 21:14:00.032  INFO 16044 --- [scheduling-1] eden.service.task.OrderTask              : 没有超时订单需要关闭
2026-06-05 21:14:00.032  INFO 16044 --- [scheduling-1] eden.service.task.PromotionTask          : 开始刷新秒杀活动生命周期状态...
2026-06-05 21:15:00.008  INFO 16044 --- [scheduling-1] eden.service.task.OrderTask              : 开始执行订单超时关闭任务...
2026-06-05 21:15:00.028  INFO 16044 --- [scheduling-1] eden.service.task.OrderTask              : 没有超时订单需要关闭
2026-06-05 21:15:00.028  INFO 16044 --- [scheduling-1] eden.service.task.PromotionTask          : 开始刷新秒杀活动生命周期状态...
2026-06-05 21:16:00.014  INFO 16044 --- [scheduling-1] eden.service.task.PromotionTask          : 开始刷新秒杀活动生命周期状态...
2026-06-05 21:16:00.043  INFO 16044 --- [scheduling-1] eden.service.task.OrderTask              : 开始执行订单超时关闭任务...
2026-06-05 21:16:00.047  INFO 16044 --- [scheduling-1] eden.service.task.OrderTask              : 没有超时订单需要关闭
2026-06-05 21:17:00.009  INFO 16044 --- [scheduling-1] eden.service.task.OrderTask              : 开始执行订单超时关闭任务...
2026-06-05 21:17:00.026  INFO 16044 --- [scheduling-1] eden.service.task.OrderTask              : 没有超时订单需要关闭
2026-06-05 21:17:00.026  INFO 16044 --- [scheduling-1] eden.service.task.PromotionTask          : 开始刷新秒杀活动生命周期状态...
2026-06-05 21:18:00.009  INFO 16044 --- [scheduling-1] eden.service.task.OrderTask              : 开始执行订单超时关闭任务...
2026-06-05 21:18:00.015  INFO 16044 --- [scheduling-1] eden.service.task.OrderTask              : 没有超时订单需要关闭
2026-06-05 21:18:00.015  INFO 16044 --- [scheduling-1] eden.service.task.PromotionTask          : 开始刷新秒杀活动生命周期状态...
2026-06-05 21:19:00.007  INFO 16044 --- [scheduling-1] eden.service.task.OrderTask              : 开始执行订单超时关闭任务...
2026-06-05 21:19:00.013  INFO 16044 --- [scheduling-1] eden.service.task.OrderTask              : 没有超时订单需要关闭
2026-06-05 21:19:00.014  INFO 16044 --- [scheduling-1] eden.service.task.PromotionTask          : 开始刷新秒杀活动生命周期状态...
2026-06-05 21:20:00.005  INFO 16044 --- [scheduling-1] eden.service.task.OrderTask              : 开始执行订单超时关闭任务...
2026-06-05 21:20:00.016  INFO 16044 --- [scheduling-1] eden.service.task.OrderTask              : 没有超时订单需要关闭
2026-06-05 21:20:00.016  INFO 16044 --- [scheduling-1] eden.service.task.PromotionTask          : 开始刷新秒杀活动生命周期状态...
2026-06-05 21:21:00.005  INFO 16044 --- [scheduling-1] eden.service.task.PromotionTask          : 开始刷新秒杀活动生命周期状态...
2026-06-05 21:21:00.025  INFO 16044 --- [scheduling-1] eden.service.task.OrderTask              : 开始执行订单超时关闭任务...
2026-06-05 21:21:00.032  INFO 16044 --- [scheduling-1] eden.service.task.OrderTask              : 没有超时订单需要关闭
2026-06-05 21:22:00.009  INFO 16044 --- [scheduling-1] eden.service.task.OrderTask              : 开始执行订单超时关闭任务...
2026-06-05 21:22:00.018  INFO 16044 --- [scheduling-1] eden.service.task.OrderTask              : 没有超时订单需要关闭
2026-06-05 21:22:00.018  INFO 16044 --- [scheduling-1] eden.service.task.PromotionTask          : 开始刷新秒杀活动生命周期状态...
2026-06-05 21:23:00.005  INFO 16044 --- [scheduling-1] eden.service.task.PromotionTask          : 开始刷新秒杀活动生命周期状态...
2026-06-05 21:23:00.024  INFO 16044 --- [scheduling-1] eden.service.task.OrderTask              : 开始执行订单超时关闭任务...
2026-06-05 21:23:00.030  INFO 16044 --- [scheduling-1] eden.service.task.OrderTask              : 没有超时订单需要关闭
2026-06-05 21:24:00.003  INFO 16044 --- [scheduling-1] eden.service.task.PromotionTask          : 开始刷新秒杀活动生命周期状态...
2026-06-05 21:24:00.024  INFO 16044 --- [scheduling-1] eden.service.task.OrderTask              : 开始执行订单超时关闭任务...
2026-06-05 21:24:00.030  INFO 16044 --- [scheduling-1] eden.service.task.OrderTask              : 没有超时订单需要关闭
2026-06-05 21:25:00.003  INFO 16044 --- [scheduling-1] eden.service.task.OrderTask              : 开始执行订单超时关闭任务...
2026-06-05 21:25:00.009  INFO 16044 --- [scheduling-1] eden.service.task.OrderTask              : 没有超时订单需要关闭
2026-06-05 21:25:00.019  INFO 16044 --- [scheduling-1] eden.service.task.PromotionTask          : 开始刷新秒杀活动生命周期状态...
2026-06-05 21:26:00.010  INFO 16044 --- [scheduling-1] eden.service.task.PromotionTask          : 开始刷新秒杀活动生命周期状态...
2026-06-05 21:26:00.044  INFO 16044 --- [scheduling-1] eden.service.task.OrderTask              : 开始执行订单超时关闭任务...
2026-06-05 21:26:00.048  INFO 16044 --- [scheduling-1] eden.service.task.OrderTask              : 没有超时订单需要关闭
2026-06-05 21:27:00.001  INFO 16044 --- [scheduling-1] eden.service.task.PromotionTask          : 开始刷新秒杀活动生命周期状态...
2026-06-05 21:27:00.041  INFO 16044 --- [scheduling-1] eden.service.task.OrderTask              : 开始执行订单超时关闭任务...
2026-06-05 21:27:00.047  INFO 16044 --- [scheduling-1] eden.service.task.OrderTask              : 没有超时订单需要关闭
2026-06-05 21:28:00.014  INFO 16044 --- [scheduling-1] eden.service.task.PromotionTask          : 开始刷新秒杀活动生命周期状态...
2026-06-05 21:28:00.045  INFO 16044 --- [scheduling-1] eden.service.task.OrderTask              : 开始执行订单超时关闭任务...
2026-06-05 21:28:00.049  INFO 16044 --- [scheduling-1] eden.service.task.OrderTask              : 没有超时订单需要关闭
2026-06-05 21:29:00.000  INFO 16044 --- [scheduling-1] eden.service.task.PromotionTask          : 开始刷新秒杀活动生命周期状态...
2026-06-05 21:29:00.032  INFO 16044 --- [scheduling-1] eden.service.task.OrderTask              : 开始执行订单超时关闭任务...
2026-06-05 21:29:00.035  INFO 16044 --- [scheduling-1] eden.service.task.OrderTask              : 没有超时订单需要关闭
2026-06-05 21:30:00.004  INFO 16044 --- [scheduling-1] eden.service.task.OrderTask              : 开始执行订单超时关闭任务...
2026-06-05 21:30:00.009  INFO 16044 --- [scheduling-1] eden.service.task.OrderTask              : 没有超时订单需要关闭
2026-06-05 21:30:00.010  INFO 16044 --- [scheduling-1] eden.service.task.PromotionTask          : 开始刷新秒杀活动生命周期状态...
2026-06-05 21:31:00.012  INFO 16044 --- [scheduling-1] eden.service.task.OrderTask              : 开始执行订单超时关闭任务...
2026-06-05 21:31:00.017  INFO 16044 --- [scheduling-1] eden.service.task.OrderTask              : 没有超时订单需要关闭
2026-06-05 21:31:00.018  INFO 16044 --- [scheduling-1] eden.service.task.PromotionTask          : 开始刷新秒杀活动生命周期状态...
2026-06-05 21:32:00.000  INFO 16044 --- [scheduling-1] eden.service.task.PromotionTask          : 开始刷新秒杀活动生命周期状态...
2026-06-05 21:32:00.016  INFO 16044 --- [scheduling-1] eden.service.task.OrderTask              : 开始执行订单超时关闭任务...
2026-06-05 21:32:00.021  INFO 16044 --- [scheduling-1] eden.service.task.OrderTask              : 没有超时订单需要关闭
2026-06-05 21:33:00.011  INFO 16044 --- [scheduling-1] eden.service.task.OrderTask              : 开始执行订单超时关闭任务...
2026-06-05 21:33:00.018  INFO 16044 --- [scheduling-1] eden.service.task.OrderTask              : 没有超时订单需要关闭
2026-06-05 21:33:00.019  INFO 16044 --- [scheduling-1] eden.service.task.PromotionTask          : 开始刷新秒杀活动生命周期状态...
2026-06-05 21:34:00.014  INFO 16044 --- [scheduling-1] eden.service.task.OrderTask              : 开始执行订单超时关闭任务...
2026-06-05 21:34:00.021  INFO 16044 --- [scheduling-1] eden.service.task.OrderTask              : 没有超时订单需要关闭
2026-06-05 21:34:00.021  INFO 16044 --- [scheduling-1] eden.service.task.PromotionTask          : 开始刷新秒杀活动生命周期状态...
2026-06-05 21:35:00.012  INFO 16044 --- [scheduling-1] eden.service.task.PromotionTask          : 开始刷新秒杀活动生命周期状态...
2026-06-05 21:35:00.026  INFO 16044 --- [scheduling-1] eden.service.task.OrderTask              : 开始执行订单超时关闭任务...
2026-06-05 21:35:00.034  INFO 16044 --- [scheduling-1] eden.service.task.OrderTask              : 没有超时订单需要关闭
2026-06-05 21:36:00.014  INFO 16044 --- [scheduling-1] eden.service.task.OrderTask              : 开始执行订单超时关闭任务...
2026-06-05 21:36:00.044  INFO 16044 --- [scheduling-1] eden.service.task.OrderTask              : 没有超时订单需要关闭
2026-06-05 21:36:00.044  INFO 16044 --- [scheduling-1] eden.service.task.PromotionTask          : 开始刷新秒杀活动生命周期状态...
2026-06-05 21:37:00.009  INFO 16044 --- [scheduling-1] eden.service.task.OrderTask              : 开始执行订单超时关闭任务...
2026-06-05 21:37:00.015  INFO 16044 --- [scheduling-1] eden.service.task.OrderTask              : 没有超时订单需要关闭
2026-06-05 21:37:00.015  INFO 16044 --- [scheduling-1] eden.service.task.PromotionTask          : 开始刷新秒杀活动生命周期状态...
2026-06-05 21:38:00.006  INFO 16044 --- [scheduling-1] eden.service.task.PromotionTask          : 开始刷新秒杀活动生命周期状态...
2026-06-05 21:38:00.020  INFO 16044 --- [scheduling-1] eden.service.task.OrderTask              : 开始执行订单超时关闭任务...
2026-06-05 21:38:00.024  INFO 16044 --- [scheduling-1] eden.service.task.OrderTask              : 没有超时订单需要关闭
2026-06-05 21:39:00.015  INFO 16044 --- [scheduling-1] eden.service.task.PromotionTask          : 开始刷新秒杀活动生命周期状态...
2026-06-05 21:39:00.029  INFO 16044 --- [scheduling-1] eden.service.task.OrderTask              : 开始执行订单超时关闭任务...
2026-06-05 21:39:00.033  INFO 16044 --- [scheduling-1] eden.service.task.OrderTask              : 没有超时订单需要关闭
2026-06-05 21:40:00.004  INFO 16044 --- [scheduling-1] eden.service.task.PromotionTask          : 开始刷新秒杀活动生命周期状态...
2026-06-05 21:40:00.019  INFO 16044 --- [scheduling-1] eden.service.task.OrderTask              : 开始执行订单超时关闭任务...
2026-06-05 21:40:00.023  INFO 16044 --- [scheduling-1] eden.service.task.OrderTask              : 没有超时订单需要关闭
2026-06-05 21:41:00.004  INFO 16044 --- [scheduling-1] eden.service.task.PromotionTask          : 开始刷新秒杀活动生命周期状态...
2026-06-05 21:41:00.018  INFO 16044 --- [scheduling-1] eden.service.task.OrderTask              : 开始执行订单超时关闭任务...
2026-06-05 21:41:00.022  INFO 16044 --- [scheduling-1] eden.service.task.OrderTask              : 没有超时订单需要关闭
2026-06-05 21:42:00.013  INFO 16044 --- [scheduling-1] eden.service.task.PromotionTask          : 开始刷新秒杀活动生命周期状态...
2026-06-05 21:42:00.048  INFO 16044 --- [scheduling-1] eden.service.task.OrderTask              : 开始执行订单超时关闭任务...
2026-06-05 21:42:00.053  INFO 16044 --- [scheduling-1] eden.service.task.OrderTask              : 没有超时订单需要关闭
2026-06-05 21:43:00.012  INFO 16044 --- [scheduling-1] eden.service.task.PromotionTask          : 开始刷新秒杀活动生命周期状态...
2026-06-05 21:43:00.049  INFO 16044 --- [scheduling-1] eden.service.task.OrderTask              : 开始执行订单超时关闭任务...
2026-06-05 21:43:00.056  INFO 16044 --- [scheduling-1] eden.service.task.OrderTask              : 没有超时订单需要关闭
2026-06-05 21:44:00.001  INFO 16044 --- [scheduling-1] eden.service.task.PromotionTask          : 开始刷新秒杀活动生命周期状态...
2026-06-05 21:44:00.041  INFO 16044 --- [scheduling-1] eden.service.task.OrderTask              : 开始执行订单超时关闭任务...
2026-06-05 21:44:00.046  INFO 16044 --- [scheduling-1] eden.service.task.OrderTask              : 没有超时订单需要关闭
2026-06-05 21:45:00.006  INFO 16044 --- [scheduling-1] eden.service.task.OrderTask              : 开始执行订单超时关闭任务...
2026-06-05 21:45:00.012  INFO 16044 --- [scheduling-1] eden.service.task.OrderTask              : 没有超时订单需要关闭
2026-06-05 21:45:00.013  INFO 16044 --- [scheduling-1] eden.service.task.PromotionTask          : 开始刷新秒杀活动生命周期状态...
2026-06-05 21:46:00.009  INFO 16044 --- [scheduling-1] eden.service.task.OrderTask              : 开始执行订单超时关闭任务...
2026-06-05 21:46:00.013  INFO 16044 --- [scheduling-1] eden.service.task.OrderTask              : 没有超时订单需要关闭
2026-06-05 21:46:00.030  INFO 16044 --- [scheduling-1] eden.service.task.PromotionTask          : 开始刷新秒杀活动生命周期状态...
2026-06-05 21:47:00.000  INFO 16044 --- [scheduling-1] eden.service.task.PromotionTask          : 开始刷新秒杀活动生命周期状态...
2026-06-05 21:47:00.013  INFO 16044 --- [scheduling-1] eden.service.task.OrderTask              : 开始执行订单超时关闭任务...
2026-06-05 21:47:00.018  INFO 16044 --- [scheduling-1] eden.service.task.OrderTask              : 没有超时订单需要关闭
2026-06-05 21:48:00.012  INFO 16044 --- [scheduling-1] eden.service.task.OrderTask              : 开始执行订单超时关闭任务...
2026-06-05 21:48:00.017  INFO 16044 --- [scheduling-1] eden.service.task.OrderTask              : 没有超时订单需要关闭
2026-06-05 21:48:00.018  INFO 16044 --- [scheduling-1] eden.service.task.PromotionTask          : 开始刷新秒杀活动生命周期状态...
2026-06-05 21:49:00.015  INFO 16044 --- [scheduling-1] eden.service.task.OrderTask              : 开始执行订单超时关闭任务...
2026-06-05 21:49:00.020  INFO 16044 --- [scheduling-1] eden.service.task.OrderTask              : 没有超时订单需要关闭
2026-06-05 21:49:00.022  INFO 16044 --- [scheduling-1] eden.service.task.PromotionTask          : 开始刷新秒杀活动生命周期状态...
2026-06-05 21:50:00.013  INFO 16044 --- [scheduling-1] eden.service.task.OrderTask              : 开始执行订单超时关闭任务...
2026-06-05 21:50:00.021  INFO 16044 --- [scheduling-1] eden.service.task.OrderTask              : 没有超时订单需要关闭
2026-06-05 21:50:00.023  INFO 16044 --- [scheduling-1] eden.service.task.PromotionTask          : 开始刷新秒杀活动生命周期状态...
2026-06-05 21:51:00.014  INFO 16044 --- [scheduling-1] eden.service.task.PromotionTask          : 开始刷新秒杀活动生命周期状态...
2026-06-05 21:51:00.048  INFO 16044 --- [scheduling-1] eden.service.task.OrderTask              : 开始执行订单超时关闭任务...
2026-06-05 21:51:00.052  INFO 16044 --- [scheduling-1] eden.service.task.OrderTask              : 没有超时订单需要关闭
2026-06-05 21:52:00.001  INFO 16044 --- [scheduling-1] eden.service.task.OrderTask              : 开始执行订单超时关闭任务...
2026-06-05 21:52:00.029  INFO 16044 --- [scheduling-1] eden.service.task.OrderTask              : 没有超时订单需要关闭
2026-06-05 21:52:00.029  INFO 16044 --- [scheduling-1] eden.service.task.PromotionTask          : 开始刷新秒杀活动生命周期状态...
2026-06-05 21:53:00.010  INFO 16044 --- [scheduling-1] eden.service.task.PromotionTask          : 开始刷新秒杀活动生命周期状态...
2026-06-05 21:53:00.041  INFO 16044 --- [scheduling-1] eden.service.task.OrderTask              : 开始执行订单超时关闭任务...
2026-06-05 21:53:00.045  INFO 16044 --- [scheduling-1] eden.service.task.OrderTask              : 没有超时订单需要关闭
2026-06-05 21:54:00.031  INFO 16044 --- [scheduling-1] eden.service.task.PromotionTask          : 开始刷新秒杀活动生命周期状态...
2026-06-05 21:54:00.049  INFO 16044 --- [scheduling-1] eden.service.task.OrderTask              : 开始执行订单超时关闭任务...
2026-06-05 21:54:00.054  INFO 16044 --- [scheduling-1] eden.service.task.OrderTask              : 没有超时订单需要关闭
2026-06-05 21:55:00.012  INFO 16044 --- [scheduling-1] eden.service.task.OrderTask              : 开始执行订单超时关闭任务...
2026-06-05 21:55:00.020  INFO 16044 --- [scheduling-1] eden.service.task.OrderTask              : 没有超时订单需要关闭
2026-06-05 21:55:00.021  INFO 16044 --- [scheduling-1] eden.service.task.PromotionTask          : 开始刷新秒杀活动生命周期状态...
2026-06-05 21:56:00.002  INFO 16044 --- [scheduling-1] eden.service.task.PromotionTask          : 开始刷新秒杀活动生命周期状态...
2026-06-05 21:56:00.024  INFO 16044 --- [scheduling-1] eden.service.task.OrderTask              : 开始执行订单超时关闭任务...
2026-06-05 21:56:00.029  INFO 16044 --- [scheduling-1] eden.service.task.OrderTask              : 没有超时订单需要关闭
2026-06-05 21:57:00.011  INFO 16044 --- [scheduling-1] eden.service.task.OrderTask              : 开始执行订单超时关闭任务...
2026-06-05 21:57:00.034  INFO 16044 --- [scheduling-1] eden.service.task.OrderTask              : 没有超时订单需要关闭
2026-06-05 21:57:00.035  INFO 16044 --- [scheduling-1] eden.service.task.PromotionTask          : 开始刷新秒杀活动生命周期状态...
2026-06-05 21:58:00.011  INFO 16044 --- [scheduling-1] eden.service.task.OrderTask              : 开始执行订单超时关闭任务...
2026-06-05 21:58:00.021  INFO 16044 --- [scheduling-1] eden.service.task.OrderTask              : 没有超时订单需要关闭
2026-06-05 21:58:00.021  INFO 16044 --- [scheduling-1] eden.service.task.PromotionTask          : 开始刷新秒杀活动生命周期状态...
2026-06-05 21:59:00.007  INFO 16044 --- [scheduling-1] eden.service.task.PromotionTask          : 开始刷新秒杀活动生命周期状态...
2026-06-05 21:59:00.042  INFO 16044 --- [scheduling-1] eden.service.task.OrderTask              : 开始执行订单超时关闭任务...
2026-06-05 21:59:00.047  INFO 16044 --- [scheduling-1] eden.service.task.OrderTask              : 没有超时订单需要关闭
2026-06-05 22:00:00.012  INFO 16044 --- [scheduling-1] eden.service.task.OrderTask              : 开始执行订单超时关闭任务...
2026-06-05 22:00:00.019  INFO 16044 --- [scheduling-1] eden.service.task.OrderTask              : 没有超时订单需要关闭
2026-06-05 22:00:00.019  INFO 16044 --- [scheduling-1] eden.service.task.PromotionTask          : 开始刷新秒杀活动生命周期状态...
2026-06-05 22:01:00.009  INFO 16044 --- [scheduling-1] eden.service.task.OrderTask              : 开始执行订单超时关闭任务...
2026-06-05 22:01:00.031  INFO 16044 --- [scheduling-1] eden.service.task.OrderTask              : 没有超时订单需要关闭
2026-06-05 22:01:00.032  INFO 16044 --- [scheduling-1] eden.service.task.PromotionTask          : 开始刷新秒杀活动生命周期状态...
2026-06-05 22:02:00.009  INFO 16044 --- [scheduling-1] eden.service.task.PromotionTask          : 开始刷新秒杀活动生命周期状态...
2026-06-05 22:02:00.029  INFO 16044 --- [scheduling-1] eden.service.task.OrderTask              : 开始执行订单超时关闭任务...
2026-06-05 22:02:00.034  INFO 16044 --- [scheduling-1] eden.service.task.OrderTask              : 没有超时订单需要关闭
2026-06-05 22:03:00.007  INFO 16044 --- [scheduling-1] eden.service.task.PromotionTask          : 开始刷新秒杀活动生命周期状态...
2026-06-05 22:03:00.021  INFO 16044 --- [scheduling-1] eden.service.task.OrderTask              : 开始执行订单超时关闭任务...
2026-06-05 22:03:00.023  INFO 16044 --- [scheduling-1] eden.service.task.OrderTask              : 没有超时订单需要关闭
2026-06-05 22:04:00.010  INFO 16044 --- [scheduling-1] eden.service.task.PromotionTask          : 开始刷新秒杀活动生命周期状态...
2026-06-05 22:04:00.040  INFO 16044 --- [scheduling-1] eden.service.task.OrderTask              : 开始执行订单超时关闭任务...
2026-06-05 22:04:00.043  INFO 16044 --- [scheduling-1] eden.service.task.OrderTask              : 没有超时订单需要关闭
2026-06-05 22:05:00.001  INFO 16044 --- [scheduling-1] eden.service.task.OrderTask              : 开始执行订单超时关闭任务...
2026-06-05 22:05:00.007  INFO 16044 --- [scheduling-1] eden.service.task.OrderTask              : 没有超时订单需要关闭
2026-06-05 22:05:00.007  INFO 16044 --- [scheduling-1] eden.service.task.PromotionTask          : 开始刷新秒杀活动生命周期状态...
2026-06-05 22:06:00.002  INFO 16044 --- [scheduling-1] eden.service.task.PromotionTask          : 开始刷新秒杀活动生命周期状态...
2026-06-05 22:06:00.018  INFO 16044 --- [scheduling-1] eden.service.task.OrderTask              : 开始执行订单超时关闭任务...
2026-06-05 22:06:00.024  INFO 16044 --- [scheduling-1] eden.service.task.OrderTask              : 没有超时订单需要关闭
2026-06-05 22:07:00.014  INFO 16044 --- [scheduling-1] eden.service.task.PromotionTask          : 开始刷新秒杀活动生命周期状态...
2026-06-05 22:07:00.030  INFO 16044 --- [scheduling-1] eden.service.task.OrderTask              : 开始执行订单超时关闭任务...
2026-06-05 22:07:00.034  INFO 16044 --- [scheduling-1] eden.service.task.OrderTask              : 没有超时订单需要关闭
2026-06-05 22:08:00.015  INFO 16044 --- [scheduling-1] eden.service.task.PromotionTask          : 开始刷新秒杀活动生命周期状态...
2026-06-05 22:08:00.030  INFO 16044 --- [scheduling-1] eden.service.task.OrderTask              : 开始执行订单超时关闭任务...
2026-06-05 22:08:00.034  INFO 16044 --- [scheduling-1] eden.service.task.OrderTask              : 没有超时订单需要关闭
2026-06-05 22:09:00.016  INFO 16044 --- [scheduling-1] eden.service.task.PromotionTask          : 开始刷新秒杀活动生命周期状态...
2026-06-05 22:09:00.034  INFO 16044 --- [scheduling-1] eden.service.task.OrderTask              : 开始执行订单超时关闭任务...
2026-06-05 22:09:00.041  INFO 16044 --- [scheduling-1] eden.service.task.OrderTask              : 没有超时订单需要关闭
2026-06-05 22:10:00.004  INFO 16044 --- [scheduling-1] eden.service.task.OrderTask              : 开始执行订单超时关闭任务...
2026-06-05 22:10:00.011  INFO 16044 --- [scheduling-1] eden.service.task.OrderTask              : 没有超时订单需要关闭
2026-06-05 22:10:00.011  INFO 16044 --- [scheduling-1] eden.service.task.PromotionTask          : 开始刷新秒杀活动生命周期状态...
2026-06-05 22:11:00.010  INFO 16044 --- [scheduling-1] eden.service.task.OrderTask              : 开始执行订单超时关闭任务...
2026-06-05 22:11:00.018  INFO 16044 --- [scheduling-1] eden.service.task.OrderTask              : 没有超时订单需要关闭
2026-06-05 22:11:00.021  INFO 16044 --- [scheduling-1] eden.service.task.PromotionTask          : 开始刷新秒杀活动生命周期状态...
2026-06-05 22:12:00.005  INFO 16044 --- [scheduling-1] eden.service.task.PromotionTask          : 开始刷新秒杀活动生命周期状态...
2026-06-05 22:12:00.030  INFO 16044 --- [scheduling-1] eden.service.task.OrderTask              : 开始执行订单超时关闭任务...
2026-06-05 22:12:00.048  INFO 16044 --- [scheduling-1] eden.service.task.OrderTask              : 没有超时订单需要关闭
2026-06-05 22:13:00.013  INFO 16044 --- [scheduling-1] eden.service.task.PromotionTask          : 开始刷新秒杀活动生命周期状态...
2026-06-05 22:13:00.032  INFO 16044 --- [scheduling-1] eden.service.task.OrderTask              : 开始执行订单超时关闭任务...
2026-06-05 22:13:00.037  INFO 16044 --- [scheduling-1] eden.service.task.OrderTask              : 没有超时订单需要关闭
2026-06-05 22:14:00.010  INFO 16044 --- [scheduling-1] eden.service.task.PromotionTask          : 开始刷新秒杀活动生命周期状态...
2026-06-05 22:14:00.026  INFO 16044 --- [scheduling-1] eden.service.task.OrderTask              : 开始执行订单超时关闭任务...
2026-06-05 22:14:00.031  INFO 16044 --- [scheduling-1] eden.service.task.OrderTask              : 没有超时订单需要关闭
2026-06-05 22:15:00.014  INFO 16044 --- [scheduling-1] eden.service.task.OrderTask              : 开始执行订单超时关闭任务...
2026-06-05 22:15:00.042  INFO 16044 --- [scheduling-1] eden.service.task.OrderTask              : 没有超时订单需要关闭
2026-06-05 22:15:00.042  INFO 16044 --- [scheduling-1] eden.service.task.PromotionTask          : 开始刷新秒杀活动生命周期状态...
2026-06-05 22:16:00.002  INFO 16044 --- [scheduling-1] eden.service.task.OrderTask              : 开始执行订单超时关闭任务...
2026-06-05 22:16:00.029  INFO 16044 --- [scheduling-1] eden.service.task.OrderTask              : 没有超时订单需要关闭
2026-06-05 22:16:00.030  INFO 16044 --- [scheduling-1] eden.service.task.PromotionTask          : 开始刷新秒杀活动生命周期状态...
2026-06-05 22:17:00.008  INFO 16044 --- [scheduling-1] eden.service.task.OrderTask              : 开始执行订单超时关闭任务...
2026-06-05 22:17:00.014  INFO 16044 --- [scheduling-1] eden.service.task.OrderTask              : 没有超时订单需要关闭
2026-06-05 22:17:00.015  INFO 16044 --- [scheduling-1] eden.service.task.PromotionTask          : 开始刷新秒杀活动生命周期状态...
2026-06-05 22:18:00.002  INFO 16044 --- [scheduling-1] eden.service.task.PromotionTask          : 开始刷新秒杀活动生命周期状态...
2026-06-05 22:18:00.037  INFO 16044 --- [scheduling-1] eden.service.task.OrderTask              : 开始执行订单超时关闭任务...
2026-06-05 22:18:00.043  INFO 16044 --- [scheduling-1] eden.service.task.OrderTask              : 没有超时订单需要关闭
2026-06-05 22:19:00.003  INFO 16044 --- [scheduling-1] eden.service.task.PromotionTask          : 开始刷新秒杀活动生命周期状态...
2026-06-05 22:19:00.038  INFO 16044 --- [scheduling-1] eden.service.task.OrderTask              : 开始执行订单超时关闭任务...
2026-06-05 22:19:00.041  INFO 16044 --- [scheduling-1] eden.service.task.OrderTask              : 没有超时订单需要关闭
2026-06-05 22:20:00.005  INFO 16044 --- [scheduling-1] eden.service.task.OrderTask              : 开始执行订单超时关闭任务...
2026-06-05 22:20:00.032  INFO 16044 --- [scheduling-1] eden.service.task.OrderTask              : 没有超时订单需要关闭
2026-06-05 22:20:00.032  INFO 16044 --- [scheduling-1] eden.service.task.PromotionTask          : 开始刷新秒杀活动生命周期状态...
2026-06-05 22:21:00.006  INFO 16044 --- [scheduling-1] eden.service.task.OrderTask              : 开始执行订单超时关闭任务...
2026-06-05 22:21:00.014  INFO 16044 --- [scheduling-1] eden.service.task.OrderTask              : 没有超时订单需要关闭
2026-06-05 22:21:00.015  INFO 16044 --- [scheduling-1] eden.service.task.PromotionTask          : 开始刷新秒杀活动生命周期状态...
2026-06-05 22:22:00.003  INFO 16044 --- [scheduling-1] eden.service.task.OrderTask              : 开始执行订单超时关闭任务...
2026-06-05 22:22:00.026  INFO 16044 --- [scheduling-1] eden.service.task.OrderTask              : 没有超时订单需要关闭
2026-06-05 22:22:00.026  INFO 16044 --- [scheduling-1] eden.service.task.PromotionTask          : 开始刷新秒杀活动生命周期状态...
2026-06-05 22:23:00.014  INFO 16044 --- [scheduling-1] eden.service.task.PromotionTask          : 开始刷新秒杀活动生命周期状态...
2026-06-05 22:23:00.044  INFO 16044 --- [scheduling-1] eden.service.task.OrderTask              : 开始执行订单超时关闭任务...
2026-06-05 22:23:00.050  INFO 16044 --- [scheduling-1] eden.service.task.OrderTask              : 没有超时订单需要关闭
2026-06-05 22:24:00.005  INFO 16044 --- [scheduling-1] eden.service.task.OrderTask              : 开始执行订单超时关闭任务...
2026-06-05 22:24:00.024  INFO 16044 --- [scheduling-1] eden.service.task.OrderTask              : 没有超时订单需要关闭
2026-06-05 22:24:00.024  INFO 16044 --- [scheduling-1] eden.service.task.PromotionTask          : 开始刷新秒杀活动生命周期状态...
2026-06-05 22:25:00.001  INFO 16044 --- [scheduling-1] eden.service.task.PromotionTask          : 开始刷新秒杀活动生命周期状态...
2026-06-05 22:25:00.040  INFO 16044 --- [scheduling-1] eden.service.task.OrderTask              : 开始执行订单超时关闭任务...
2026-06-05 22:25:00.044  INFO 16044 --- [scheduling-1] eden.service.task.OrderTask              : 没有超时订单需要关闭
2026-06-05 22:26:00.012  INFO 16044 --- [scheduling-1] eden.service.task.OrderTask              : 开始执行订单超时关闭任务...
2026-06-05 22:26:00.023  INFO 16044 --- [scheduling-1] eden.service.task.OrderTask              : 没有超时订单需要关闭
2026-06-05 22:26:00.023  INFO 16044 --- [scheduling-1] eden.service.task.PromotionTask          : 开始刷新秒杀活动生命周期状态...
2026-06-05 22:27:00.010  INFO 16044 --- [scheduling-1] eden.service.task.PromotionTask          : 开始刷新秒杀活动生命周期状态...
2026-06-05 22:27:00.044  INFO 16044 --- [scheduling-1] eden.service.task.OrderTask              : 开始执行订单超时关闭任务...
2026-06-05 22:27:00.049  INFO 16044 --- [scheduling-1] eden.service.task.OrderTask              : 没有超时订单需要关闭
2026-06-05 22:28:00.009  INFO 16044 --- [scheduling-1] eden.service.task.PromotionTask          : 开始刷新秒杀活动生命周期状态...
2026-06-05 22:28:00.058  INFO 16044 --- [scheduling-1] eden.service.task.OrderTask              : 开始执行订单超时关闭任务...
2026-06-05 22:28:00.063  INFO 16044 --- [scheduling-1] eden.service.task.OrderTask              : 没有超时订单需要关闭
2026-06-05 22:29:00.001  INFO 16044 --- [scheduling-1] eden.service.task.PromotionTask          : 开始刷新秒杀活动生命周期状态...
2026-06-05 22:29:00.015  INFO 16044 --- [scheduling-1] eden.service.task.OrderTask              : 开始执行订单超时关闭任务...
2026-06-05 22:29:00.021  INFO 16044 --- [scheduling-1] eden.service.task.OrderTask              : 没有超时订单需要关闭
2026-06-05 22:30:00.007  INFO 16044 --- [scheduling-1] eden.service.task.OrderTask              : 开始执行订单超时关闭任务...
2026-06-05 22:30:00.013  INFO 16044 --- [scheduling-1] eden.service.task.OrderTask              : 没有超时订单需要关闭
2026-06-05 22:30:00.014  INFO 16044 --- [scheduling-1] eden.service.task.PromotionTask          : 开始刷新秒杀活动生命周期状态...
2026-06-05 22:31:00.013  INFO 16044 --- [scheduling-1] eden.service.task.OrderTask              : 开始执行订单超时关闭任务...
2026-06-05 22:31:00.024  INFO 16044 --- [scheduling-1] eden.service.task.OrderTask              : 没有超时订单需要关闭
2026-06-05 22:31:00.025  INFO 16044 --- [scheduling-1] eden.service.task.PromotionTask          : 开始刷新秒杀活动生命周期状态...
2026-06-05 22:32:00.008  INFO 16044 --- [scheduling-1] eden.service.task.OrderTask              : 开始执行订单超时关闭任务...
2026-06-05 22:32:00.016  INFO 16044 --- [scheduling-1] eden.service.task.OrderTask              : 没有超时订单需要关闭
2026-06-05 22:32:00.016  INFO 16044 --- [scheduling-1] eden.service.task.PromotionTask          : 开始刷新秒杀活动生命周期状态...
2026-06-05 22:33:00.006  INFO 16044 --- [scheduling-1] eden.service.task.PromotionTask          : 开始刷新秒杀活动生命周期状态...
2026-06-05 22:33:00.038  INFO 16044 --- [scheduling-1] eden.service.task.OrderTask              : 开始执行订单超时关闭任务...
2026-06-05 22:33:00.041  INFO 16044 --- [scheduling-1] eden.service.task.OrderTask              : 没有超时订单需要关闭
2026-06-05 22:34:00.002  INFO 16044 --- [scheduling-1] eden.service.task.PromotionTask          : 开始刷新秒杀活动生命周期状态...
2026-06-05 22:34:00.015  INFO 16044 --- [scheduling-1] eden.service.task.OrderTask              : 开始执行订单超时关闭任务...
2026-06-05 22:34:00.019  INFO 16044 --- [scheduling-1] eden.service.task.OrderTask              : 没有超时订单需要关闭
2026-06-05 22:35:00.011  INFO 16044 --- [scheduling-1] eden.service.task.OrderTask              : 开始执行订单超时关闭任务...
2026-06-05 22:35:00.017  INFO 16044 --- [scheduling-1] eden.service.task.OrderTask              : 没有超时订单需要关闭
2026-06-05 22:35:00.018  INFO 16044 --- [scheduling-1] eden.service.task.PromotionTask          : 开始刷新秒杀活动生命周期状态...
2026-06-05 22:36:00.002  INFO 16044 --- [scheduling-1] eden.service.task.PromotionTask          : 开始刷新秒杀活动生命周期状态...
2026-06-05 22:36:00.017  INFO 16044 --- [scheduling-1] eden.service.task.OrderTask              : 开始执行订单超时关闭任务...
2026-06-05 22:36:00.021  INFO 16044 --- [scheduling-1] eden.service.task.OrderTask              : 没有超时订单需要关闭
2026-06-05 22:37:00.009  INFO 16044 --- [scheduling-1] eden.service.task.OrderTask              : 开始执行订单超时关闭任务...
2026-06-05 22:37:00.031  INFO 16044 --- [scheduling-1] eden.service.task.OrderTask              : 没有超时订单需要关闭
2026-06-05 22:37:00.031  INFO 16044 --- [scheduling-1] eden.service.task.PromotionTask          : 开始刷新秒杀活动生命周期状态...
2026-06-05 22:38:00.006  INFO 16044 --- [scheduling-1] eden.service.task.OrderTask              : 开始执行订单超时关闭任务...
2026-06-05 22:38:00.012  INFO 16044 --- [scheduling-1] eden.service.task.OrderTask              : 没有超时订单需要关闭
2026-06-05 22:38:00.012  INFO 16044 --- [scheduling-1] eden.service.task.PromotionTask          : 开始刷新秒杀活动生命周期状态...
2026-06-05 22:39:00.007  INFO 16044 --- [scheduling-1] eden.service.task.OrderTask              : 开始执行订单超时关闭任务...
2026-06-05 22:39:00.030  INFO 16044 --- [scheduling-1] eden.service.task.OrderTask              : 没有超时订单需要关闭
2026-06-05 22:39:00.030  INFO 16044 --- [scheduling-1] eden.service.task.PromotionTask          : 开始刷新秒杀活动生命周期状态...
2026-06-05 22:40:00.011  INFO 16044 --- [scheduling-1] eden.service.task.PromotionTask          : 开始刷新秒杀活动生命周期状态...
2026-06-05 22:40:00.031  INFO 16044 --- [scheduling-1] eden.service.task.OrderTask              : 开始执行订单超时关闭任务...
2026-06-05 22:40:00.035  INFO 16044 --- [scheduling-1] eden.service.task.OrderTask              : 没有超时订单需要关闭
2026-06-05 22:41:00.012  INFO 16044 --- [scheduling-1] eden.service.task.PromotionTask          : 开始刷新秒杀活动生命周期状态...
2026-06-05 22:41:00.025  INFO 16044 --- [scheduling-1] eden.service.task.OrderTask              : 开始执行订单超时关闭任务...
2026-06-05 22:41:00.029  INFO 16044 --- [scheduling-1] eden.service.task.OrderTask              : 没有超时订单需要关闭
2026-06-05 22:42:00.009  INFO 16044 --- [scheduling-1] eden.service.task.OrderTask              : 开始执行订单超时关闭任务...
2026-06-05 22:42:00.019  INFO 16044 --- [scheduling-1] eden.service.task.OrderTask              : 没有超时订单需要关闭
2026-06-05 22:42:00.019  INFO 16044 --- [scheduling-1] eden.service.task.PromotionTask          : 开始刷新秒杀活动生命周期状态...
2026-06-05 22:43:00.014  INFO 16044 --- [scheduling-1] eden.service.task.PromotionTask          : 开始刷新秒杀活动生命周期状态...
2026-06-05 22:43:00.038  INFO 16044 --- [scheduling-1] eden.service.task.OrderTask              : 开始执行订单超时关闭任务...
2026-06-05 22:43:00.046  INFO 16044 --- [scheduling-1] eden.service.task.OrderTask              : 没有超时订单需要关闭
2026-06-05 22:44:00.003  INFO 16044 --- [scheduling-1] eden.service.task.PromotionTask          : 开始刷新秒杀活动生命周期状态...
2026-06-05 22:44:00.032  INFO 16044 --- [scheduling-1] eden.service.task.OrderTask              : 开始执行订单超时关闭任务...
2026-06-05 22:44:00.037  INFO 16044 --- [scheduling-1] eden.service.task.OrderTask              : 没有超时订单需要关闭
2026-06-05 22:45:00.010  INFO 16044 --- [scheduling-1] eden.service.task.PromotionTask          : 开始刷新秒杀活动生命周期状态...
2026-06-05 22:45:00.053  INFO 16044 --- [scheduling-1] eden.service.task.OrderTask              : 开始执行订单超时关闭任务...
2026-06-05 22:45:00.057  INFO 16044 --- [scheduling-1] eden.service.task.OrderTask              : 没有超时订单需要关闭
2026-06-05 22:46:00.011  INFO 16044 --- [scheduling-1] eden.service.task.PromotionTask          : 开始刷新秒杀活动生命周期状态...
2026-06-05 22:46:00.024  INFO 16044 --- [scheduling-1] eden.service.task.OrderTask              : 开始执行订单超时关闭任务...
2026-06-05 22:46:00.028  INFO 16044 --- [scheduling-1] eden.service.task.OrderTask              : 没有超时订单需要关闭
2026-06-05 22:47:00.007  INFO 16044 --- [scheduling-1] eden.service.task.OrderTask              : 开始执行订单超时关闭任务...
2026-06-05 22:47:00.014  INFO 16044 --- [scheduling-1] eden.service.task.OrderTask              : 没有超时订单需要关闭
2026-06-05 22:47:00.014  INFO 16044 --- [scheduling-1] eden.service.task.PromotionTask          : 开始刷新秒杀活动生命周期状态...
2026-06-05 22:48:00.003  INFO 16044 --- [scheduling-1] eden.service.task.PromotionTask          : 开始刷新秒杀活动生命周期状态...
2026-06-05 22:48:00.037  INFO 16044 --- [scheduling-1] eden.service.task.OrderTask              : 开始执行订单超时关闭任务...
2026-06-05 22:48:00.050  INFO 16044 --- [scheduling-1] eden.service.task.OrderTask              : 没有超时订单需要关闭
2026-06-05 22:49:00.012  INFO 16044 --- [scheduling-1] eden.service.task.PromotionTask          : 开始刷新秒杀活动生命周期状态...
2026-06-05 22:49:00.046  INFO 16044 --- [scheduling-1] eden.service.task.OrderTask              : 开始执行订单超时关闭任务...
2026-06-05 22:49:00.049  INFO 16044 --- [scheduling-1] eden.service.task.OrderTask              : 没有超时订单需要关闭
2026-06-05 22:50:00.003  INFO 16044 --- [scheduling-1] eden.service.task.PromotionTask          : 开始刷新秒杀活动生命周期状态...
2026-06-05 22:50:00.037  INFO 16044 --- [scheduling-1] eden.service.task.OrderTask              : 开始执行订单超时关闭任务...
2026-06-05 22:50:00.041  INFO 16044 --- [scheduling-1] eden.service.task.OrderTask              : 没有超时订单需要关闭
2026-06-05 22:51:00.010  INFO 16044 --- [scheduling-1] eden.service.task.OrderTask              : 开始执行订单超时关闭任务...
2026-06-05 22:51:00.038  INFO 16044 --- [scheduling-1] eden.service.task.OrderTask              : 没有超时订单需要关闭
2026-06-05 22:51:00.038  INFO 16044 --- [scheduling-1] eden.service.task.PromotionTask          : 开始刷新秒杀活动生命周期状态...
2026-06-05 22:52:00.008  INFO 16044 --- [scheduling-1] eden.service.task.OrderTask              : 开始执行订单超时关闭任务...
2026-06-05 22:52:00.015  INFO 16044 --- [scheduling-1] eden.service.task.OrderTask              : 没有超时订单需要关闭
2026-06-05 22:52:00.015  INFO 16044 --- [scheduling-1] eden.service.task.PromotionTask          : 开始刷新秒杀活动生命周期状态...
2026-06-05 22:53:00.010  INFO 16044 --- [scheduling-1] eden.service.task.OrderTask              : 开始执行订单超时关闭任务...
2026-06-05 22:53:00.033  INFO 16044 --- [scheduling-1] eden.service.task.OrderTask              : 没有超时订单需要关闭
2026-06-05 22:53:00.033  INFO 16044 --- [scheduling-1] eden.service.task.PromotionTask          : 开始刷新秒杀活动生命周期状态...
2026-06-05 22:54:00.010  INFO 16044 --- [scheduling-1] eden.service.task.OrderTask              : 开始执行订单超时关闭任务...
2026-06-05 22:54:00.032  INFO 16044 --- [scheduling-1] eden.service.task.OrderTask              : 没有超时订单需要关闭
2026-06-05 22:54:00.032  INFO 16044 --- [scheduling-1] eden.service.task.PromotionTask          : 开始刷新秒杀活动生命周期状态...
2026-06-05 22:55:00.011  INFO 16044 --- [scheduling-1] eden.service.task.PromotionTask          : 开始刷新秒杀活动生命周期状态...
2026-06-05 22:55:00.043  INFO 16044 --- [scheduling-1] eden.service.task.OrderTask              : 开始执行订单超时关闭任务...
2026-06-05 22:55:00.046  INFO 16044 --- [scheduling-1] eden.service.task.OrderTask              : 没有超时订单需要关闭
2026-06-05 22:56:00.012  INFO 16044 --- [scheduling-1] eden.service.task.OrderTask              : 开始执行订单超时关闭任务...
2026-06-05 22:56:00.018  INFO 16044 --- [scheduling-1] eden.service.task.OrderTask              : 没有超时订单需要关闭
2026-06-05 22:56:00.018  INFO 16044 --- [scheduling-1] eden.service.task.PromotionTask          : 开始刷新秒杀活动生命周期状态...
2026-06-05 22:57:00.007  INFO 16044 --- [scheduling-1] eden.service.task.PromotionTask          : 开始刷新秒杀活动生命周期状态...
2026-06-05 22:57:00.022  INFO 16044 --- [scheduling-1] eden.service.task.OrderTask              : 开始执行订单超时关闭任务...
2026-06-05 22:57:00.025  INFO 16044 --- [scheduling-1] eden.service.task.OrderTask              : 没有超时订单需要关闭
2026-06-05 22:58:00.013  INFO 16044 --- [scheduling-1] eden.service.task.PromotionTask          : 开始刷新秒杀活动生命周期状态...
2026-06-05 22:58:00.047  INFO 16044 --- [scheduling-1] eden.service.task.OrderTask              : 开始执行订单超时关闭任务...
2026-06-05 22:58:00.050  INFO 16044 --- [scheduling-1] eden.service.task.OrderTask              : 没有超时订单需要关闭
2026-06-05 22:59:00.009  INFO 16044 --- [scheduling-1] eden.service.task.PromotionTask          : 开始刷新秒杀活动生命周期状态...
2026-06-05 22:59:00.039  INFO 16044 --- [scheduling-1] eden.service.task.OrderTask              : 开始执行订单超时关闭任务...
2026-06-05 22:59:00.043  INFO 16044 --- [scheduling-1] eden.service.task.OrderTask              : 没有超时订单需要关闭
2026-06-05 23:00:00.001  INFO 16044 --- [scheduling-1] eden.service.task.OrderTask              : 开始执行订单超时关闭任务...
2026-06-05 23:00:00.023  INFO 16044 --- [scheduling-1] eden.service.task.OrderTask              : 没有超时订单需要关闭
2026-06-05 23:00:00.023  INFO 16044 --- [scheduling-1] eden.service.task.PromotionTask          : 开始刷新秒杀活动生命周期状态...
2026-06-05 23:01:00.006  INFO 16044 --- [scheduling-1] eden.service.task.OrderTask              : 开始执行订单超时关闭任务...
2026-06-05 23:01:00.012  INFO 16044 --- [scheduling-1] eden.service.task.OrderTask              : 没有超时订单需要关闭
2026-06-05 23:01:00.029  INFO 16044 --- [scheduling-1] eden.service.task.PromotionTask          : 开始刷新秒杀活动生命周期状态...
2026-06-05 23:02:00.007  INFO 16044 --- [scheduling-1] eden.service.task.PromotionTask          : 开始刷新秒杀活动生命周期状态...
2026-06-05 23:02:00.022  INFO 16044 --- [scheduling-1] eden.service.task.OrderTask              : 开始执行订单超时关闭任务...
2026-06-05 23:02:00.026  INFO 16044 --- [scheduling-1] eden.service.task.OrderTask              : 没有超时订单需要关闭
2026-06-05 23:03:00.013  INFO 16044 --- [scheduling-1] eden.service.task.PromotionTask          : 开始刷新秒杀活动生命周期状态...
2026-06-05 23:03:00.046  INFO 16044 --- [scheduling-1] eden.service.task.OrderTask              : 开始执行订单超时关闭任务...
2026-06-05 23:03:00.051  INFO 16044 --- [scheduling-1] eden.service.task.OrderTask              : 没有超时订单需要关闭
2026-06-05 23:04:00.005  INFO 16044 --- [scheduling-1] eden.service.task.PromotionTask          : 开始刷新秒杀活动生命周期状态...
2026-06-05 23:04:00.017  INFO 16044 --- [scheduling-1] eden.service.task.OrderTask              : 开始执行订单超时关闭任务...
2026-06-05 23:04:00.023  INFO 16044 --- [scheduling-1] eden.service.task.OrderTask              : 没有超时订单需要关闭
2026-06-05 23:05:00.007  INFO 16044 --- [scheduling-1] eden.service.task.PromotionTask          : 开始刷新秒杀活动生命周期状态...
2026-06-05 23:05:00.039  INFO 16044 --- [scheduling-1] eden.service.task.OrderTask              : 开始执行订单超时关闭任务...
2026-06-05 23:05:00.041  INFO 16044 --- [scheduling-1] eden.service.task.OrderTask              : 没有超时订单需要关闭
2026-06-05 23:06:00.008  INFO 16044 --- [scheduling-1] eden.service.task.PromotionTask          : 开始刷新秒杀活动生命周期状态...
2026-06-05 23:06:00.039  INFO 16044 --- [scheduling-1] eden.service.task.OrderTask              : 开始执行订单超时关闭任务...
2026-06-05 23:06:00.042  INFO 16044 --- [scheduling-1] eden.service.task.OrderTask              : 没有超时订单需要关闭
2026-06-05 23:07:00.015  INFO 16044 --- [scheduling-1] eden.service.task.PromotionTask          : 开始刷新秒杀活动生命周期状态...
2026-06-05 23:07:00.046  INFO 16044 --- [scheduling-1] eden.service.task.OrderTask              : 开始执行订单超时关闭任务...
2026-06-05 23:07:00.050  INFO 16044 --- [scheduling-1] eden.service.task.OrderTask              : 没有超时订单需要关闭
2026-06-05 23:08:00.010  INFO 16044 --- [scheduling-1] eden.service.task.OrderTask              : 开始执行订单超时关闭任务...
2026-06-05 23:08:00.023  INFO 16044 --- [scheduling-1] eden.service.task.OrderTask              : 没有超时订单需要关闭
2026-06-05 23:08:00.023  INFO 16044 --- [scheduling-1] eden.service.task.PromotionTask          : 开始刷新秒杀活动生命周期状态...
2026-06-05 23:09:00.013  INFO 16044 --- [scheduling-1] eden.service.task.PromotionTask          : 开始刷新秒杀活动生命周期状态...
2026-06-05 23:09:00.044  INFO 16044 --- [scheduling-1] eden.service.task.OrderTask              : 开始执行订单超时关闭任务...
2026-06-05 23:09:00.047  INFO 16044 --- [scheduling-1] eden.service.task.OrderTask              : 没有超时订单需要关闭
2026-06-05 23:10:00.009  INFO 16044 --- [scheduling-1] eden.service.task.PromotionTask          : 开始刷新秒杀活动生命周期状态...
2026-06-05 23:10:00.041  INFO 16044 --- [scheduling-1] eden.service.task.OrderTask              : 开始执行订单超时关闭任务...
2026-06-05 23:10:00.045  INFO 16044 --- [scheduling-1] eden.service.task.OrderTask              : 没有超时订单需要关闭
2026-06-05 23:11:00.013  INFO 16044 --- [scheduling-1] eden.service.task.PromotionTask          : 开始刷新秒杀活动生命周期状态...
2026-06-05 23:11:00.052  INFO 16044 --- [scheduling-1] eden.service.task.OrderTask              : 开始执行订单超时关闭任务...
2026-06-05 23:11:00.057  INFO 16044 --- [scheduling-1] eden.service.task.OrderTask              : 没有超时订单需要关闭
2026-06-05 23:12:00.001  INFO 16044 --- [scheduling-1] eden.service.task.OrderTask              : 开始执行订单超时关闭任务...
2026-06-05 23:12:00.010  INFO 16044 --- [scheduling-1] eden.service.task.OrderTask              : 没有超时订单需要关闭
2026-06-05 23:12:00.010  INFO 16044 --- [scheduling-1] eden.service.task.PromotionTask          : 开始刷新秒杀活动生命周期状态...
2026-06-05 23:13:00.009  INFO 16044 --- [scheduling-1] eden.service.task.PromotionTask          : 开始刷新秒杀活动生命周期状态...
2026-06-05 23:13:00.041  INFO 16044 --- [scheduling-1] eden.service.task.OrderTask              : 开始执行订单超时关闭任务...
2026-06-05 23:13:00.046  INFO 16044 --- [scheduling-1] eden.service.task.OrderTask              : 没有超时订单需要关闭
2026-06-05 23:14:00.009  INFO 16044 --- [scheduling-1] eden.service.task.PromotionTask          : 开始刷新秒杀活动生命周期状态...
2026-06-05 23:14:00.046  INFO 16044 --- [scheduling-1] eden.service.task.OrderTask              : 开始执行订单超时关闭任务...
2026-06-05 23:14:00.049  INFO 16044 --- [scheduling-1] eden.service.task.OrderTask              : 没有超时订单需要关闭
2026-06-05 23:15:00.011  INFO 16044 --- [scheduling-1] eden.service.task.PromotionTask          : 开始刷新秒杀活动生命周期状态...
2026-06-05 23:15:00.041  INFO 16044 --- [scheduling-1] eden.service.task.OrderTask              : 开始执行订单超时关闭任务...
2026-06-05 23:15:00.045  INFO 16044 --- [scheduling-1] eden.service.task.OrderTask              : 没有超时订单需要关闭
2026-06-05 23:16:00.014  INFO 16044 --- [scheduling-1] eden.service.task.PromotionTask          : 开始刷新秒杀活动生命周期状态...
2026-06-05 23:16:00.048  INFO 16044 --- [scheduling-1] eden.service.task.OrderTask              : 开始执行订单超时关闭任务...
2026-06-05 23:16:00.051  INFO 16044 --- [scheduling-1] eden.service.task.OrderTask              : 没有超时订单需要关闭
2026-06-05 23:17:00.013  INFO 16044 --- [scheduling-1] eden.service.task.OrderTask              : 开始执行订单超时关闭任务...
2026-06-05 23:17:00.019  INFO 16044 --- [scheduling-1] eden.service.task.OrderTask              : 没有超时订单需要关闭
2026-06-05 23:17:00.019  INFO 16044 --- [scheduling-1] eden.service.task.PromotionTask          : 开始刷新秒杀活动生命周期状态...
2026-06-05 23:18:00.006  INFO 16044 --- [scheduling-1] eden.service.task.PromotionTask          : 开始刷新秒杀活动生命周期状态...
2026-06-05 23:18:00.020  INFO 16044 --- [scheduling-1] eden.service.task.OrderTask              : 开始执行订单超时关闭任务...
2026-06-05 23:18:00.024  INFO 16044 --- [scheduling-1] eden.service.task.OrderTask              : 没有超时订单需要关闭
2026-06-05 23:19:00.008  INFO 16044 --- [scheduling-1] eden.service.task.PromotionTask          : 开始刷新秒杀活动生命周期状态...
2026-06-05 23:19:00.043  INFO 16044 --- [scheduling-1] eden.service.task.OrderTask              : 开始执行订单超时关闭任务...
2026-06-05 23:19:00.046  INFO 16044 --- [scheduling-1] eden.service.task.OrderTask              : 没有超时订单需要关闭
2026-06-05 23:20:00.007  INFO 16044 --- [scheduling-1] eden.service.task.OrderTask              : 开始执行订单超时关闭任务...
2026-06-05 23:20:00.032  INFO 16044 --- [scheduling-1] eden.service.task.OrderTask              : 没有超时订单需要关闭
2026-06-05 23:20:00.032  INFO 16044 --- [scheduling-1] eden.service.task.PromotionTask          : 开始刷新秒杀活动生命周期状态...
2026-06-05 23:21:00.009  INFO 16044 --- [scheduling-1] eden.service.task.PromotionTask          : 开始刷新秒杀活动生命周期状态...
2026-06-05 23:21:00.028  INFO 16044 --- [scheduling-1] eden.service.task.OrderTask              : 开始执行订单超时关闭任务...
2026-06-05 23:21:00.032  INFO 16044 --- [scheduling-1] eden.service.task.OrderTask              : 没有超时订单需要关闭
2026-06-05 23:22:00.016  INFO 16044 --- [scheduling-1] eden.service.task.PromotionTask          : 开始刷新秒杀活动生命周期状态...
2026-06-05 23:22:00.036  INFO 16044 --- [scheduling-1] eden.service.task.OrderTask              : 开始执行订单超时关闭任务...
2026-06-05 23:22:00.040  INFO 16044 --- [scheduling-1] eden.service.task.OrderTask              : 没有超时订单需要关闭
2026-06-05 23:23:00.006  INFO 16044 --- [scheduling-1] eden.service.task.PromotionTask          : 开始刷新秒杀活动生命周期状态...
2026-06-05 23:23:00.034  INFO 16044 --- [scheduling-1] eden.service.task.OrderTask              : 开始执行订单超时关闭任务...
2026-06-05 23:23:00.038  INFO 16044 --- [scheduling-1] eden.service.task.OrderTask              : 没有超时订单需要关闭
2026-06-05 23:24:00.000  INFO 16044 --- [scheduling-1] eden.service.task.PromotionTask          : 开始刷新秒杀活动生命周期状态...
2026-06-05 23:24:00.031  INFO 16044 --- [scheduling-1] eden.service.task.OrderTask              : 开始执行订单超时关闭任务...
2026-06-05 23:24:00.035  INFO 16044 --- [scheduling-1] eden.service.task.OrderTask              : 没有超时订单需要关闭
2026-06-05 23:25:00.009  INFO 16044 --- [scheduling-1] eden.service.task.PromotionTask          : 开始刷新秒杀活动生命周期状态...
2026-06-05 23:25:00.037  INFO 16044 --- [scheduling-1] eden.service.task.OrderTask              : 开始执行订单超时关闭任务...
2026-06-05 23:25:00.041  INFO 16044 --- [scheduling-1] eden.service.task.OrderTask              : 没有超时订单需要关闭
2026-06-05 23:26:00.014  INFO 16044 --- [scheduling-1] eden.service.task.OrderTask              : 开始执行订单超时关闭任务...
2026-06-05 23:26:00.035  INFO 16044 --- [scheduling-1] eden.service.task.OrderTask              : 没有超时订单需要关闭
2026-06-05 23:26:00.035  INFO 16044 --- [scheduling-1] eden.service.task.PromotionTask          : 开始刷新秒杀活动生命周期状态...
2026-06-05 23:27:00.003  INFO 16044 --- [scheduling-1] eden.service.task.OrderTask              : 开始执行订单超时关闭任务...
2026-06-05 23:27:00.028  INFO 16044 --- [scheduling-1] eden.service.task.OrderTask              : 没有超时订单需要关闭
2026-06-05 23:27:00.028  INFO 16044 --- [scheduling-1] eden.service.task.PromotionTask          : 开始刷新秒杀活动生命周期状态...
2026-06-05 23:28:00.011  INFO 16044 --- [scheduling-1] eden.service.task.OrderTask              : 开始执行订单超时关闭任务...
2026-06-05 23:28:00.040  INFO 16044 --- [scheduling-1] eden.service.task.OrderTask              : 没有超时订单需要关闭
2026-06-05 23:28:00.040  INFO 16044 --- [scheduling-1] eden.service.task.PromotionTask          : 开始刷新秒杀活动生命周期状态...
2026-06-05 23:29:00.012  INFO 16044 --- [scheduling-1] eden.service.task.OrderTask              : 开始执行订单超时关闭任务...
2026-06-05 23:29:00.027  INFO 16044 --- [scheduling-1] eden.service.task.OrderTask              : 没有超时订单需要关闭
2026-06-05 23:29:00.028  INFO 16044 --- [scheduling-1] eden.service.task.PromotionTask          : 开始刷新秒杀活动生命周期状态...
2026-06-05 23:30:00.010  INFO 16044 --- [scheduling-1] eden.service.task.PromotionTask          : 开始刷新秒杀活动生命周期状态...
2026-06-05 23:30:00.046  INFO 16044 --- [scheduling-1] eden.service.task.OrderTask              : 开始执行订单超时关闭任务...
2026-06-05 23:30:00.050  INFO 16044 --- [scheduling-1] eden.service.task.OrderTask              : 没有超时订单需要关闭
2026-06-05 23:31:00.002  INFO 16044 --- [scheduling-1] eden.service.task.PromotionTask          : 开始刷新秒杀活动生命周期状态...
2026-06-05 23:31:00.015  INFO 16044 --- [scheduling-1] eden.service.task.OrderTask              : 开始执行订单超时关闭任务...
2026-06-05 23:31:00.019  INFO 16044 --- [scheduling-1] eden.service.task.OrderTask              : 没有超时订单需要关闭
2026-06-05 23:32:00.001  INFO 16044 --- [scheduling-1] eden.service.task.PromotionTask          : 开始刷新秒杀活动生命周期状态...
2026-06-05 23:32:00.036  INFO 16044 --- [scheduling-1] eden.service.task.OrderTask              : 开始执行订单超时关闭任务...
2026-06-05 23:32:00.042  INFO 16044 --- [scheduling-1] eden.service.task.OrderTask              : 没有超时订单需要关闭
2026-06-05 23:33:00.012  INFO 16044 --- [scheduling-1] eden.service.task.OrderTask              : 开始执行订单超时关闭任务...
2026-06-05 23:33:00.018  INFO 16044 --- [scheduling-1] eden.service.task.OrderTask              : 没有超时订单需要关闭
2026-06-05 23:33:00.019  INFO 16044 --- [scheduling-1] eden.service.task.PromotionTask          : 开始刷新秒杀活动生命周期状态...
2026-06-05 23:34:00.001  INFO 16044 --- [scheduling-1] eden.service.task.OrderTask              : 开始执行订单超时关闭任务...
2026-06-05 23:34:00.008  INFO 16044 --- [scheduling-1] eden.service.task.OrderTask              : 没有超时订单需要关闭
2026-06-05 23:34:00.009  INFO 16044 --- [scheduling-1] eden.service.task.PromotionTask          : 开始刷新秒杀活动生命周期状态...
2026-06-05 23:35:00.015  INFO 16044 --- [scheduling-1] eden.service.task.OrderTask              : 开始执行订单超时关闭任务...
2026-06-05 23:35:00.020  INFO 16044 --- [scheduling-1] eden.service.task.OrderTask              : 没有超时订单需要关闭
2026-06-05 23:35:00.020  INFO 16044 --- [scheduling-1] eden.service.task.PromotionTask          : 开始刷新秒杀活动生命周期状态...
2026-06-05 23:36:00.009  INFO 16044 --- [scheduling-1] eden.service.task.OrderTask              : 开始执行订单超时关闭任务...
2026-06-05 23:36:00.032  INFO 16044 --- [scheduling-1] eden.service.task.OrderTask              : 没有超时订单需要关闭
2026-06-05 23:36:00.032  INFO 16044 --- [scheduling-1] eden.service.task.PromotionTask          : 开始刷新秒杀活动生命周期状态...
2026-06-05 23:37:00.011  INFO 16044 --- [scheduling-1] eden.service.task.OrderTask              : 开始执行订单超时关闭任务...
2026-06-05 23:37:00.036  INFO 16044 --- [scheduling-1] eden.service.task.OrderTask              : 没有超时订单需要关闭
2026-06-05 23:37:00.036  INFO 16044 --- [scheduling-1] eden.service.task.PromotionTask          : 开始刷新秒杀活动生命周期状态...
2026-06-05 23:38:00.015  INFO 16044 --- [scheduling-1] eden.service.task.OrderTask              : 开始执行订单超时关闭任务...
2026-06-05 23:38:00.022  INFO 16044 --- [scheduling-1] eden.service.task.OrderTask              : 没有超时订单需要关闭
2026-06-05 23:38:00.023  INFO 16044 --- [scheduling-1] eden.service.task.PromotionTask          : 开始刷新秒杀活动生命周期状态...
2026-06-05 23:39:00.013  INFO 16044 --- [scheduling-1] eden.service.task.PromotionTask          : 开始刷新秒杀活动生命周期状态...
2026-06-05 23:39:00.027  INFO 16044 --- [scheduling-1] eden.service.task.OrderTask              : 开始执行订单超时关闭任务...
2026-06-05 23:39:00.032  INFO 16044 --- [scheduling-1] eden.service.task.OrderTask              : 没有超时订单需要关闭
2026-06-05 23:40:00.009  INFO 16044 --- [scheduling-1] eden.service.task.OrderTask              : 开始执行订单超时关闭任务...
2026-06-05 23:40:00.048  INFO 16044 --- [scheduling-1] eden.service.task.OrderTask              : 没有超时订单需要关闭
2026-06-05 23:40:00.049  INFO 16044 --- [scheduling-1] eden.service.task.PromotionTask          : 开始刷新秒杀活动生命周期状态...
2026-06-05 23:41:00.000  INFO 16044 --- [scheduling-1] eden.service.task.OrderTask              : 开始执行订单超时关闭任务...
2026-06-05 23:41:00.014  INFO 16044 --- [scheduling-1] eden.service.task.OrderTask              : 没有超时订单需要关闭
2026-06-05 23:41:00.014  INFO 16044 --- [scheduling-1] eden.service.task.PromotionTask          : 开始刷新秒杀活动生命周期状态...
2026-06-05 23:42:00.011  INFO 16044 --- [scheduling-1] eden.service.task.PromotionTask          : 开始刷新秒杀活动生命周期状态...
2026-06-05 23:42:00.031  INFO 16044 --- [scheduling-1] eden.service.task.OrderTask              : 开始执行订单超时关闭任务...
2026-06-05 23:42:00.037  INFO 16044 --- [scheduling-1] eden.service.task.OrderTask              : 没有超时订单需要关闭
2026-06-05 23:43:00.007  INFO 16044 --- [scheduling-1] eden.service.task.PromotionTask          : 开始刷新秒杀活动生命周期状态...
2026-06-05 23:43:00.031  INFO 16044 --- [scheduling-1] eden.service.task.OrderTask              : 开始执行订单超时关闭任务...
2026-06-05 23:43:00.036  INFO 16044 --- [scheduling-1] eden.service.task.OrderTask              : 没有超时订单需要关闭
2026-06-05 23:44:00.012  INFO 16044 --- [scheduling-1] eden.service.task.OrderTask              : 开始执行订单超时关闭任务...
2026-06-05 23:44:00.018  INFO 16044 --- [scheduling-1] eden.service.task.OrderTask              : 没有超时订单需要关闭
2026-06-05 23:44:00.018  INFO 16044 --- [scheduling-1] eden.service.task.PromotionTask          : 开始刷新秒杀活动生命周期状态...
2026-06-05 23:45:00.008  INFO 16044 --- [scheduling-1] eden.service.task.PromotionTask          : 开始刷新秒杀活动生命周期状态...
2026-06-05 23:45:00.022  INFO 16044 --- [scheduling-1] eden.service.task.OrderTask              : 开始执行订单超时关闭任务...
2026-06-05 23:45:00.027  INFO 16044 --- [scheduling-1] eden.service.task.OrderTask              : 没有超时订单需要关闭
2026-06-05 23:46:00.015  INFO 16044 --- [scheduling-1] eden.service.task.PromotionTask          : 开始刷新秒杀活动生命周期状态...
2026-06-05 23:46:00.037  INFO 16044 --- [scheduling-1] eden.service.task.OrderTask              : 开始执行订单超时关闭任务...
2026-06-05 23:46:00.041  INFO 16044 --- [scheduling-1] eden.service.task.OrderTask              : 没有超时订单需要关闭
2026-06-05 23:47:00.012  INFO 16044 --- [scheduling-1] eden.service.task.PromotionTask          : 开始刷新秒杀活动生命周期状态...
2026-06-05 23:47:00.034  INFO 16044 --- [scheduling-1] eden.service.task.OrderTask              : 开始执行订单超时关闭任务...
2026-06-05 23:47:00.039  INFO 16044 --- [scheduling-1] eden.service.task.OrderTask              : 没有超时订单需要关闭
2026-06-05 23:48:00.006  INFO 16044 --- [scheduling-1] eden.service.task.OrderTask              : 开始执行订单超时关闭任务...
2026-06-05 23:48:00.028  INFO 16044 --- [scheduling-1] eden.service.task.OrderTask              : 没有超时订单需要关闭
2026-06-05 23:48:00.029  INFO 16044 --- [scheduling-1] eden.service.task.PromotionTask          : 开始刷新秒杀活动生命周期状态...
2026-06-05 23:49:00.008  INFO 16044 --- [scheduling-1] eden.service.task.PromotionTask          : 开始刷新秒杀活动生命周期状态...
2026-06-05 23:49:00.037  INFO 16044 --- [scheduling-1] eden.service.task.OrderTask              : 开始执行订单超时关闭任务...
2026-06-05 23:49:00.041  INFO 16044 --- [scheduling-1] eden.service.task.OrderTask              : 没有超时订单需要关闭
2026-06-05 23:50:00.003  INFO 16044 --- [scheduling-1] eden.service.task.PromotionTask          : 开始刷新秒杀活动生命周期状态...
2026-06-05 23:50:00.017  INFO 16044 --- [scheduling-1] eden.service.task.OrderTask              : 开始执行订单超时关闭任务...
2026-06-05 23:50:00.020  INFO 16044 --- [scheduling-1] eden.service.task.OrderTask              : 没有超时订单需要关闭
2026-06-05 23:51:00.008  INFO 16044 --- [scheduling-1] eden.service.task.PromotionTask          : 开始刷新秒杀活动生命周期状态...
2026-06-05 23:51:00.022  INFO 16044 --- [scheduling-1] eden.service.task.OrderTask              : 开始执行订单超时关闭任务...
2026-06-05 23:51:00.035  INFO 16044 --- [scheduling-1] eden.service.task.OrderTask              : 没有超时订单需要关闭
2026-06-05 23:52:00.015  INFO 16044 --- [scheduling-1] eden.service.task.PromotionTask          : 开始刷新秒杀活动生命周期状态...
2026-06-05 23:52:00.028  INFO 16044 --- [scheduling-1] eden.service.task.OrderTask              : 开始执行订单超时关闭任务...
2026-06-05 23:52:00.031  INFO 16044 --- [scheduling-1] eden.service.task.OrderTask              : 没有超时订单需要关闭
2026-06-05 23:53:00.005  INFO 16044 --- [scheduling-1] eden.service.task.PromotionTask          : 开始刷新秒杀活动生命周期状态...
2026-06-05 23:53:00.020  INFO 16044 --- [scheduling-1] eden.service.task.OrderTask              : 开始执行订单超时关闭任务...
2026-06-05 23:53:00.024  INFO 16044 --- [scheduling-1] eden.service.task.OrderTask              : 没有超时订单需要关闭
2026-06-05 23:54:00.013  INFO 16044 --- [scheduling-1] eden.service.task.OrderTask              : 开始执行订单超时关闭任务...
2026-06-05 23:54:00.018  INFO 16044 --- [scheduling-1] eden.service.task.OrderTask              : 没有超时订单需要关闭
2026-06-05 23:54:00.020  INFO 16044 --- [scheduling-1] eden.service.task.PromotionTask          : 开始刷新秒杀活动生命周期状态...
2026-06-05 23:55:00.001  INFO 16044 --- [scheduling-1] eden.service.task.OrderTask              : 开始执行订单超时关闭任务...
2026-06-05 23:55:00.008  INFO 16044 --- [scheduling-1] eden.service.task.OrderTask              : 没有超时订单需要关闭
2026-06-05 23:55:00.008  INFO 16044 --- [scheduling-1] eden.service.task.PromotionTask          : 开始刷新秒杀活动生命周期状态...
2026-06-05 23:56:00.004  INFO 16044 --- [scheduling-1] eden.service.task.OrderTask              : 开始执行订单超时关闭任务...
2026-06-05 23:56:00.010  INFO 16044 --- [scheduling-1] eden.service.task.OrderTask              : 没有超时订单需要关闭
2026-06-05 23:56:00.011  INFO 16044 --- [scheduling-1] eden.service.task.PromotionTask          : 开始刷新秒杀活动生命周期状态...
2026-06-05 23:57:00.012  INFO 16044 --- [scheduling-1] eden.service.task.PromotionTask          : 开始刷新秒杀活动生命周期状态...
2026-06-05 23:57:00.026  INFO 16044 --- [scheduling-1] eden.service.task.OrderTask              : 开始执行订单超时关闭任务...
2026-06-05 23:57:00.030  INFO 16044 --- [scheduling-1] eden.service.task.OrderTask              : 没有超时订单需要关闭
2026-06-05 23:58:00.007  INFO 16044 --- [scheduling-1] eden.service.task.OrderTask              : 开始执行订单超时关闭任务...
2026-06-05 23:58:00.014  INFO 16044 --- [scheduling-1] eden.service.task.OrderTask              : 没有超时订单需要关闭
2026-06-05 23:58:00.014  INFO 16044 --- [scheduling-1] eden.service.task.PromotionTask          : 开始刷新秒杀活动生命周期状态...
2026-06-05 23:59:00.005  INFO 16044 --- [scheduling-1] eden.service.task.PromotionTask          : 开始刷新秒杀活动生命周期状态...
2026-06-05 23:59:00.019  INFO 16044 --- [scheduling-1] eden.service.task.OrderTask              : 开始执行订单超时关闭任务...
2026-06-05 23:59:00.023  INFO 16044 --- [scheduling-1] eden.service.task.OrderTask              : 没有超时订单需要关闭
