2026-03-17 00:17:00.081  INFO 32904 --- [main] eden.EdenApplication                     : Starting EdenApplication using Java 17.0.12 on limz with PID 32904 (D:\project\eden-nutrition\eden-admin\target\classes started by 28391 in D:\project\eden-nutrition)
2026-03-17 00:17:00.158  INFO 32904 --- [main] eden.EdenApplication                     : The following 1 profile is active: "dev"
2026-03-17 00:17:04.244  INFO 32904 --- [main] .s.d.r.c.RepositoryConfigurationDelegate : Multiple Spring Data modules found, entering strict repository configuration mode
2026-03-17 00:17:04.255  INFO 32904 --- [main] .s.d.r.c.RepositoryConfigurationDelegate : Bootstrapping Spring Data Redis repositories in DEFAULT mode.
2026-03-17 00:17:04.366  INFO 32904 --- [main] .s.d.r.c.RepositoryConfigurationDelegate : Finished Spring Data repository scanning in 62 ms. Found 0 Redis repository interfaces.
2026-03-17 00:17:07.996  INFO 32904 --- [main] o.s.b.w.embedded.tomcat.TomcatWebServer  : Tomcat initialized with port(s): 8080 (http)
2026-03-17 00:17:08.025  INFO 32904 --- [main] o.apache.catalina.core.StandardService   : Starting service [Tomcat]
2026-03-17 00:17:08.027  INFO 32904 --- [main] org.apache.catalina.core.StandardEngine  : Starting Servlet engine: [Apache Tomcat/9.0.83]
2026-03-17 00:17:08.451  INFO 32904 --- [main] o.a.c.c.C.[Tomcat].[localhost].[/api]    : Initializing Spring embedded WebApplicationContext
2026-03-17 00:17:08.452  INFO 32904 --- [main] w.s.c.ServletWebServerApplicationContext : Root WebApplicationContext: initialization completed in 8143 ms
2026-03-17 00:17:10.682  INFO 32904 --- [main] org.redisson.Version                     : Redisson 3.17.6
2026-03-17 00:17:11.679  INFO 32904 --- [redisson-netty-2-6] o.r.c.pool.MasterPubSubConnectionPool    : 1 connections initialized for localhost/127.0.0.1:6379
2026-03-17 00:17:11.847  INFO 32904 --- [redisson-netty-2-20] o.r.c.pool.MasterConnectionPool          : 24 connections initialized for localhost/127.0.0.1:6379
2026-03-17 00:17:13.461  INFO 32904 --- [main] o.apache.catalina.core.StandardService   : Stopping service [Tomcat]
2026-03-17 00:17:13.501  INFO 32904 --- [main] ConditionEvaluationReportLoggingListener : 

Error starting ApplicationContext. To display the conditions report re-run your application with 'debug' enabled.
2026-03-17 00:32:47.833  INFO 33184 --- [main] eden.EdenApplication                     : Starting EdenApplication using Java 17.0.12 on limz with PID 33184 (D:\project\eden-nutrition\eden-admin\target\classes started by 28391 in D:\project\eden-nutrition)
2026-03-17 00:32:47.855  INFO 33184 --- [main] eden.EdenApplication                     : The following 1 profile is active: "dev"
2026-03-17 00:32:51.012  INFO 33184 --- [main] .s.d.r.c.RepositoryConfigurationDelegate : Multiple Spring Data modules found, entering strict repository configuration mode
2026-03-17 00:32:51.020  INFO 33184 --- [main] .s.d.r.c.RepositoryConfigurationDelegate : Bootstrapping Spring Data Redis repositories in DEFAULT mode.
2026-03-17 00:32:51.097  INFO 33184 --- [main] .s.d.r.c.RepositoryConfigurationDelegate : Finished Spring Data repository scanning in 40 ms. Found 0 Redis repository interfaces.
2026-03-17 00:32:53.877  INFO 33184 --- [main] o.s.b.w.embedded.tomcat.TomcatWebServer  : Tomcat initialized with port(s): 8080 (http)
2026-03-17 00:32:53.914  INFO 33184 --- [main] o.apache.catalina.core.StandardService   : Starting service [Tomcat]
2026-03-17 00:32:53.915  INFO 33184 --- [main] org.apache.catalina.core.StandardEngine  : Starting Servlet engine: [Apache Tomcat/9.0.83]
2026-03-17 00:32:54.342  INFO 33184 --- [main] o.a.c.c.C.[Tomcat].[localhost].[/api]    : Initializing Spring embedded WebApplicationContext
2026-03-17 00:32:54.343  INFO 33184 --- [main] w.s.c.ServletWebServerApplicationContext : Root WebApplicationContext: initialization completed in 6372 ms
2026-03-17 00:32:56.702  INFO 33184 --- [main] org.redisson.Version                     : Redisson 3.17.6
2026-03-17 00:32:57.848  INFO 33184 --- [redisson-netty-2-6] o.r.c.pool.MasterPubSubConnectionPool    : 1 connections initialized for localhost/127.0.0.1:6379
2026-03-17 00:32:57.941  INFO 33184 --- [redisson-netty-2-20] o.r.c.pool.MasterConnectionPool          : 24 connections initialized for localhost/127.0.0.1:6379
2026-03-17 00:32:59.581  INFO 33184 --- [main] o.apache.catalina.core.StandardService   : Stopping service [Tomcat]
2026-03-17 00:32:59.621  INFO 33184 --- [main] ConditionEvaluationReportLoggingListener : 

Error starting ApplicationContext. To display the conditions report re-run your application with 'debug' enabled.
2026-03-17 00:33:57.269  INFO 49000 --- [main] eden.EdenApplication                     : Starting EdenApplication using Java 17.0.12 on limz with PID 49000 (D:\project\eden-nutrition\eden-admin\target\classes started by 28391 in D:\project\eden-nutrition)
2026-03-17 00:33:57.288  INFO 49000 --- [main] eden.EdenApplication                     : The following 1 profile is active: "dev"
2026-03-17 00:33:59.785  INFO 49000 --- [main] .s.d.r.c.RepositoryConfigurationDelegate : Multiple Spring Data modules found, entering strict repository configuration mode
2026-03-17 00:33:59.791  INFO 49000 --- [main] .s.d.r.c.RepositoryConfigurationDelegate : Bootstrapping Spring Data Redis repositories in DEFAULT mode.
2026-03-17 00:33:59.857  INFO 49000 --- [main] .s.d.r.c.RepositoryConfigurationDelegate : Finished Spring Data repository scanning in 39 ms. Found 0 Redis repository interfaces.
2026-03-17 00:34:01.797  INFO 49000 --- [main] o.s.b.w.embedded.tomcat.TomcatWebServer  : Tomcat initialized with port(s): 8080 (http)
2026-03-17 00:34:01.817  INFO 49000 --- [main] o.apache.catalina.core.StandardService   : Starting service [Tomcat]
2026-03-17 00:34:01.819  INFO 49000 --- [main] org.apache.catalina.core.StandardEngine  : Starting Servlet engine: [Apache Tomcat/9.0.83]
2026-03-17 00:34:02.074  INFO 49000 --- [main] o.a.c.c.C.[Tomcat].[localhost].[/api]    : Initializing Spring embedded WebApplicationContext
2026-03-17 00:34:02.075  INFO 49000 --- [main] w.s.c.ServletWebServerApplicationContext : Root WebApplicationContext: initialization completed in 4700 ms
2026-03-17 00:34:03.653  INFO 49000 --- [main] org.redisson.Version                     : Redisson 3.17.6
2026-03-17 00:34:04.429  INFO 49000 --- [redisson-netty-2-6] o.r.c.pool.MasterPubSubConnectionPool    : 1 connections initialized for localhost/127.0.0.1:6379
2026-03-17 00:34:04.507  INFO 49000 --- [redisson-netty-2-19] o.r.c.pool.MasterConnectionPool          : 24 connections initialized for localhost/127.0.0.1:6379
2026-03-17 00:34:05.581  INFO 49000 --- [main] o.apache.catalina.core.StandardService   : Stopping service [Tomcat]
2026-03-17 00:34:05.611  INFO 49000 --- [main] ConditionEvaluationReportLoggingListener : 

Error starting ApplicationContext. To display the conditions report re-run your application with 'debug' enabled.
2026-03-17 00:42:33.788  INFO 3784 --- [main] eden.EdenApplication                     : Starting EdenApplication using Java 17.0.12 on limz with PID 3784 (D:\project\eden-nutrition\eden-admin\target\classes started by 28391 in D:\project\eden-nutrition)
2026-03-17 00:42:33.806  INFO 3784 --- [main] eden.EdenApplication                     : The following 1 profile is active: "dev"
2026-03-17 00:42:36.288  INFO 3784 --- [main] .s.d.r.c.RepositoryConfigurationDelegate : Multiple Spring Data modules found, entering strict repository configuration mode
2026-03-17 00:42:36.294  INFO 3784 --- [main] .s.d.r.c.RepositoryConfigurationDelegate : Bootstrapping Spring Data Redis repositories in DEFAULT mode.
2026-03-17 00:42:36.356  INFO 3784 --- [main] .s.d.r.c.RepositoryConfigurationDelegate : Finished Spring Data repository scanning in 34 ms. Found 0 Redis repository interfaces.
2026-03-17 00:42:38.128  INFO 3784 --- [main] o.s.b.w.embedded.tomcat.TomcatWebServer  : Tomcat initialized with port(s): 8080 (http)
2026-03-17 00:42:38.147  INFO 3784 --- [main] o.apache.catalina.core.StandardService   : Starting service [Tomcat]
2026-03-17 00:42:38.147  INFO 3784 --- [main] org.apache.catalina.core.StandardEngine  : Starting Servlet engine: [Apache Tomcat/9.0.83]
2026-03-17 00:42:38.412  INFO 3784 --- [main] o.a.c.c.C.[Tomcat].[localhost].[/api]    : Initializing Spring embedded WebApplicationContext
2026-03-17 00:42:38.413  INFO 3784 --- [main] w.s.c.ServletWebServerApplicationContext : Root WebApplicationContext: initialization completed in 4503 ms
2026-03-17 00:42:39.996  INFO 3784 --- [main] org.redisson.Version                     : Redisson 3.17.6
2026-03-17 00:42:40.625  INFO 3784 --- [redisson-netty-2-6] o.r.c.pool.MasterPubSubConnectionPool    : 1 connections initialized for localhost/127.0.0.1:6379
2026-03-17 00:42:40.712  INFO 3784 --- [redisson-netty-2-19] o.r.c.pool.MasterConnectionPool          : 24 connections initialized for localhost/127.0.0.1:6379
2026-03-17 00:42:42.755  INFO 3784 --- [main] o.s.b.a.e.web.EndpointLinksResolver      : Exposing 14 endpoint(s) beneath base path '/actuator'
2026-03-17 00:42:43.164  INFO 3784 --- [main] o.s.s.web.DefaultSecurityFilterChain     : Will secure any request with [org.springframework.security.web.session.DisableEncodeUrlFilter@25dacc5a, org.springframework.security.web.context.request.async.WebAsyncManagerIntegrationFilter@55b7f9f1, org.springframework.security.web.context.SecurityContextPersistenceFilter@1b18fa79, org.springframework.security.web.header.HeaderWriterFilter@5dfb078, org.springframework.security.web.authentication.logout.LogoutFilter@1eaf4e77, eden.web.filter.JwtAuthenticationTokenFilter@56351c02, org.springframework.security.web.savedrequest.RequestCacheAwareFilter@6418075c, org.springframework.security.web.servletapi.SecurityContextHolderAwareRequestFilter@f9919a2, org.springframework.security.web.authentication.AnonymousAuthenticationFilter@273e622f, org.springframework.security.web.session.SessionManagementFilter@66ab3716, org.springframework.security.web.access.ExceptionTranslationFilter@4c90fc3b, org.springframework.security.web.access.intercept.FilterSecurityInterceptor@40aaf656]
2026-03-17 00:42:44.589  INFO 3784 --- [main] o.s.b.w.embedded.tomcat.TomcatWebServer  : Tomcat started on port(s): 8080 (http) with context path '/api'
2026-03-17 00:42:45.579  INFO 3784 --- [main] o.s.a.r.c.CachingConnectionFactory       : Attempting to connect to: [localhost:5672]
2026-03-17 00:42:45.713  INFO 3784 --- [main] o.s.a.r.c.CachingConnectionFactory       : Created new connection: rabbitConnectionFactory#4d22265c:0/SimpleConnection@1fc51af7 [delegate=amqp://user@127.0.0.1:5672/, localPort= 13169]
2026-03-17 00:42:45.910  INFO 3784 --- [org.springframework.amqp.rabbit.RabbitListenerEndpointContainer#2-1] e.service.listener.OrderMessageListener  : 收到订单支付成功消息，订单ID: 2025121713395639540001
2026-03-17 00:42:45.969  INFO 3784 --- [main] eden.EdenApplication                     : Started EdenApplication in 14.007 seconds (JVM running for 15.345)
2026-03-17 00:42:46.255  INFO 3784 --- [RMI TCP Connection(1)-100.91.106.125] o.a.c.c.C.[Tomcat].[localhost].[/api]    : Initializing Spring DispatcherServlet 'dispatcherServlet'
2026-03-17 00:42:46.256  INFO 3784 --- [RMI TCP Connection(1)-100.91.106.125] o.s.web.servlet.DispatcherServlet        : Initializing Servlet 'dispatcherServlet'
2026-03-17 00:42:46.263  INFO 3784 --- [RMI TCP Connection(1)-100.91.106.125] o.s.web.servlet.DispatcherServlet        : Completed initialization in 5 ms
2026-03-17 00:42:46.295  INFO 3784 --- [RMI TCP Connection(3)-100.91.106.125] com.zaxxer.hikari.HikariDataSource       : EdenHikariCP - Starting...
2026-03-17 00:42:46.765  INFO 3784 --- [RMI TCP Connection(3)-100.91.106.125] com.zaxxer.hikari.HikariDataSource       : EdenHikariCP - Start completed.
2026-03-17 00:43:00.006  INFO 3784 --- [scheduling-1] eden.service.task.OrderTask              : 开始执行订单超时关闭任务...
2026-03-17 00:43:00.357  INFO 3784 --- [scheduling-1] eden.service.task.OrderTask              : 没有超时订单需要关闭
2026-03-17 00:44:00.014  INFO 3784 --- [scheduling-1] eden.service.task.OrderTask              : 开始执行订单超时关闭任务...
2026-03-17 00:44:00.036  INFO 3784 --- [scheduling-1] eden.service.task.OrderTask              : 没有超时订单需要关闭
2026-03-17 00:45:00.013  INFO 3784 --- [scheduling-1] eden.service.task.OrderTask              : 开始执行订单超时关闭任务...
2026-03-17 00:45:00.023  INFO 3784 --- [scheduling-1] eden.service.task.OrderTask              : 没有超时订单需要关闭
2026-03-17 00:45:00.024  INFO 3784 --- [scheduling-1] eden.service.task.PromotionTask          : 开始更新已结束的秒杀活动状态...
2026-03-17 00:46:00.010  INFO 3784 --- [scheduling-1] eden.service.task.OrderTask              : 开始执行订单超时关闭任务...
2026-03-17 00:46:00.023  INFO 3784 --- [scheduling-1] eden.service.task.OrderTask              : 没有超时订单需要关闭
2026-03-17 00:47:00.007  INFO 3784 --- [scheduling-1] eden.service.task.OrderTask              : 开始执行订单超时关闭任务...
2026-03-17 00:47:00.021  INFO 3784 --- [scheduling-1] eden.service.task.OrderTask              : 没有超时订单需要关闭
2026-03-17 00:48:00.015  INFO 3784 --- [scheduling-1] eden.service.task.OrderTask              : 开始执行订单超时关闭任务...
2026-03-17 00:48:00.024  INFO 3784 --- [scheduling-1] eden.service.task.OrderTask              : 没有超时订单需要关闭
2026-03-17 00:48:39.252  INFO 3784 --- [org.springframework.amqp.rabbit.RabbitListenerEndpointContainer#0-2] o.s.a.r.l.SimpleMessageListenerContainer : Waiting for workers to finish.
2026-03-17 00:48:39.255  INFO 3784 --- [org.springframework.amqp.rabbit.RabbitListenerEndpointContainer#1-2] o.s.a.r.l.SimpleMessageListenerContainer : Waiting for workers to finish.
2026-03-17 00:48:39.257  INFO 3784 --- [org.springframework.amqp.rabbit.RabbitListenerEndpointContainer#2-2] o.s.a.r.l.SimpleMessageListenerContainer : Waiting for workers to finish.
2026-03-17 00:48:39.260  INFO 3784 --- [org.springframework.amqp.rabbit.RabbitListenerEndpointContainer#3-2] o.s.a.r.l.SimpleMessageListenerContainer : Waiting for workers to finish.
2026-03-17 00:48:39.262  INFO 3784 --- [org.springframework.amqp.rabbit.RabbitListenerEndpointContainer#4-2] o.s.a.r.l.SimpleMessageListenerContainer : Waiting for workers to finish.
2026-03-17 00:48:39.264  INFO 3784 --- [org.springframework.amqp.rabbit.RabbitListenerEndpointContainer#5-2] o.s.a.r.l.SimpleMessageListenerContainer : Waiting for workers to finish.
2026-03-17 00:48:39.341  INFO 3784 --- [org.springframework.amqp.rabbit.RabbitListenerEndpointContainer#4-2] o.s.a.r.l.SimpleMessageListenerContainer : Successfully waited for workers to finish.
2026-03-17 00:48:39.355  INFO 3784 --- [org.springframework.amqp.rabbit.RabbitListenerEndpointContainer#2-2] o.s.a.r.l.SimpleMessageListenerContainer : Successfully waited for workers to finish.
2026-03-17 00:48:39.429  INFO 3784 --- [org.springframework.amqp.rabbit.RabbitListenerEndpointContainer#5-2] o.s.a.r.l.SimpleMessageListenerContainer : Successfully waited for workers to finish.
2026-03-17 00:48:40.238  INFO 3784 --- [org.springframework.amqp.rabbit.RabbitListenerEndpointContainer#3-2] o.s.a.r.l.SimpleMessageListenerContainer : Successfully waited for workers to finish.
2026-03-17 00:48:40.238  INFO 3784 --- [org.springframework.amqp.rabbit.RabbitListenerEndpointContainer#1-2] o.s.a.r.l.SimpleMessageListenerContainer : Successfully waited for workers to finish.
2026-03-17 00:48:40.239  INFO 3784 --- [org.springframework.amqp.rabbit.RabbitListenerEndpointContainer#0-2] o.s.a.r.l.SimpleMessageListenerContainer : Successfully waited for workers to finish.
2026-03-17 00:48:40.383  INFO 3784 --- [SpringApplicationShutdownHook] com.zaxxer.hikari.HikariDataSource       : EdenHikariCP - Shutdown initiated...
2026-03-17 00:48:40.393  INFO 3784 --- [SpringApplicationShutdownHook] com.zaxxer.hikari.HikariDataSource       : EdenHikariCP - Shutdown completed.
2026-03-17 11:08:33.283  INFO 8308 --- [main] eden.EdenApplication                     : Starting EdenApplication using Java 17.0.12 on limz with PID 8308 (D:\project\eden-nutrition\eden-admin\target\classes started by 28391 in D:\project\eden-nutrition)
2026-03-17 11:08:33.303  INFO 8308 --- [main] eden.EdenApplication                     : The following 1 profile is active: "dev"
2026-03-17 11:08:36.313  INFO 8308 --- [main] .s.d.r.c.RepositoryConfigurationDelegate : Multiple Spring Data modules found, entering strict repository configuration mode
2026-03-17 11:08:36.321  INFO 8308 --- [main] .s.d.r.c.RepositoryConfigurationDelegate : Bootstrapping Spring Data Redis repositories in DEFAULT mode.
2026-03-17 11:08:36.403  INFO 8308 --- [main] .s.d.r.c.RepositoryConfigurationDelegate : Finished Spring Data repository scanning in 39 ms. Found 0 Redis repository interfaces.
2026-03-17 11:08:38.720  INFO 8308 --- [main] o.s.b.w.embedded.tomcat.TomcatWebServer  : Tomcat initialized with port(s): 8080 (http)
2026-03-17 11:08:38.763  INFO 8308 --- [main] o.apache.catalina.core.StandardService   : Starting service [Tomcat]
2026-03-17 11:08:38.763  INFO 8308 --- [main] org.apache.catalina.core.StandardEngine  : Starting Servlet engine: [Apache Tomcat/9.0.109]
2026-03-17 11:08:39.067  INFO 8308 --- [main] o.a.c.c.C.[Tomcat].[localhost].[/api]    : Initializing Spring embedded WebApplicationContext
2026-03-17 11:08:39.068  INFO 8308 --- [main] w.s.c.ServletWebServerApplicationContext : Root WebApplicationContext: initialization completed in 5643 ms
2026-03-17 11:08:40.500  INFO 8308 --- [main] org.redisson.Version                     : Redisson 3.37.0
2026-03-17 11:08:41.554  INFO 8308 --- [redisson-netty-1-5] o.redisson.connection.ConnectionsHolder  : 1 connections initialized for localhost/127.0.0.1:6379
2026-03-17 11:08:41.806  INFO 8308 --- [redisson-netty-1-20] o.redisson.connection.ConnectionsHolder  : 24 connections initialized for localhost/127.0.0.1:6379
2026-03-17 11:08:44.240  INFO 8308 --- [main] o.s.b.a.e.web.EndpointLinksResolver      : Exposing 14 endpoint(s) beneath base path '/actuator'
2026-03-17 11:08:44.692  INFO 8308 --- [main] o.s.s.web.DefaultSecurityFilterChain     : Will secure any request with [org.springframework.security.web.session.DisableEncodeUrlFilter@25bd68ea, org.springframework.security.web.context.request.async.WebAsyncManagerIntegrationFilter@7915111a, org.springframework.security.web.context.SecurityContextPersistenceFilter@56afbace, org.springframework.security.web.header.HeaderWriterFilter@40aaf656, org.springframework.security.web.authentication.logout.LogoutFilter@2c4eda3a, eden.web.filter.JwtAuthenticationTokenFilter@4f5bfbca, org.springframework.security.web.savedrequest.RequestCacheAwareFilter@53850535, org.springframework.security.web.servletapi.SecurityContextHolderAwareRequestFilter@19565b5, org.springframework.security.web.authentication.AnonymousAuthenticationFilter@37aec9b, org.springframework.security.web.session.SessionManagementFilter@2bef33e7, org.springframework.security.web.access.ExceptionTranslationFilter@c680819, org.springframework.security.web.access.intercept.FilterSecurityInterceptor@444fbd13]
2026-03-17 11:08:45.997  INFO 8308 --- [main] o.s.b.w.embedded.tomcat.TomcatWebServer  : Tomcat started on port(s): 8080 (http) with context path '/api'
2026-03-17 11:08:46.964  INFO 8308 --- [main] o.s.a.r.c.CachingConnectionFactory       : Attempting to connect to: [localhost:5672]
2026-03-17 11:08:47.129  INFO 8308 --- [main] o.s.a.r.c.CachingConnectionFactory       : Created new connection: rabbitConnectionFactory#3958db82:0/SimpleConnection@7fb84ef7 [delegate=amqp://user@127.0.0.1:5672/, localPort= 9159]
2026-03-17 11:08:47.372  INFO 8308 --- [org.springframework.amqp.rabbit.RabbitListenerEndpointContainer#2-1] e.service.listener.OrderMessageListener  : 收到订单支付成功消息，订单ID: 2025121713395639540001
2026-03-17 11:08:47.452  INFO 8308 --- [main] eden.EdenApplication                     : Started EdenApplication in 16.425 seconds (JVM running for 18.298)
2026-03-17 11:08:47.761  INFO 8308 --- [RMI TCP Connection(2)-100.91.106.125] o.a.c.c.C.[Tomcat].[localhost].[/api]    : Initializing Spring DispatcherServlet 'dispatcherServlet'
2026-03-17 11:08:47.762  INFO 8308 --- [RMI TCP Connection(2)-100.91.106.125] o.s.web.servlet.DispatcherServlet        : Initializing Servlet 'dispatcherServlet'
2026-03-17 11:08:47.765  INFO 8308 --- [RMI TCP Connection(2)-100.91.106.125] o.s.web.servlet.DispatcherServlet        : Completed initialization in 2 ms
2026-03-17 11:08:47.770  INFO 8308 --- [RMI TCP Connection(3)-100.91.106.125] com.zaxxer.hikari.HikariDataSource       : EdenHikariCP - Starting...
2026-03-17 11:08:48.194  INFO 8308 --- [RMI TCP Connection(3)-100.91.106.125] com.zaxxer.hikari.HikariDataSource       : EdenHikariCP - Start completed.
2026-03-17 11:09:00.009  INFO 8308 --- [scheduling-1] eden.service.task.OrderTask              : 开始执行订单超时关闭任务...
2026-03-17 11:09:00.182  INFO 8308 --- [scheduling-1] eden.service.task.OrderTask              : 没有超时订单需要关闭
2026-03-17 11:10:00.004  INFO 8308 --- [scheduling-1] eden.service.task.PromotionTask          : 开始更新已结束的秒杀活动状态...
2026-03-17 11:10:00.029  INFO 8308 --- [scheduling-1] eden.service.task.OrderTask              : 开始执行订单超时关闭任务...
2026-03-17 11:10:00.036  INFO 8308 --- [scheduling-1] eden.service.task.OrderTask              : 没有超时订单需要关闭
2026-03-17 11:11:00.005  INFO 8308 --- [scheduling-1] eden.service.task.OrderTask              : 开始执行订单超时关闭任务...
2026-03-17 11:11:00.020  INFO 8308 --- [scheduling-1] eden.service.task.OrderTask              : 没有超时订单需要关闭
2026-03-17 11:12:00.005  INFO 8308 --- [scheduling-1] eden.service.task.OrderTask              : 开始执行订单超时关闭任务...
2026-03-17 11:12:00.019  INFO 8308 --- [scheduling-1] eden.service.task.OrderTask              : 没有超时订单需要关闭
2026-03-17 11:13:00.004  INFO 8308 --- [scheduling-1] eden.service.task.OrderTask              : 开始执行订单超时关闭任务...
2026-03-17 11:13:00.018  INFO 8308 --- [scheduling-1] eden.service.task.OrderTask              : 没有超时订单需要关闭
2026-03-17 11:14:00.001  INFO 8308 --- [scheduling-1] eden.service.task.OrderTask              : 开始执行订单超时关闭任务...
2026-03-17 11:14:00.010  INFO 8308 --- [scheduling-1] eden.service.task.OrderTask              : 没有超时订单需要关闭
2026-03-17 11:15:00.001  INFO 8308 --- [scheduling-1] eden.service.task.PromotionTask          : 开始更新已结束的秒杀活动状态...
2026-03-17 11:15:00.017  INFO 8308 --- [scheduling-1] eden.service.task.OrderTask              : 开始执行订单超时关闭任务...
2026-03-17 11:15:00.023  INFO 8308 --- [scheduling-1] eden.service.task.OrderTask              : 没有超时订单需要关闭
2026-03-17 11:16:00.012  INFO 8308 --- [scheduling-1] eden.service.task.OrderTask              : 开始执行订单超时关闭任务...
2026-03-17 11:16:00.021  INFO 8308 --- [scheduling-1] eden.service.task.OrderTask              : 没有超时订单需要关闭
2026-03-17 11:17:00.007  INFO 8308 --- [scheduling-1] eden.service.task.OrderTask              : 开始执行订单超时关闭任务...
2026-03-17 11:17:00.021  INFO 8308 --- [scheduling-1] eden.service.task.OrderTask              : 没有超时订单需要关闭
2026-03-17 11:18:00.008  INFO 8308 --- [scheduling-1] eden.service.task.OrderTask              : 开始执行订单超时关闭任务...
2026-03-17 11:18:00.021  INFO 8308 --- [scheduling-1] eden.service.task.OrderTask              : 没有超时订单需要关闭
2026-03-17 11:19:00.000  INFO 8308 --- [scheduling-1] eden.service.task.OrderTask              : 开始执行订单超时关闭任务...
2026-03-17 11:19:00.009  INFO 8308 --- [scheduling-1] eden.service.task.OrderTask              : 没有超时订单需要关闭
2026-03-17 11:20:00.003  INFO 8308 --- [scheduling-1] eden.service.task.PromotionTask          : 开始更新已结束的秒杀活动状态...
2026-03-17 11:20:00.020  INFO 8308 --- [scheduling-1] eden.service.task.OrderTask              : 开始执行订单超时关闭任务...
2026-03-17 11:20:00.026  INFO 8308 --- [scheduling-1] eden.service.task.OrderTask              : 没有超时订单需要关闭
2026-03-17 11:21:00.003  INFO 8308 --- [scheduling-1] eden.service.task.OrderTask              : 开始执行订单超时关闭任务...
2026-03-17 11:21:00.020  INFO 8308 --- [scheduling-1] eden.service.task.OrderTask              : 没有超时订单需要关闭
2026-03-17 11:22:00.006  INFO 8308 --- [scheduling-1] eden.service.task.OrderTask              : 开始执行订单超时关闭任务...
2026-03-17 11:22:00.016  INFO 8308 --- [scheduling-1] eden.service.task.OrderTask              : 没有超时订单需要关闭
2026-03-17 11:23:00.008  INFO 8308 --- [scheduling-1] eden.service.task.OrderTask              : 开始执行订单超时关闭任务...
2026-03-17 11:23:00.019  INFO 8308 --- [scheduling-1] eden.service.task.OrderTask              : 没有超时订单需要关闭
2026-03-17 11:24:00.007  INFO 8308 --- [scheduling-1] eden.service.task.OrderTask              : 开始执行订单超时关闭任务...
2026-03-17 11:24:00.024  INFO 8308 --- [scheduling-1] eden.service.task.OrderTask              : 没有超时订单需要关闭
2026-03-17 11:25:00.014  INFO 8308 --- [scheduling-1] eden.service.task.PromotionTask          : 开始更新已结束的秒杀活动状态...
2026-03-17 11:25:00.062  INFO 8308 --- [scheduling-1] eden.service.task.OrderTask              : 开始执行订单超时关闭任务...
2026-03-17 11:25:00.072  INFO 8308 --- [scheduling-1] eden.service.task.OrderTask              : 没有超时订单需要关闭
2026-03-17 11:26:00.009  INFO 8308 --- [scheduling-1] eden.service.task.OrderTask              : 开始执行订单超时关闭任务...
2026-03-17 11:26:00.018  INFO 8308 --- [scheduling-1] eden.service.task.OrderTask              : 没有超时订单需要关闭
2026-03-17 11:27:00.003  INFO 8308 --- [scheduling-1] eden.service.task.OrderTask              : 开始执行订单超时关闭任务...
2026-03-17 11:27:00.012  INFO 8308 --- [scheduling-1] eden.service.task.OrderTask              : 没有超时订单需要关闭
2026-03-17 11:28:00.010  INFO 8308 --- [scheduling-1] eden.service.task.OrderTask              : 开始执行订单超时关闭任务...
2026-03-17 11:28:00.018  INFO 8308 --- [scheduling-1] eden.service.task.OrderTask              : 没有超时订单需要关闭
2026-03-17 11:29:00.010  INFO 8308 --- [scheduling-1] eden.service.task.OrderTask              : 开始执行订单超时关闭任务...
2026-03-17 11:29:00.019  INFO 8308 --- [scheduling-1] eden.service.task.OrderTask              : 没有超时订单需要关闭
2026-03-17 11:30:00.012  INFO 8308 --- [scheduling-1] eden.service.task.PromotionTask          : 开始更新已结束的秒杀活动状态...
2026-03-17 11:30:00.027  INFO 8308 --- [scheduling-1] eden.service.task.OrderTask              : 开始执行订单超时关闭任务...
2026-03-17 11:30:00.033  INFO 8308 --- [scheduling-1] eden.service.task.OrderTask              : 没有超时订单需要关闭
2026-03-17 11:31:00.004  INFO 8308 --- [scheduling-1] eden.service.task.OrderTask              : 开始执行订单超时关闭任务...
2026-03-17 11:31:00.013  INFO 8308 --- [scheduling-1] eden.service.task.OrderTask              : 没有超时订单需要关闭
2026-03-17 11:32:00.015  INFO 8308 --- [scheduling-1] eden.service.task.OrderTask              : 开始执行订单超时关闭任务...
2026-03-17 11:32:00.023  INFO 8308 --- [scheduling-1] eden.service.task.OrderTask              : 没有超时订单需要关闭
2026-03-17 11:33:00.010  INFO 8308 --- [scheduling-1] eden.service.task.OrderTask              : 开始执行订单超时关闭任务...
2026-03-17 11:33:00.020  INFO 8308 --- [scheduling-1] eden.service.task.OrderTask              : 没有超时订单需要关闭
2026-03-17 11:34:00.014  INFO 8308 --- [scheduling-1] eden.service.task.OrderTask              : 开始执行订单超时关闭任务...
2026-03-17 11:34:00.021  INFO 8308 --- [scheduling-1] eden.service.task.OrderTask              : 没有超时订单需要关闭
2026-03-17 11:35:00.008  INFO 8308 --- [scheduling-1] eden.service.task.OrderTask              : 开始执行订单超时关闭任务...
2026-03-17 11:35:00.016  INFO 8308 --- [scheduling-1] eden.service.task.OrderTask              : 没有超时订单需要关闭
2026-03-17 11:35:00.017  INFO 8308 --- [scheduling-1] eden.service.task.PromotionTask          : 开始更新已结束的秒杀活动状态...
2026-03-17 11:36:00.007  INFO 8308 --- [scheduling-1] eden.service.task.OrderTask              : 开始执行订单超时关闭任务...
2026-03-17 11:36:00.017  INFO 8308 --- [scheduling-1] eden.service.task.OrderTask              : 没有超时订单需要关闭
2026-03-17 11:37:00.004  INFO 8308 --- [scheduling-1] eden.service.task.OrderTask              : 开始执行订单超时关闭任务...
2026-03-17 11:37:00.026  INFO 8308 --- [scheduling-1] eden.service.task.OrderTask              : 没有超时订单需要关闭
2026-03-17 11:38:00.011  INFO 8308 --- [scheduling-1] eden.service.task.OrderTask              : 开始执行订单超时关闭任务...
2026-03-17 11:38:00.019  INFO 8308 --- [scheduling-1] eden.service.task.OrderTask              : 没有超时订单需要关闭
2026-03-17 11:38:48.129  INFO 8308 --- [org.springframework.amqp.rabbit.RabbitListenerEndpointContainer#2-1] o.s.a.r.l.SimpleMessageListenerContainer : Restarting Consumer@ebcf6c0: tags=[[amq.ctag-6XDoqLQ9ICE5MWF4-warTg]], channel=Cached Rabbit Channel: PublisherCallbackChannelImpl: AMQChannel(amqp://user@127.0.0.1:5672/,3), conn: Proxy@2b39e77d Shared Rabbit Connection: SimpleConnection@7fb84ef7 [delegate=amqp://user@127.0.0.1:5672/, localPort= 9159], acknowledgeMode=MANUAL local queue size=0
2026-03-17 11:38:48.152  INFO 8308 --- [org.springframework.amqp.rabbit.RabbitListenerEndpointContainer#2-2] e.service.listener.OrderMessageListener  : 收到订单支付成功消息，订单ID: 2025121713395639540001
2026-03-17 11:39:00.011  INFO 8308 --- [scheduling-1] eden.service.task.OrderTask              : 开始执行订单超时关闭任务...
2026-03-17 11:39:00.036  INFO 8308 --- [scheduling-1] eden.service.task.OrderTask              : 没有超时订单需要关闭
2026-03-17 11:40:00.010  INFO 8308 --- [scheduling-1] eden.service.task.OrderTask              : 开始执行订单超时关闭任务...
2026-03-17 11:40:00.024  INFO 8308 --- [scheduling-1] eden.service.task.OrderTask              : 没有超时订单需要关闭
2026-03-17 11:40:00.025  INFO 8308 --- [scheduling-1] eden.service.task.PromotionTask          : 开始更新已结束的秒杀活动状态...
2026-03-17 11:41:00.006  INFO 8308 --- [scheduling-1] eden.service.task.OrderTask              : 开始执行订单超时关闭任务...
2026-03-17 11:41:00.024  INFO 8308 --- [scheduling-1] eden.service.task.OrderTask              : 没有超时订单需要关闭
2026-03-17 11:42:00.006  INFO 8308 --- [scheduling-1] eden.service.task.OrderTask              : 开始执行订单超时关闭任务...
2026-03-17 11:42:00.018  INFO 8308 --- [scheduling-1] eden.service.task.OrderTask              : 没有超时订单需要关闭
2026-03-17 11:43:00.010  INFO 8308 --- [scheduling-1] eden.service.task.OrderTask              : 开始执行订单超时关闭任务...
2026-03-17 11:43:00.022  INFO 8308 --- [scheduling-1] eden.service.task.OrderTask              : 没有超时订单需要关闭
2026-03-17 11:44:00.014  INFO 8308 --- [scheduling-1] eden.service.task.OrderTask              : 开始执行订单超时关闭任务...
2026-03-17 11:44:00.023  INFO 8308 --- [scheduling-1] eden.service.task.OrderTask              : 没有超时订单需要关闭
2026-03-17 11:45:00.006  INFO 8308 --- [scheduling-1] eden.service.task.OrderTask              : 开始执行订单超时关闭任务...
2026-03-17 11:45:00.015  INFO 8308 --- [scheduling-1] eden.service.task.OrderTask              : 没有超时订单需要关闭
2026-03-17 11:45:00.016  INFO 8308 --- [scheduling-1] eden.service.task.PromotionTask          : 开始更新已结束的秒杀活动状态...
2026-03-17 11:46:00.002  INFO 8308 --- [scheduling-1] eden.service.task.OrderTask              : 开始执行订单超时关闭任务...
2026-03-17 11:46:00.010  INFO 8308 --- [scheduling-1] eden.service.task.OrderTask              : 没有超时订单需要关闭
2026-03-17 11:47:00.004  INFO 8308 --- [scheduling-1] eden.service.task.OrderTask              : 开始执行订单超时关闭任务...
2026-03-17 11:47:00.013  INFO 8308 --- [scheduling-1] eden.service.task.OrderTask              : 没有超时订单需要关闭
2026-03-17 11:48:00.013  INFO 8308 --- [scheduling-1] eden.service.task.OrderTask              : 开始执行订单超时关闭任务...
2026-03-17 11:48:00.025  INFO 8308 --- [scheduling-1] eden.service.task.OrderTask              : 没有超时订单需要关闭
2026-03-17 11:49:00.003  INFO 8308 --- [scheduling-1] eden.service.task.OrderTask              : 开始执行订单超时关闭任务...
2026-03-17 11:49:00.012  INFO 8308 --- [scheduling-1] eden.service.task.OrderTask              : 没有超时订单需要关闭
2026-03-17 11:50:00.012  INFO 8308 --- [scheduling-1] eden.service.task.OrderTask              : 开始执行订单超时关闭任务...
2026-03-17 11:50:00.020  INFO 8308 --- [scheduling-1] eden.service.task.OrderTask              : 没有超时订单需要关闭
2026-03-17 11:50:00.022  INFO 8308 --- [scheduling-1] eden.service.task.PromotionTask          : 开始更新已结束的秒杀活动状态...
2026-03-17 11:51:00.004  INFO 8308 --- [scheduling-1] eden.service.task.OrderTask              : 开始执行订单超时关闭任务...
2026-03-17 11:51:00.010  INFO 8308 --- [scheduling-1] eden.service.task.OrderTask              : 没有超时订单需要关闭
2026-03-17 11:52:00.012  INFO 8308 --- [scheduling-1] eden.service.task.OrderTask              : 开始执行订单超时关闭任务...
2026-03-17 11:52:00.020  INFO 8308 --- [scheduling-1] eden.service.task.OrderTask              : 没有超时订单需要关闭
2026-03-17 11:53:00.003  INFO 8308 --- [scheduling-1] eden.service.task.OrderTask              : 开始执行订单超时关闭任务...
2026-03-17 11:53:00.010  INFO 8308 --- [scheduling-1] eden.service.task.OrderTask              : 没有超时订单需要关闭
2026-03-17 11:54:00.001  INFO 8308 --- [scheduling-1] eden.service.task.OrderTask              : 开始执行订单超时关闭任务...
2026-03-17 11:54:00.011  INFO 8308 --- [scheduling-1] eden.service.task.OrderTask              : 没有超时订单需要关闭
2026-03-17 11:55:00.004  INFO 8308 --- [scheduling-1] eden.service.task.OrderTask              : 开始执行订单超时关闭任务...
2026-03-17 11:55:00.010  INFO 8308 --- [scheduling-1] eden.service.task.OrderTask              : 没有超时订单需要关闭
2026-03-17 11:55:00.011  INFO 8308 --- [scheduling-1] eden.service.task.PromotionTask          : 开始更新已结束的秒杀活动状态...
2026-03-17 11:56:00.001  INFO 8308 --- [scheduling-1] eden.service.task.OrderTask              : 开始执行订单超时关闭任务...
2026-03-17 11:56:00.008  INFO 8308 --- [scheduling-1] eden.service.task.OrderTask              : 没有超时订单需要关闭
2026-03-17 11:57:00.010  INFO 8308 --- [scheduling-1] eden.service.task.OrderTask              : 开始执行订单超时关闭任务...
2026-03-17 11:57:00.020  INFO 8308 --- [scheduling-1] eden.service.task.OrderTask              : 没有超时订单需要关闭
2026-03-17 11:58:00.009  INFO 8308 --- [scheduling-1] eden.service.task.OrderTask              : 开始执行订单超时关闭任务...
2026-03-17 11:58:00.019  INFO 8308 --- [scheduling-1] eden.service.task.OrderTask              : 没有超时订单需要关闭
2026-03-17 11:59:00.016  INFO 8308 --- [scheduling-1] eden.service.task.OrderTask              : 开始执行订单超时关闭任务...
2026-03-17 11:59:00.028  INFO 8308 --- [scheduling-1] eden.service.task.OrderTask              : 没有超时订单需要关闭
2026-03-17 12:00:00.009  INFO 8308 --- [scheduling-1] eden.service.task.PromotionTask          : 开始更新已结束的秒杀活动状态...
2026-03-17 12:00:00.019  INFO 8308 --- [scheduling-1] eden.service.task.OrderTask              : 开始执行订单超时关闭任务...
2026-03-17 12:00:00.023  INFO 8308 --- [scheduling-1] eden.service.task.OrderTask              : 没有超时订单需要关闭
2026-03-17 12:01:00.011  INFO 8308 --- [scheduling-1] eden.service.task.OrderTask              : 开始执行订单超时关闭任务...
2026-03-17 12:01:00.022  INFO 8308 --- [scheduling-1] eden.service.task.OrderTask              : 没有超时订单需要关闭
2026-03-17 12:02:00.003  INFO 8308 --- [scheduling-1] eden.service.task.OrderTask              : 开始执行订单超时关闭任务...
2026-03-17 12:02:00.012  INFO 8308 --- [scheduling-1] eden.service.task.OrderTask              : 没有超时订单需要关闭
2026-03-17 12:03:00.005  INFO 8308 --- [scheduling-1] eden.service.task.OrderTask              : 开始执行订单超时关闭任务...
2026-03-17 12:03:00.025  INFO 8308 --- [scheduling-1] eden.service.task.OrderTask              : 没有超时订单需要关闭
2026-03-17 12:04:00.010  INFO 8308 --- [scheduling-1] eden.service.task.OrderTask              : 开始执行订单超时关闭任务...
2026-03-17 12:04:00.018  INFO 8308 --- [scheduling-1] eden.service.task.OrderTask              : 没有超时订单需要关闭
2026-03-17 12:05:00.007  INFO 8308 --- [scheduling-1] eden.service.task.OrderTask              : 开始执行订单超时关闭任务...
2026-03-17 12:05:00.017  INFO 8308 --- [scheduling-1] eden.service.task.OrderTask              : 没有超时订单需要关闭
2026-03-17 12:05:00.018  INFO 8308 --- [scheduling-1] eden.service.task.PromotionTask          : 开始更新已结束的秒杀活动状态...
2026-03-17 12:06:00.001  INFO 8308 --- [scheduling-1] eden.service.task.OrderTask              : 开始执行订单超时关闭任务...
2026-03-17 12:06:00.009  INFO 8308 --- [scheduling-1] eden.service.task.OrderTask              : 没有超时订单需要关闭
2026-03-17 12:07:00.001  INFO 8308 --- [scheduling-1] eden.service.task.OrderTask              : 开始执行订单超时关闭任务...
2026-03-17 12:07:00.012  INFO 8308 --- [scheduling-1] eden.service.task.OrderTask              : 没有超时订单需要关闭
2026-03-17 12:08:00.009  INFO 8308 --- [scheduling-1] eden.service.task.OrderTask              : 开始执行订单超时关闭任务...
2026-03-17 12:08:00.018  INFO 8308 --- [scheduling-1] eden.service.task.OrderTask              : 没有超时订单需要关闭
2026-03-17 12:08:49.084  INFO 8308 --- [org.springframework.amqp.rabbit.RabbitListenerEndpointContainer#2-2] o.s.a.r.l.SimpleMessageListenerContainer : Restarting Consumer@239e3246: tags=[[amq.ctag-AD38XHt-fyCnHHPpNwV9qw]], channel=Cached Rabbit Channel: PublisherCallbackChannelImpl: AMQChannel(amqp://user@127.0.0.1:5672/,7), conn: Proxy@2b39e77d Shared Rabbit Connection: SimpleConnection@7fb84ef7 [delegate=amqp://user@127.0.0.1:5672/, localPort= 9159], acknowledgeMode=MANUAL local queue size=0
2026-03-17 12:08:49.116  INFO 8308 --- [org.springframework.amqp.rabbit.RabbitListenerEndpointContainer#2-3] e.service.listener.OrderMessageListener  : 收到订单支付成功消息，订单ID: 2025121713395639540001
2026-03-17 12:09:00.010  INFO 8308 --- [scheduling-1] eden.service.task.OrderTask              : 开始执行订单超时关闭任务...
2026-03-17 12:09:00.028  INFO 8308 --- [scheduling-1] eden.service.task.OrderTask              : 没有超时订单需要关闭
2026-03-17 12:10:00.002  INFO 8308 --- [scheduling-1] eden.service.task.OrderTask              : 开始执行订单超时关闭任务...
2026-03-17 12:10:00.009  INFO 8308 --- [scheduling-1] eden.service.task.OrderTask              : 没有超时订单需要关闭
2026-03-17 12:10:00.009  INFO 8308 --- [scheduling-1] eden.service.task.PromotionTask          : 开始更新已结束的秒杀活动状态...
2026-03-17 12:11:00.006  INFO 8308 --- [scheduling-1] eden.service.task.OrderTask              : 开始执行订单超时关闭任务...
2026-03-17 12:11:00.018  INFO 8308 --- [scheduling-1] eden.service.task.OrderTask              : 没有超时订单需要关闭
2026-03-17 12:12:00.016  INFO 8308 --- [scheduling-1] eden.service.task.OrderTask              : 开始执行订单超时关闭任务...
2026-03-17 12:12:00.022  INFO 8308 --- [scheduling-1] eden.service.task.OrderTask              : 没有超时订单需要关闭
2026-03-17 12:13:00.006  INFO 8308 --- [scheduling-1] eden.service.task.OrderTask              : 开始执行订单超时关闭任务...
2026-03-17 12:13:00.014  INFO 8308 --- [scheduling-1] eden.service.task.OrderTask              : 没有超时订单需要关闭
2026-03-17 12:14:00.011  INFO 8308 --- [scheduling-1] eden.service.task.OrderTask              : 开始执行订单超时关闭任务...
2026-03-17 12:14:00.019  INFO 8308 --- [scheduling-1] eden.service.task.OrderTask              : 没有超时订单需要关闭
2026-03-17 12:15:00.006  INFO 8308 --- [scheduling-1] eden.service.task.PromotionTask          : 开始更新已结束的秒杀活动状态...
2026-03-17 12:15:00.017  INFO 8308 --- [scheduling-1] eden.service.task.OrderTask              : 开始执行订单超时关闭任务...
2026-03-17 12:15:00.023  INFO 8308 --- [scheduling-1] eden.service.task.OrderTask              : 没有超时订单需要关闭
2026-03-17 12:16:00.002  INFO 8308 --- [scheduling-1] eden.service.task.OrderTask              : 开始执行订单超时关闭任务...
2026-03-17 12:16:00.011  INFO 8308 --- [scheduling-1] eden.service.task.OrderTask              : 没有超时订单需要关闭
2026-03-17 12:17:00.008  INFO 8308 --- [scheduling-1] eden.service.task.OrderTask              : 开始执行订单超时关闭任务...
2026-03-17 12:17:00.017  INFO 8308 --- [scheduling-1] eden.service.task.OrderTask              : 没有超时订单需要关闭
2026-03-17 12:18:00.004  INFO 8308 --- [scheduling-1] eden.service.task.OrderTask              : 开始执行订单超时关闭任务...
2026-03-17 12:18:00.012  INFO 8308 --- [scheduling-1] eden.service.task.OrderTask              : 没有超时订单需要关闭
2026-03-17 12:19:00.014  INFO 8308 --- [scheduling-1] eden.service.task.OrderTask              : 开始执行订单超时关闭任务...
2026-03-17 12:19:00.026  INFO 8308 --- [scheduling-1] eden.service.task.OrderTask              : 没有超时订单需要关闭
2026-03-17 12:20:00.010  INFO 8308 --- [scheduling-1] eden.service.task.PromotionTask          : 开始更新已结束的秒杀活动状态...
2026-03-17 12:20:00.024  INFO 8308 --- [scheduling-1] eden.service.task.OrderTask              : 开始执行订单超时关闭任务...
2026-03-17 12:20:00.028  INFO 8308 --- [scheduling-1] eden.service.task.OrderTask              : 没有超时订单需要关闭
2026-03-17 12:21:00.007  INFO 8308 --- [scheduling-1] eden.service.task.OrderTask              : 开始执行订单超时关闭任务...
2026-03-17 12:21:00.015  INFO 8308 --- [scheduling-1] eden.service.task.OrderTask              : 没有超时订单需要关闭
2026-03-17 12:22:00.001  INFO 8308 --- [scheduling-1] eden.service.task.OrderTask              : 开始执行订单超时关闭任务...
2026-03-17 12:22:00.007  INFO 8308 --- [scheduling-1] eden.service.task.OrderTask              : 没有超时订单需要关闭
2026-03-17 12:23:00.015  INFO 8308 --- [scheduling-1] eden.service.task.OrderTask              : 开始执行订单超时关闭任务...
2026-03-17 12:23:00.023  INFO 8308 --- [scheduling-1] eden.service.task.OrderTask              : 没有超时订单需要关闭
2026-03-17 12:24:00.012  INFO 8308 --- [scheduling-1] eden.service.task.OrderTask              : 开始执行订单超时关闭任务...
2026-03-17 12:24:00.018  INFO 8308 --- [scheduling-1] eden.service.task.OrderTask              : 没有超时订单需要关闭
2026-03-17 12:25:00.014  INFO 8308 --- [scheduling-1] eden.service.task.OrderTask              : 开始执行订单超时关闭任务...
2026-03-17 12:25:00.027  INFO 8308 --- [scheduling-1] eden.service.task.OrderTask              : 没有超时订单需要关闭
2026-03-17 12:25:00.029  INFO 8308 --- [scheduling-1] eden.service.task.PromotionTask          : 开始更新已结束的秒杀活动状态...
2026-03-17 12:26:00.002  INFO 8308 --- [scheduling-1] eden.service.task.OrderTask              : 开始执行订单超时关闭任务...
2026-03-17 12:26:00.011  INFO 8308 --- [scheduling-1] eden.service.task.OrderTask              : 没有超时订单需要关闭
2026-03-17 12:27:00.000  INFO 8308 --- [scheduling-1] eden.service.task.OrderTask              : 开始执行订单超时关闭任务...
2026-03-17 12:27:00.008  INFO 8308 --- [scheduling-1] eden.service.task.OrderTask              : 没有超时订单需要关闭
2026-03-17 12:28:00.013  INFO 8308 --- [scheduling-1] eden.service.task.OrderTask              : 开始执行订单超时关闭任务...
2026-03-17 12:28:00.023  INFO 8308 --- [scheduling-1] eden.service.task.OrderTask              : 没有超时订单需要关闭
2026-03-17 12:29:00.006  INFO 8308 --- [scheduling-1] eden.service.task.OrderTask              : 开始执行订单超时关闭任务...
2026-03-17 12:29:00.015  INFO 8308 --- [scheduling-1] eden.service.task.OrderTask              : 没有超时订单需要关闭
2026-03-17 12:30:00.009  INFO 8308 --- [scheduling-1] eden.service.task.PromotionTask          : 开始更新已结束的秒杀活动状态...
2026-03-17 12:30:00.019  INFO 8308 --- [scheduling-1] eden.service.task.OrderTask              : 开始执行订单超时关闭任务...
2026-03-17 12:30:00.024  INFO 8308 --- [scheduling-1] eden.service.task.OrderTask              : 没有超时订单需要关闭
2026-03-17 12:31:00.012  INFO 8308 --- [scheduling-1] eden.service.task.OrderTask              : 开始执行订单超时关闭任务...
2026-03-17 12:31:00.020  INFO 8308 --- [scheduling-1] eden.service.task.OrderTask              : 没有超时订单需要关闭
2026-03-17 12:32:00.004  INFO 8308 --- [scheduling-1] eden.service.task.OrderTask              : 开始执行订单超时关闭任务...
2026-03-17 12:32:00.016  INFO 8308 --- [scheduling-1] eden.service.task.OrderTask              : 没有超时订单需要关闭
2026-03-17 12:33:00.013  INFO 8308 --- [scheduling-1] eden.service.task.OrderTask              : 开始执行订单超时关闭任务...
2026-03-17 12:33:00.021  INFO 8308 --- [scheduling-1] eden.service.task.OrderTask              : 没有超时订单需要关闭
2026-03-17 12:34:00.009  INFO 8308 --- [scheduling-1] eden.service.task.OrderTask              : 开始执行订单超时关闭任务...
2026-03-17 12:34:00.025  INFO 8308 --- [scheduling-1] eden.service.task.OrderTask              : 没有超时订单需要关闭
2026-03-17 12:35:00.014  INFO 8308 --- [scheduling-1] eden.service.task.OrderTask              : 开始执行订单超时关闭任务...
2026-03-17 12:35:00.023  INFO 8308 --- [scheduling-1] eden.service.task.OrderTask              : 没有超时订单需要关闭
2026-03-17 12:35:00.023  INFO 8308 --- [scheduling-1] eden.service.task.PromotionTask          : 开始更新已结束的秒杀活动状态...
2026-03-17 12:36:00.005  INFO 8308 --- [scheduling-1] eden.service.task.OrderTask              : 开始执行订单超时关闭任务...
2026-03-17 12:36:00.013  INFO 8308 --- [scheduling-1] eden.service.task.OrderTask              : 没有超时订单需要关闭
2026-03-17 12:37:00.005  INFO 8308 --- [scheduling-1] eden.service.task.OrderTask              : 开始执行订单超时关闭任务...
2026-03-17 12:37:00.012  INFO 8308 --- [scheduling-1] eden.service.task.OrderTask              : 没有超时订单需要关闭
2026-03-17 12:38:00.005  INFO 8308 --- [scheduling-1] eden.service.task.OrderTask              : 开始执行订单超时关闭任务...
2026-03-17 12:38:00.020  INFO 8308 --- [scheduling-1] eden.service.task.OrderTask              : 没有超时订单需要关闭
2026-03-17 12:38:50.139  INFO 8308 --- [org.springframework.amqp.rabbit.RabbitListenerEndpointContainer#2-3] o.s.a.r.l.SimpleMessageListenerContainer : Restarting Consumer@2ec8fc8f: tags=[[amq.ctag-vxj1TN6Fdtzbg-IjyZP3cg]], channel=Cached Rabbit Channel: PublisherCallbackChannelImpl: AMQChannel(amqp://user@127.0.0.1:5672/,7), conn: Proxy@2b39e77d Shared Rabbit Connection: SimpleConnection@7fb84ef7 [delegate=amqp://user@127.0.0.1:5672/, localPort= 9159], acknowledgeMode=MANUAL local queue size=0
2026-03-17 12:38:50.163  INFO 8308 --- [org.springframework.amqp.rabbit.RabbitListenerEndpointContainer#2-4] e.service.listener.OrderMessageListener  : 收到订单支付成功消息，订单ID: 2025121713395639540001
2026-03-17 12:39:00.003  INFO 8308 --- [scheduling-1] eden.service.task.OrderTask              : 开始执行订单超时关闭任务...
2026-03-17 12:39:00.012  INFO 8308 --- [scheduling-1] eden.service.task.OrderTask              : 没有超时订单需要关闭
2026-03-17 12:40:00.008  INFO 8308 --- [scheduling-1] eden.service.task.OrderTask              : 开始执行订单超时关闭任务...
2026-03-17 12:40:00.016  INFO 8308 --- [scheduling-1] eden.service.task.OrderTask              : 没有超时订单需要关闭
2026-03-17 12:40:00.016  INFO 8308 --- [scheduling-1] eden.service.task.PromotionTask          : 开始更新已结束的秒杀活动状态...
2026-03-17 12:41:00.010  INFO 8308 --- [scheduling-1] eden.service.task.OrderTask              : 开始执行订单超时关闭任务...
2026-03-17 12:41:00.020  INFO 8308 --- [scheduling-1] eden.service.task.OrderTask              : 没有超时订单需要关闭
2026-03-17 12:42:00.009  INFO 8308 --- [scheduling-1] eden.service.task.OrderTask              : 开始执行订单超时关闭任务...
2026-03-17 12:42:00.025  INFO 8308 --- [scheduling-1] eden.service.task.OrderTask              : 没有超时订单需要关闭
2026-03-17 12:43:00.014  INFO 8308 --- [scheduling-1] eden.service.task.OrderTask              : 开始执行订单超时关闭任务...
2026-03-17 12:43:00.020  INFO 8308 --- [scheduling-1] eden.service.task.OrderTask              : 没有超时订单需要关闭
2026-03-17 12:44:00.007  INFO 8308 --- [scheduling-1] eden.service.task.OrderTask              : 开始执行订单超时关闭任务...
2026-03-17 12:44:00.019  INFO 8308 --- [scheduling-1] eden.service.task.OrderTask              : 没有超时订单需要关闭
2026-03-17 12:45:00.012  INFO 8308 --- [scheduling-1] eden.service.task.OrderTask              : 开始执行订单超时关闭任务...
2026-03-17 12:45:00.024  INFO 8308 --- [scheduling-1] eden.service.task.OrderTask              : 没有超时订单需要关闭
2026-03-17 12:45:00.025  INFO 8308 --- [scheduling-1] eden.service.task.PromotionTask          : 开始更新已结束的秒杀活动状态...
2026-03-17 12:46:00.012  INFO 8308 --- [scheduling-1] eden.service.task.OrderTask              : 开始执行订单超时关闭任务...
2026-03-17 12:46:00.021  INFO 8308 --- [scheduling-1] eden.service.task.OrderTask              : 没有超时订单需要关闭
2026-03-17 12:47:00.008  INFO 8308 --- [scheduling-1] eden.service.task.OrderTask              : 开始执行订单超时关闭任务...
2026-03-17 12:47:00.016  INFO 8308 --- [scheduling-1] eden.service.task.OrderTask              : 没有超时订单需要关闭
2026-03-17 12:48:00.003  INFO 8308 --- [scheduling-1] eden.service.task.OrderTask              : 开始执行订单超时关闭任务...
2026-03-17 12:48:00.012  INFO 8308 --- [scheduling-1] eden.service.task.OrderTask              : 没有超时订单需要关闭
2026-03-17 12:49:00.016  INFO 8308 --- [scheduling-1] eden.service.task.OrderTask              : 开始执行订单超时关闭任务...
2026-03-17 12:49:00.027  INFO 8308 --- [scheduling-1] eden.service.task.OrderTask              : 没有超时订单需要关闭
2026-03-17 12:50:00.012  INFO 8308 --- [scheduling-1] eden.service.task.PromotionTask          : 开始更新已结束的秒杀活动状态...
2026-03-17 12:50:00.020  INFO 8308 --- [scheduling-1] eden.service.task.OrderTask              : 开始执行订单超时关闭任务...
2026-03-17 12:50:00.025  INFO 8308 --- [scheduling-1] eden.service.task.OrderTask              : 没有超时订单需要关闭
2026-03-17 12:51:00.005  INFO 8308 --- [scheduling-1] eden.service.task.OrderTask              : 开始执行订单超时关闭任务...
2026-03-17 12:51:00.014  INFO 8308 --- [scheduling-1] eden.service.task.OrderTask              : 没有超时订单需要关闭
2026-03-17 12:52:00.002  INFO 8308 --- [scheduling-1] eden.service.task.OrderTask              : 开始执行订单超时关闭任务...
2026-03-17 12:52:00.011  INFO 8308 --- [scheduling-1] eden.service.task.OrderTask              : 没有超时订单需要关闭
2026-03-17 12:53:00.013  INFO 8308 --- [scheduling-1] eden.service.task.OrderTask              : 开始执行订单超时关闭任务...
2026-03-17 12:53:00.023  INFO 8308 --- [scheduling-1] eden.service.task.OrderTask              : 没有超时订单需要关闭
2026-03-17 12:54:00.005  INFO 8308 --- [scheduling-1] eden.service.task.OrderTask              : 开始执行订单超时关闭任务...
2026-03-17 12:54:00.017  INFO 8308 --- [scheduling-1] eden.service.task.OrderTask              : 没有超时订单需要关闭
2026-03-17 12:55:00.012  INFO 8308 --- [scheduling-1] eden.service.task.OrderTask              : 开始执行订单超时关闭任务...
2026-03-17 12:55:00.023  INFO 8308 --- [scheduling-1] eden.service.task.OrderTask              : 没有超时订单需要关闭
2026-03-17 12:55:00.024  INFO 8308 --- [scheduling-1] eden.service.task.PromotionTask          : 开始更新已结束的秒杀活动状态...
2026-03-17 12:56:00.005  INFO 8308 --- [scheduling-1] eden.service.task.OrderTask              : 开始执行订单超时关闭任务...
2026-03-17 12:56:00.012  INFO 8308 --- [scheduling-1] eden.service.task.OrderTask              : 没有超时订单需要关闭
2026-03-17 12:57:00.011  INFO 8308 --- [scheduling-1] eden.service.task.OrderTask              : 开始执行订单超时关闭任务...
2026-03-17 12:57:00.024  INFO 8308 --- [scheduling-1] eden.service.task.OrderTask              : 没有超时订单需要关闭
2026-03-17 12:58:00.001  INFO 8308 --- [scheduling-1] eden.service.task.OrderTask              : 开始执行订单超时关闭任务...
2026-03-17 12:58:00.010  INFO 8308 --- [scheduling-1] eden.service.task.OrderTask              : 没有超时订单需要关闭
2026-03-17 12:59:00.011  INFO 8308 --- [scheduling-1] eden.service.task.OrderTask              : 开始执行订单超时关闭任务...
2026-03-17 12:59:00.023  INFO 8308 --- [scheduling-1] eden.service.task.OrderTask              : 没有超时订单需要关闭
2026-03-17 13:00:00.003  INFO 8308 --- [scheduling-1] eden.service.task.PromotionTask          : 开始更新已结束的秒杀活动状态...
2026-03-17 13:00:00.013  INFO 8308 --- [scheduling-1] eden.service.task.OrderTask              : 开始执行订单超时关闭任务...
2026-03-17 13:00:00.016  INFO 8308 --- [scheduling-1] eden.service.task.OrderTask              : 没有超时订单需要关闭
2026-03-17 13:01:00.004  INFO 8308 --- [scheduling-1] eden.service.task.OrderTask              : 开始执行订单超时关闭任务...
2026-03-17 13:01:00.014  INFO 8308 --- [scheduling-1] eden.service.task.OrderTask              : 没有超时订单需要关闭
2026-03-17 13:02:00.006  INFO 8308 --- [scheduling-1] eden.service.task.OrderTask              : 开始执行订单超时关闭任务...
2026-03-17 13:02:00.025  INFO 8308 --- [scheduling-1] eden.service.task.OrderTask              : 没有超时订单需要关闭
2026-03-17 13:03:00.005  INFO 8308 --- [scheduling-1] eden.service.task.OrderTask              : 开始执行订单超时关闭任务...
2026-03-17 13:03:00.014  INFO 8308 --- [scheduling-1] eden.service.task.OrderTask              : 没有超时订单需要关闭
2026-03-17 13:04:00.002  INFO 8308 --- [scheduling-1] eden.service.task.OrderTask              : 开始执行订单超时关闭任务...
2026-03-17 13:04:00.010  INFO 8308 --- [scheduling-1] eden.service.task.OrderTask              : 没有超时订单需要关闭
2026-03-17 13:05:00.005  INFO 8308 --- [scheduling-1] eden.service.task.OrderTask              : 开始执行订单超时关闭任务...
2026-03-17 13:05:00.023  INFO 8308 --- [scheduling-1] eden.service.task.OrderTask              : 没有超时订单需要关闭
2026-03-17 13:05:00.023  INFO 8308 --- [scheduling-1] eden.service.task.PromotionTask          : 开始更新已结束的秒杀活动状态...
2026-03-17 13:06:00.014  INFO 8308 --- [scheduling-1] eden.service.task.OrderTask              : 开始执行订单超时关闭任务...
2026-03-17 13:06:00.021  INFO 8308 --- [scheduling-1] eden.service.task.OrderTask              : 没有超时订单需要关闭
2026-03-17 13:07:00.014  INFO 8308 --- [scheduling-1] eden.service.task.OrderTask              : 开始执行订单超时关闭任务...
2026-03-17 13:07:00.022  INFO 8308 --- [scheduling-1] eden.service.task.OrderTask              : 没有超时订单需要关闭
2026-03-17 13:08:00.014  INFO 8308 --- [scheduling-1] eden.service.task.OrderTask              : 开始执行订单超时关闭任务...
2026-03-17 13:08:00.024  INFO 8308 --- [scheduling-1] eden.service.task.OrderTask              : 没有超时订单需要关闭
2026-03-17 13:08:50.868  INFO 8308 --- [org.springframework.amqp.rabbit.RabbitListenerEndpointContainer#2-4] o.s.a.r.l.SimpleMessageListenerContainer : Restarting Consumer@252b3b22: tags=[[amq.ctag-imbj7rDLTx9YdSBPKHJLAw]], channel=Cached Rabbit Channel: PublisherCallbackChannelImpl: AMQChannel(amqp://user@127.0.0.1:5672/,7), conn: Proxy@2b39e77d Shared Rabbit Connection: SimpleConnection@7fb84ef7 [delegate=amqp://user@127.0.0.1:5672/, localPort= 9159], acknowledgeMode=MANUAL local queue size=0
2026-03-17 13:08:50.883  INFO 8308 --- [org.springframework.amqp.rabbit.RabbitListenerEndpointContainer#2-5] e.service.listener.OrderMessageListener  : 收到订单支付成功消息，订单ID: 2025121713395639540001
2026-03-17 13:09:00.005  INFO 8308 --- [scheduling-1] eden.service.task.OrderTask              : 开始执行订单超时关闭任务...
2026-03-17 13:09:00.011  INFO 8308 --- [scheduling-1] eden.service.task.OrderTask              : 没有超时订单需要关闭
2026-03-17 13:10:00.003  INFO 8308 --- [scheduling-1] eden.service.task.PromotionTask          : 开始更新已结束的秒杀活动状态...
2026-03-17 13:10:00.013  INFO 8308 --- [scheduling-1] eden.service.task.OrderTask              : 开始执行订单超时关闭任务...
2026-03-17 13:10:00.017  INFO 8308 --- [scheduling-1] eden.service.task.OrderTask              : 没有超时订单需要关闭
2026-03-17 13:11:00.015  INFO 8308 --- [scheduling-1] eden.service.task.OrderTask              : 开始执行订单超时关闭任务...
2026-03-17 13:11:00.023  INFO 8308 --- [scheduling-1] eden.service.task.OrderTask              : 没有超时订单需要关闭
2026-03-17 13:12:00.009  INFO 8308 --- [scheduling-1] eden.service.task.OrderTask              : 开始执行订单超时关闭任务...
2026-03-17 13:12:00.020  INFO 8308 --- [scheduling-1] eden.service.task.OrderTask              : 没有超时订单需要关闭
2026-03-17 13:13:00.014  INFO 8308 --- [scheduling-1] eden.service.task.OrderTask              : 开始执行订单超时关闭任务...
2026-03-17 13:13:00.021  INFO 8308 --- [scheduling-1] eden.service.task.OrderTask              : 没有超时订单需要关闭
2026-03-17 13:14:00.008  INFO 8308 --- [scheduling-1] eden.service.task.OrderTask              : 开始执行订单超时关闭任务...
2026-03-17 13:14:00.015  INFO 8308 --- [scheduling-1] eden.service.task.OrderTask              : 没有超时订单需要关闭
2026-03-17 13:15:00.008  INFO 8308 --- [scheduling-1] eden.service.task.OrderTask              : 开始执行订单超时关闭任务...
2026-03-17 13:15:00.018  INFO 8308 --- [scheduling-1] eden.service.task.OrderTask              : 没有超时订单需要关闭
2026-03-17 13:15:00.018  INFO 8308 --- [scheduling-1] eden.service.task.PromotionTask          : 开始更新已结束的秒杀活动状态...
2026-03-17 13:16:00.009  INFO 8308 --- [scheduling-1] eden.service.task.OrderTask              : 开始执行订单超时关闭任务...
2026-03-17 13:16:00.023  INFO 8308 --- [scheduling-1] eden.service.task.OrderTask              : 没有超时订单需要关闭
2026-03-17 13:17:00.008  INFO 8308 --- [scheduling-1] eden.service.task.OrderTask              : 开始执行订单超时关闭任务...
2026-03-17 13:17:00.021  INFO 8308 --- [scheduling-1] eden.service.task.OrderTask              : 没有超时订单需要关闭
2026-03-17 13:18:00.006  INFO 8308 --- [scheduling-1] eden.service.task.OrderTask              : 开始执行订单超时关闭任务...
2026-03-17 13:18:00.012  INFO 8308 --- [scheduling-1] eden.service.task.OrderTask              : 没有超时订单需要关闭
2026-03-17 13:19:00.012  INFO 8308 --- [scheduling-1] eden.service.task.OrderTask              : 开始执行订单超时关闭任务...
2026-03-17 13:19:00.020  INFO 8308 --- [scheduling-1] eden.service.task.OrderTask              : 没有超时订单需要关闭
2026-03-17 13:20:00.006  INFO 8308 --- [scheduling-1] eden.service.task.OrderTask              : 开始执行订单超时关闭任务...
2026-03-17 13:20:00.013  INFO 8308 --- [scheduling-1] eden.service.task.OrderTask              : 没有超时订单需要关闭
2026-03-17 13:20:00.014  INFO 8308 --- [scheduling-1] eden.service.task.PromotionTask          : 开始更新已结束的秒杀活动状态...
2026-03-17 13:21:00.007  INFO 8308 --- [scheduling-1] eden.service.task.OrderTask              : 开始执行订单超时关闭任务...
2026-03-17 13:21:00.013  INFO 8308 --- [scheduling-1] eden.service.task.OrderTask              : 没有超时订单需要关闭
2026-03-17 13:22:00.004  INFO 8308 --- [scheduling-1] eden.service.task.OrderTask              : 开始执行订单超时关闭任务...
2026-03-17 13:22:00.011  INFO 8308 --- [scheduling-1] eden.service.task.OrderTask              : 没有超时订单需要关闭
2026-03-17 13:23:00.006  INFO 8308 --- [scheduling-1] eden.service.task.OrderTask              : 开始执行订单超时关闭任务...
2026-03-17 13:23:00.013  INFO 8308 --- [scheduling-1] eden.service.task.OrderTask              : 没有超时订单需要关闭
2026-03-17 13:24:00.009  INFO 8308 --- [scheduling-1] eden.service.task.OrderTask              : 开始执行订单超时关闭任务...
2026-03-17 13:24:00.016  INFO 8308 --- [scheduling-1] eden.service.task.OrderTask              : 没有超时订单需要关闭
2026-03-17 13:25:00.014  INFO 8308 --- [scheduling-1] eden.service.task.OrderTask              : 开始执行订单超时关闭任务...
2026-03-17 13:25:00.021  INFO 8308 --- [scheduling-1] eden.service.task.OrderTask              : 没有超时订单需要关闭
2026-03-17 13:25:00.021  INFO 8308 --- [scheduling-1] eden.service.task.PromotionTask          : 开始更新已结束的秒杀活动状态...
2026-03-17 13:26:00.003  INFO 8308 --- [scheduling-1] eden.service.task.OrderTask              : 开始执行订单超时关闭任务...
2026-03-17 13:26:00.013  INFO 8308 --- [scheduling-1] eden.service.task.OrderTask              : 没有超时订单需要关闭
2026-03-17 13:27:00.015  INFO 8308 --- [scheduling-1] eden.service.task.OrderTask              : 开始执行订单超时关闭任务...
2026-03-17 13:27:00.024  INFO 8308 --- [scheduling-1] eden.service.task.OrderTask              : 没有超时订单需要关闭
2026-03-17 13:28:00.011  INFO 8308 --- [scheduling-1] eden.service.task.OrderTask              : 开始执行订单超时关闭任务...
2026-03-17 13:28:00.022  INFO 8308 --- [scheduling-1] eden.service.task.OrderTask              : 没有超时订单需要关闭
2026-03-17 13:29:00.010  INFO 8308 --- [scheduling-1] eden.service.task.OrderTask              : 开始执行订单超时关闭任务...
2026-03-17 13:29:00.018  INFO 8308 --- [scheduling-1] eden.service.task.OrderTask              : 没有超时订单需要关闭
2026-03-17 13:30:00.001  INFO 8308 --- [scheduling-1] eden.service.task.OrderTask              : 开始执行订单超时关闭任务...
2026-03-17 13:30:00.010  INFO 8308 --- [scheduling-1] eden.service.task.OrderTask              : 没有超时订单需要关闭
2026-03-17 13:30:00.011  INFO 8308 --- [scheduling-1] eden.service.task.PromotionTask          : 开始更新已结束的秒杀活动状态...
2026-03-17 13:31:00.011  INFO 8308 --- [scheduling-1] eden.service.task.OrderTask              : 开始执行订单超时关闭任务...
2026-03-17 13:31:00.019  INFO 8308 --- [scheduling-1] eden.service.task.OrderTask              : 没有超时订单需要关闭
2026-03-17 13:32:00.007  INFO 8308 --- [scheduling-1] eden.service.task.OrderTask              : 开始执行订单超时关闭任务...
2026-03-17 13:32:00.013  INFO 8308 --- [scheduling-1] eden.service.task.OrderTask              : 没有超时订单需要关闭
2026-03-17 13:33:00.003  INFO 8308 --- [scheduling-1] eden.service.task.OrderTask              : 开始执行订单超时关闭任务...
2026-03-17 13:33:00.012  INFO 8308 --- [scheduling-1] eden.service.task.OrderTask              : 没有超时订单需要关闭
2026-03-17 13:34:00.005  INFO 8308 --- [scheduling-1] eden.service.task.OrderTask              : 开始执行订单超时关闭任务...
2026-03-17 13:34:00.013  INFO 8308 --- [scheduling-1] eden.service.task.OrderTask              : 没有超时订单需要关闭
2026-03-17 13:35:00.004  INFO 8308 --- [scheduling-1] eden.service.task.OrderTask              : 开始执行订单超时关闭任务...
2026-03-17 13:35:00.012  INFO 8308 --- [scheduling-1] eden.service.task.OrderTask              : 没有超时订单需要关闭
2026-03-17 13:35:00.012  INFO 8308 --- [scheduling-1] eden.service.task.PromotionTask          : 开始更新已结束的秒杀活动状态...
2026-03-17 13:36:00.015  INFO 8308 --- [scheduling-1] eden.service.task.OrderTask              : 开始执行订单超时关闭任务...
2026-03-17 13:36:00.021  INFO 8308 --- [scheduling-1] eden.service.task.OrderTask              : 没有超时订单需要关闭
2026-03-17 13:37:00.005  INFO 8308 --- [scheduling-1] eden.service.task.OrderTask              : 开始执行订单超时关闭任务...
2026-03-17 13:37:00.014  INFO 8308 --- [scheduling-1] eden.service.task.OrderTask              : 没有超时订单需要关闭
2026-03-17 13:38:00.011  INFO 8308 --- [scheduling-1] eden.service.task.OrderTask              : 开始执行订单超时关闭任务...
2026-03-17 13:38:00.028  INFO 8308 --- [scheduling-1] eden.service.task.OrderTask              : 没有超时订单需要关闭
2026-03-17 13:38:51.850  INFO 8308 --- [org.springframework.amqp.rabbit.RabbitListenerEndpointContainer#2-5] o.s.a.r.l.SimpleMessageListenerContainer : Restarting Consumer@173bb4b0: tags=[[amq.ctag-PgZwLLYHOqQ3nWEA-ArKIg]], channel=Cached Rabbit Channel: PublisherCallbackChannelImpl: AMQChannel(amqp://user@127.0.0.1:5672/,7), conn: Proxy@2b39e77d Shared Rabbit Connection: SimpleConnection@7fb84ef7 [delegate=amqp://user@127.0.0.1:5672/, localPort= 9159], acknowledgeMode=MANUAL local queue size=0
2026-03-17 13:38:51.867  INFO 8308 --- [org.springframework.amqp.rabbit.RabbitListenerEndpointContainer#2-6] e.service.listener.OrderMessageListener  : 收到订单支付成功消息，订单ID: 2025121713395639540001
2026-03-17 13:39:00.008  INFO 8308 --- [scheduling-1] eden.service.task.OrderTask              : 开始执行订单超时关闭任务...
2026-03-17 13:39:00.016  INFO 8308 --- [scheduling-1] eden.service.task.OrderTask              : 没有超时订单需要关闭
2026-03-17 13:40:00.013  INFO 8308 --- [scheduling-1] eden.service.task.OrderTask              : 开始执行订单超时关闭任务...
2026-03-17 13:40:00.021  INFO 8308 --- [scheduling-1] eden.service.task.OrderTask              : 没有超时订单需要关闭
2026-03-17 13:40:00.021  INFO 8308 --- [scheduling-1] eden.service.task.PromotionTask          : 开始更新已结束的秒杀活动状态...
2026-03-17 13:41:00.013  INFO 8308 --- [scheduling-1] eden.service.task.OrderTask              : 开始执行订单超时关闭任务...
2026-03-17 13:41:00.025  INFO 8308 --- [scheduling-1] eden.service.task.OrderTask              : 没有超时订单需要关闭
2026-03-17 13:42:00.010  INFO 8308 --- [scheduling-1] eden.service.task.OrderTask              : 开始执行订单超时关闭任务...
2026-03-17 13:42:00.017  INFO 8308 --- [scheduling-1] eden.service.task.OrderTask              : 没有超时订单需要关闭
2026-03-17 13:43:00.003  INFO 8308 --- [scheduling-1] eden.service.task.OrderTask              : 开始执行订单超时关闭任务...
2026-03-17 13:43:00.010  INFO 8308 --- [scheduling-1] eden.service.task.OrderTask              : 没有超时订单需要关闭
2026-03-17 13:44:00.005  INFO 8308 --- [scheduling-1] eden.service.task.OrderTask              : 开始执行订单超时关闭任务...
2026-03-17 13:44:00.012  INFO 8308 --- [scheduling-1] eden.service.task.OrderTask              : 没有超时订单需要关闭
2026-03-17 13:45:00.004  INFO 8308 --- [scheduling-1] eden.service.task.PromotionTask          : 开始更新已结束的秒杀活动状态...
2026-03-17 13:45:00.016  INFO 8308 --- [scheduling-1] eden.service.task.OrderTask              : 开始执行订单超时关闭任务...
2026-03-17 13:45:00.022  INFO 8308 --- [scheduling-1] eden.service.task.OrderTask              : 没有超时订单需要关闭
2026-03-17 13:46:00.008  INFO 8308 --- [scheduling-1] eden.service.task.OrderTask              : 开始执行订单超时关闭任务...
2026-03-17 13:46:00.032  INFO 8308 --- [scheduling-1] eden.service.task.OrderTask              : 没有超时订单需要关闭
2026-03-17 13:47:00.006  INFO 8308 --- [scheduling-1] eden.service.task.OrderTask              : 开始执行订单超时关闭任务...
2026-03-17 13:47:00.015  INFO 8308 --- [scheduling-1] eden.service.task.OrderTask              : 没有超时订单需要关闭
2026-03-17 13:48:00.002  INFO 8308 --- [scheduling-1] eden.service.task.OrderTask              : 开始执行订单超时关闭任务...
2026-03-17 13:48:00.009  INFO 8308 --- [scheduling-1] eden.service.task.OrderTask              : 没有超时订单需要关闭
2026-03-17 13:49:00.013  INFO 8308 --- [scheduling-1] eden.service.task.OrderTask              : 开始执行订单超时关闭任务...
2026-03-17 13:49:00.021  INFO 8308 --- [scheduling-1] eden.service.task.OrderTask              : 没有超时订单需要关闭
2026-03-17 13:50:00.006  INFO 8308 --- [scheduling-1] eden.service.task.OrderTask              : 开始执行订单超时关闭任务...
2026-03-17 13:50:00.015  INFO 8308 --- [scheduling-1] eden.service.task.OrderTask              : 没有超时订单需要关闭
2026-03-17 13:50:00.015  INFO 8308 --- [scheduling-1] eden.service.task.PromotionTask          : 开始更新已结束的秒杀活动状态...
2026-03-17 13:51:00.007  INFO 8308 --- [scheduling-1] eden.service.task.OrderTask              : 开始执行订单超时关闭任务...
2026-03-17 13:51:00.016  INFO 8308 --- [scheduling-1] eden.service.task.OrderTask              : 没有超时订单需要关闭
2026-03-17 13:52:00.008  INFO 8308 --- [scheduling-1] eden.service.task.OrderTask              : 开始执行订单超时关闭任务...
2026-03-17 13:52:00.016  INFO 8308 --- [scheduling-1] eden.service.task.OrderTask              : 没有超时订单需要关闭
2026-03-17 13:53:00.007  INFO 8308 --- [scheduling-1] eden.service.task.OrderTask              : 开始执行订单超时关闭任务...
2026-03-17 13:53:00.021  INFO 8308 --- [scheduling-1] eden.service.task.OrderTask              : 没有超时订单需要关闭
2026-03-17 13:54:00.006  INFO 8308 --- [scheduling-1] eden.service.task.OrderTask              : 开始执行订单超时关闭任务...
2026-03-17 13:54:00.012  INFO 8308 --- [scheduling-1] eden.service.task.OrderTask              : 没有超时订单需要关闭
2026-03-17 13:55:00.006  INFO 8308 --- [scheduling-1] eden.service.task.PromotionTask          : 开始更新已结束的秒杀活动状态...
2026-03-17 13:55:00.016  INFO 8308 --- [scheduling-1] eden.service.task.OrderTask              : 开始执行订单超时关闭任务...
2026-03-17 13:55:00.021  INFO 8308 --- [scheduling-1] eden.service.task.OrderTask              : 没有超时订单需要关闭
2026-03-17 13:56:00.006  INFO 8308 --- [scheduling-1] eden.service.task.OrderTask              : 开始执行订单超时关闭任务...
2026-03-17 13:56:00.011  INFO 8308 --- [scheduling-1] eden.service.task.OrderTask              : 没有超时订单需要关闭
2026-03-17 13:57:00.009  INFO 8308 --- [scheduling-1] eden.service.task.OrderTask              : 开始执行订单超时关闭任务...
2026-03-17 13:57:00.016  INFO 8308 --- [scheduling-1] eden.service.task.OrderTask              : 没有超时订单需要关闭
2026-03-17 13:58:00.014  INFO 8308 --- [scheduling-1] eden.service.task.OrderTask              : 开始执行订单超时关闭任务...
2026-03-17 13:58:00.018  INFO 8308 --- [scheduling-1] eden.service.task.OrderTask              : 没有超时订单需要关闭
2026-03-17 13:59:00.002  INFO 8308 --- [scheduling-1] eden.service.task.OrderTask              : 开始执行订单超时关闭任务...
2026-03-17 13:59:00.015  INFO 8308 --- [scheduling-1] eden.service.task.OrderTask              : 没有超时订单需要关闭
2026-03-17 14:00:00.004  INFO 8308 --- [scheduling-1] eden.service.task.OrderTask              : 开始执行订单超时关闭任务...
2026-03-17 14:00:00.009  INFO 8308 --- [scheduling-1] eden.service.task.OrderTask              : 没有超时订单需要关闭
2026-03-17 14:00:00.010  INFO 8308 --- [scheduling-1] eden.service.task.PromotionTask          : 开始更新已结束的秒杀活动状态...
2026-03-17 14:01:00.004  INFO 8308 --- [scheduling-1] eden.service.task.OrderTask              : 开始执行订单超时关闭任务...
2026-03-17 14:01:00.011  INFO 8308 --- [scheduling-1] eden.service.task.OrderTask              : 没有超时订单需要关闭
2026-03-17 14:02:00.005  INFO 8308 --- [scheduling-1] eden.service.task.OrderTask              : 开始执行订单超时关闭任务...
2026-03-17 14:02:00.012  INFO 8308 --- [scheduling-1] eden.service.task.OrderTask              : 没有超时订单需要关闭
2026-03-17 14:03:00.006  INFO 8308 --- [scheduling-1] eden.service.task.OrderTask              : 开始执行订单超时关闭任务...
2026-03-17 14:03:00.014  INFO 8308 --- [scheduling-1] eden.service.task.OrderTask              : 没有超时订单需要关闭
2026-03-17 14:04:00.003  INFO 8308 --- [scheduling-1] eden.service.task.OrderTask              : 开始执行订单超时关闭任务...
2026-03-17 14:04:00.009  INFO 8308 --- [scheduling-1] eden.service.task.OrderTask              : 没有超时订单需要关闭
2026-03-17 14:05:00.013  INFO 8308 --- [scheduling-1] eden.service.task.PromotionTask          : 开始更新已结束的秒杀活动状态...
2026-03-17 14:05:00.021  INFO 8308 --- [scheduling-1] eden.service.task.OrderTask              : 开始执行订单超时关闭任务...
2026-03-17 14:05:00.026  INFO 8308 --- [scheduling-1] eden.service.task.OrderTask              : 没有超时订单需要关闭
2026-03-17 14:06:00.013  INFO 8308 --- [scheduling-1] eden.service.task.OrderTask              : 开始执行订单超时关闭任务...
2026-03-17 14:06:00.022  INFO 8308 --- [scheduling-1] eden.service.task.OrderTask              : 没有超时订单需要关闭
2026-03-17 14:07:00.007  INFO 8308 --- [scheduling-1] eden.service.task.OrderTask              : 开始执行订单超时关闭任务...
2026-03-17 14:07:00.023  INFO 8308 --- [scheduling-1] eden.service.task.OrderTask              : 没有超时订单需要关闭
2026-03-17 14:08:00.001  INFO 8308 --- [scheduling-1] eden.service.task.OrderTask              : 开始执行订单超时关闭任务...
2026-03-17 14:08:00.009  INFO 8308 --- [scheduling-1] eden.service.task.OrderTask              : 没有超时订单需要关闭
2026-03-17 14:08:51.935  INFO 8308 --- [org.springframework.amqp.rabbit.RabbitListenerEndpointContainer#2-6] o.s.a.r.l.SimpleMessageListenerContainer : Restarting Consumer@7f87b76b: tags=[[amq.ctag-yvRnafHiFVxLk9lYKcwygg]], channel=Cached Rabbit Channel: PublisherCallbackChannelImpl: AMQChannel(amqp://user@127.0.0.1:5672/,7), conn: Proxy@2b39e77d Shared Rabbit Connection: SimpleConnection@7fb84ef7 [delegate=amqp://user@127.0.0.1:5672/, localPort= 9159], acknowledgeMode=MANUAL local queue size=0
2026-03-17 14:08:51.950  INFO 8308 --- [org.springframework.amqp.rabbit.RabbitListenerEndpointContainer#2-7] e.service.listener.OrderMessageListener  : 收到订单支付成功消息，订单ID: 2025121713395639540001
2026-03-17 14:09:00.000  INFO 8308 --- [scheduling-1] eden.service.task.OrderTask              : 开始执行订单超时关闭任务...
2026-03-17 14:09:00.006  INFO 8308 --- [scheduling-1] eden.service.task.OrderTask              : 没有超时订单需要关闭
2026-03-17 14:10:00.004  INFO 8308 --- [scheduling-1] eden.service.task.OrderTask              : 开始执行订单超时关闭任务...
2026-03-17 14:10:00.013  INFO 8308 --- [scheduling-1] eden.service.task.OrderTask              : 没有超时订单需要关闭
2026-03-17 14:10:00.013  INFO 8308 --- [scheduling-1] eden.service.task.PromotionTask          : 开始更新已结束的秒杀活动状态...
2026-03-17 14:11:00.016  INFO 8308 --- [scheduling-1] eden.service.task.OrderTask              : 开始执行订单超时关闭任务...
2026-03-17 14:11:00.023  INFO 8308 --- [scheduling-1] eden.service.task.OrderTask              : 没有超时订单需要关闭
2026-03-17 14:12:00.006  INFO 8308 --- [scheduling-1] eden.service.task.OrderTask              : 开始执行订单超时关闭任务...
2026-03-17 14:12:00.013  INFO 8308 --- [scheduling-1] eden.service.task.OrderTask              : 没有超时订单需要关闭
2026-03-17 14:13:00.005  INFO 8308 --- [scheduling-1] eden.service.task.OrderTask              : 开始执行订单超时关闭任务...
2026-03-17 14:13:00.015  INFO 8308 --- [scheduling-1] eden.service.task.OrderTask              : 没有超时订单需要关闭
2026-03-17 14:14:00.008  INFO 8308 --- [scheduling-1] eden.service.task.OrderTask              : 开始执行订单超时关闭任务...
2026-03-17 14:14:00.016  INFO 8308 --- [scheduling-1] eden.service.task.OrderTask              : 没有超时订单需要关闭
2026-03-17 14:15:00.011  INFO 8308 --- [scheduling-1] eden.service.task.PromotionTask          : 开始更新已结束的秒杀活动状态...
2026-03-17 14:15:00.018  INFO 8308 --- [scheduling-1] eden.service.task.OrderTask              : 开始执行订单超时关闭任务...
2026-03-17 14:15:00.022  INFO 8308 --- [scheduling-1] eden.service.task.OrderTask              : 没有超时订单需要关闭
2026-03-17 14:16:00.015  INFO 8308 --- [scheduling-1] eden.service.task.OrderTask              : 开始执行订单超时关闭任务...
2026-03-17 14:16:00.023  INFO 8308 --- [scheduling-1] eden.service.task.OrderTask              : 没有超时订单需要关闭
2026-03-17 14:17:00.002  INFO 8308 --- [scheduling-1] eden.service.task.OrderTask              : 开始执行订单超时关闭任务...
2026-03-17 14:17:00.012  INFO 8308 --- [scheduling-1] eden.service.task.OrderTask              : 没有超时订单需要关闭
2026-03-17 14:18:00.012  INFO 8308 --- [scheduling-1] eden.service.task.OrderTask              : 开始执行订单超时关闭任务...
2026-03-17 14:18:00.020  INFO 8308 --- [scheduling-1] eden.service.task.OrderTask              : 没有超时订单需要关闭
2026-03-17 14:19:00.012  INFO 8308 --- [scheduling-1] eden.service.task.OrderTask              : 开始执行订单超时关闭任务...
2026-03-17 14:19:00.020  INFO 8308 --- [scheduling-1] eden.service.task.OrderTask              : 没有超时订单需要关闭
2026-03-17 14:20:00.011  INFO 8308 --- [scheduling-1] eden.service.task.PromotionTask          : 开始更新已结束的秒杀活动状态...
2026-03-17 14:20:00.024  INFO 8308 --- [scheduling-1] eden.service.task.OrderTask              : 开始执行订单超时关闭任务...
2026-03-17 14:20:00.027  INFO 8308 --- [scheduling-1] eden.service.task.OrderTask              : 没有超时订单需要关闭
2026-03-17 14:21:00.001  INFO 8308 --- [scheduling-1] eden.service.task.OrderTask              : 开始执行订单超时关闭任务...
2026-03-17 14:21:00.007  INFO 8308 --- [scheduling-1] eden.service.task.OrderTask              : 没有超时订单需要关闭
2026-03-17 14:22:00.002  INFO 8308 --- [scheduling-1] eden.service.task.OrderTask              : 开始执行订单超时关闭任务...
2026-03-17 14:22:00.009  INFO 8308 --- [scheduling-1] eden.service.task.OrderTask              : 没有超时订单需要关闭
2026-03-17 14:23:00.007  INFO 8308 --- [scheduling-1] eden.service.task.OrderTask              : 开始执行订单超时关闭任务...
2026-03-17 14:23:00.013  INFO 8308 --- [scheduling-1] eden.service.task.OrderTask              : 没有超时订单需要关闭
2026-03-17 14:24:00.003  INFO 8308 --- [scheduling-1] eden.service.task.OrderTask              : 开始执行订单超时关闭任务...
2026-03-17 14:24:00.020  INFO 8308 --- [scheduling-1] eden.service.task.OrderTask              : 没有超时订单需要关闭
2026-03-17 14:25:00.003  INFO 8308 --- [scheduling-1] eden.service.task.OrderTask              : 开始执行订单超时关闭任务...
2026-03-17 14:25:00.013  INFO 8308 --- [scheduling-1] eden.service.task.OrderTask              : 没有超时订单需要关闭
2026-03-17 14:25:00.014  INFO 8308 --- [scheduling-1] eden.service.task.PromotionTask          : 开始更新已结束的秒杀活动状态...
2026-03-17 14:26:00.012  INFO 8308 --- [scheduling-1] eden.service.task.OrderTask              : 开始执行订单超时关闭任务...
2026-03-17 14:26:00.020  INFO 8308 --- [scheduling-1] eden.service.task.OrderTask              : 没有超时订单需要关闭
2026-03-17 14:27:00.003  INFO 8308 --- [scheduling-1] eden.service.task.OrderTask              : 开始执行订单超时关闭任务...
2026-03-17 14:27:00.012  INFO 8308 --- [scheduling-1] eden.service.task.OrderTask              : 没有超时订单需要关闭
2026-03-17 14:28:00.016  INFO 8308 --- [scheduling-1] eden.service.task.OrderTask              : 开始执行订单超时关闭任务...
2026-03-17 14:28:00.022  INFO 8308 --- [scheduling-1] eden.service.task.OrderTask              : 没有超时订单需要关闭
2026-03-17 14:29:00.008  INFO 8308 --- [scheduling-1] eden.service.task.OrderTask              : 开始执行订单超时关闭任务...
2026-03-17 14:29:00.014  INFO 8308 --- [scheduling-1] eden.service.task.OrderTask              : 没有超时订单需要关闭
2026-03-17 14:30:00.005  INFO 8308 --- [scheduling-1] eden.service.task.OrderTask              : 开始执行订单超时关闭任务...
2026-03-17 14:30:00.013  INFO 8308 --- [scheduling-1] eden.service.task.OrderTask              : 没有超时订单需要关闭
2026-03-17 14:30:00.014  INFO 8308 --- [scheduling-1] eden.service.task.PromotionTask          : 开始更新已结束的秒杀活动状态...
2026-03-17 14:31:00.011  INFO 8308 --- [scheduling-1] eden.service.task.OrderTask              : 开始执行订单超时关闭任务...
2026-03-17 14:31:00.021  INFO 8308 --- [scheduling-1] eden.service.task.OrderTask              : 没有超时订单需要关闭
2026-03-17 14:32:00.003  INFO 8308 --- [scheduling-1] eden.service.task.OrderTask              : 开始执行订单超时关闭任务...
2026-03-17 14:32:00.009  INFO 8308 --- [scheduling-1] eden.service.task.OrderTask              : 没有超时订单需要关闭
2026-03-17 14:33:00.013  INFO 8308 --- [scheduling-1] eden.service.task.OrderTask              : 开始执行订单超时关闭任务...
2026-03-17 14:33:00.026  INFO 8308 --- [scheduling-1] eden.service.task.OrderTask              : 没有超时订单需要关闭
2026-03-17 14:34:00.003  INFO 8308 --- [scheduling-1] eden.service.task.OrderTask              : 开始执行订单超时关闭任务...
2026-03-17 14:34:00.010  INFO 8308 --- [scheduling-1] eden.service.task.OrderTask              : 没有超时订单需要关闭
2026-03-17 14:35:00.002  INFO 8308 --- [scheduling-1] eden.service.task.OrderTask              : 开始执行订单超时关闭任务...
2026-03-17 14:35:00.009  INFO 8308 --- [scheduling-1] eden.service.task.OrderTask              : 没有超时订单需要关闭
2026-03-17 14:35:00.010  INFO 8308 --- [scheduling-1] eden.service.task.PromotionTask          : 开始更新已结束的秒杀活动状态...
2026-03-17 14:36:00.005  INFO 8308 --- [scheduling-1] eden.service.task.OrderTask              : 开始执行订单超时关闭任务...
2026-03-17 14:36:00.016  INFO 8308 --- [scheduling-1] eden.service.task.OrderTask              : 没有超时订单需要关闭
2026-03-17 14:37:00.008  INFO 8308 --- [scheduling-1] eden.service.task.OrderTask              : 开始执行订单超时关闭任务...
2026-03-17 14:37:00.016  INFO 8308 --- [scheduling-1] eden.service.task.OrderTask              : 没有超时订单需要关闭
2026-03-17 14:38:00.014  INFO 8308 --- [scheduling-1] eden.service.task.OrderTask              : 开始执行订单超时关闭任务...
2026-03-17 14:38:00.022  INFO 8308 --- [scheduling-1] eden.service.task.OrderTask              : 没有超时订单需要关闭
2026-03-17 14:38:52.103  INFO 8308 --- [org.springframework.amqp.rabbit.RabbitListenerEndpointContainer#2-7] o.s.a.r.l.SimpleMessageListenerContainer : Restarting Consumer@6538d3f4: tags=[[amq.ctag-HdBxFrc_3QtPLejP5Q-Tpg]], channel=Cached Rabbit Channel: PublisherCallbackChannelImpl: AMQChannel(amqp://user@127.0.0.1:5672/,7), conn: Proxy@2b39e77d Shared Rabbit Connection: SimpleConnection@7fb84ef7 [delegate=amqp://user@127.0.0.1:5672/, localPort= 9159], acknowledgeMode=MANUAL local queue size=0
2026-03-17 14:38:52.120  INFO 8308 --- [org.springframework.amqp.rabbit.RabbitListenerEndpointContainer#2-8] e.service.listener.OrderMessageListener  : 收到订单支付成功消息，订单ID: 2025121713395639540001
2026-03-17 14:39:00.013  INFO 8308 --- [scheduling-1] eden.service.task.OrderTask              : 开始执行订单超时关闭任务...
2026-03-17 14:39:00.020  INFO 8308 --- [scheduling-1] eden.service.task.OrderTask              : 没有超时订单需要关闭
2026-03-17 14:40:00.006  INFO 8308 --- [scheduling-1] eden.service.task.OrderTask              : 开始执行订单超时关闭任务...
2026-03-17 14:40:00.019  INFO 8308 --- [scheduling-1] eden.service.task.OrderTask              : 没有超时订单需要关闭
2026-03-17 14:40:00.020  INFO 8308 --- [scheduling-1] eden.service.task.PromotionTask          : 开始更新已结束的秒杀活动状态...
2026-03-17 14:41:00.003  INFO 8308 --- [scheduling-1] eden.service.task.OrderTask              : 开始执行订单超时关闭任务...
2026-03-17 14:41:00.013  INFO 8308 --- [scheduling-1] eden.service.task.OrderTask              : 没有超时订单需要关闭
2026-03-17 14:42:00.002  INFO 8308 --- [scheduling-1] eden.service.task.OrderTask              : 开始执行订单超时关闭任务...
2026-03-17 14:42:00.010  INFO 8308 --- [scheduling-1] eden.service.task.OrderTask              : 没有超时订单需要关闭
2026-03-17 14:43:00.013  INFO 8308 --- [scheduling-1] eden.service.task.OrderTask              : 开始执行订单超时关闭任务...
2026-03-17 14:43:00.021  INFO 8308 --- [scheduling-1] eden.service.task.OrderTask              : 没有超时订单需要关闭
2026-03-17 14:44:00.007  INFO 8308 --- [scheduling-1] eden.service.task.OrderTask              : 开始执行订单超时关闭任务...
2026-03-17 14:44:00.013  INFO 8308 --- [scheduling-1] eden.service.task.OrderTask              : 没有超时订单需要关闭
2026-03-17 14:45:00.005  INFO 8308 --- [scheduling-1] eden.service.task.OrderTask              : 开始执行订单超时关闭任务...
2026-03-17 14:45:00.013  INFO 8308 --- [scheduling-1] eden.service.task.OrderTask              : 没有超时订单需要关闭
2026-03-17 14:45:00.013  INFO 8308 --- [scheduling-1] eden.service.task.PromotionTask          : 开始更新已结束的秒杀活动状态...
2026-03-17 14:46:00.002  INFO 8308 --- [scheduling-1] eden.service.task.OrderTask              : 开始执行订单超时关闭任务...
2026-03-17 14:46:00.010  INFO 8308 --- [scheduling-1] eden.service.task.OrderTask              : 没有超时订单需要关闭
2026-03-17 14:47:00.002  INFO 8308 --- [scheduling-1] eden.service.task.OrderTask              : 开始执行订单超时关闭任务...
2026-03-17 14:47:00.011  INFO 8308 --- [scheduling-1] eden.service.task.OrderTask              : 没有超时订单需要关闭
2026-03-17 14:48:00.007  INFO 8308 --- [scheduling-1] eden.service.task.OrderTask              : 开始执行订单超时关闭任务...
2026-03-17 14:48:00.016  INFO 8308 --- [scheduling-1] eden.service.task.OrderTask              : 没有超时订单需要关闭
2026-03-17 14:49:00.013  INFO 8308 --- [scheduling-1] eden.service.task.OrderTask              : 开始执行订单超时关闭任务...
2026-03-17 14:49:00.022  INFO 8308 --- [scheduling-1] eden.service.task.OrderTask              : 没有超时订单需要关闭
2026-03-17 14:50:00.009  INFO 8308 --- [scheduling-1] eden.service.task.OrderTask              : 开始执行订单超时关闭任务...
2026-03-17 14:50:00.015  INFO 8308 --- [scheduling-1] eden.service.task.OrderTask              : 没有超时订单需要关闭
2026-03-17 14:50:00.016  INFO 8308 --- [scheduling-1] eden.service.task.PromotionTask          : 开始更新已结束的秒杀活动状态...
2026-03-17 14:51:00.012  INFO 8308 --- [scheduling-1] eden.service.task.OrderTask              : 开始执行订单超时关闭任务...
2026-03-17 14:51:00.020  INFO 8308 --- [scheduling-1] eden.service.task.OrderTask              : 没有超时订单需要关闭
2026-03-17 14:52:00.001  INFO 8308 --- [scheduling-1] eden.service.task.OrderTask              : 开始执行订单超时关闭任务...
2026-03-17 14:52:00.007  INFO 8308 --- [scheduling-1] eden.service.task.OrderTask              : 没有超时订单需要关闭
2026-03-17 14:53:00.007  INFO 8308 --- [scheduling-1] eden.service.task.OrderTask              : 开始执行订单超时关闭任务...
2026-03-17 14:53:00.016  INFO 8308 --- [scheduling-1] eden.service.task.OrderTask              : 没有超时订单需要关闭
2026-03-17 14:54:00.012  INFO 8308 --- [scheduling-1] eden.service.task.OrderTask              : 开始执行订单超时关闭任务...
2026-03-17 14:54:00.021  INFO 8308 --- [scheduling-1] eden.service.task.OrderTask              : 没有超时订单需要关闭
2026-03-17 14:55:00.004  INFO 8308 --- [scheduling-1] eden.service.task.OrderTask              : 开始执行订单超时关闭任务...
2026-03-17 14:55:00.012  INFO 8308 --- [scheduling-1] eden.service.task.OrderTask              : 没有超时订单需要关闭
2026-03-17 14:55:00.012  INFO 8308 --- [scheduling-1] eden.service.task.PromotionTask          : 开始更新已结束的秒杀活动状态...
2026-03-17 14:56:00.004  INFO 8308 --- [scheduling-1] eden.service.task.OrderTask              : 开始执行订单超时关闭任务...
2026-03-17 14:56:00.010  INFO 8308 --- [scheduling-1] eden.service.task.OrderTask              : 没有超时订单需要关闭
2026-03-17 14:57:00.012  INFO 8308 --- [scheduling-1] eden.service.task.OrderTask              : 开始执行订单超时关闭任务...
2026-03-17 14:57:00.020  INFO 8308 --- [scheduling-1] eden.service.task.OrderTask              : 没有超时订单需要关闭
2026-03-17 14:58:00.012  INFO 8308 --- [scheduling-1] eden.service.task.OrderTask              : 开始执行订单超时关闭任务...
2026-03-17 14:58:00.018  INFO 8308 --- [scheduling-1] eden.service.task.OrderTask              : 没有超时订单需要关闭
2026-03-17 14:59:00.003  INFO 8308 --- [scheduling-1] eden.service.task.OrderTask              : 开始执行订单超时关闭任务...
2026-03-17 14:59:00.010  INFO 8308 --- [scheduling-1] eden.service.task.OrderTask              : 没有超时订单需要关闭
2026-03-17 15:00:00.008  INFO 8308 --- [scheduling-1] eden.service.task.PromotionTask          : 开始更新已结束的秒杀活动状态...
2026-03-17 15:00:00.018  INFO 8308 --- [scheduling-1] eden.service.task.OrderTask              : 开始执行订单超时关闭任务...
2026-03-17 15:00:00.021  INFO 8308 --- [scheduling-1] eden.service.task.OrderTask              : 没有超时订单需要关闭
2026-03-17 15:01:00.014  INFO 8308 --- [scheduling-1] eden.service.task.OrderTask              : 开始执行订单超时关闭任务...
2026-03-17 15:01:00.020  INFO 8308 --- [scheduling-1] eden.service.task.OrderTask              : 没有超时订单需要关闭
2026-03-17 15:02:00.001  INFO 8308 --- [scheduling-1] eden.service.task.OrderTask              : 开始执行订单超时关闭任务...
2026-03-17 15:02:00.008  INFO 8308 --- [scheduling-1] eden.service.task.OrderTask              : 没有超时订单需要关闭
2026-03-17 15:03:00.007  INFO 8308 --- [scheduling-1] eden.service.task.OrderTask              : 开始执行订单超时关闭任务...
2026-03-17 15:03:00.012  INFO 8308 --- [scheduling-1] eden.service.task.OrderTask              : 没有超时订单需要关闭
2026-03-17 15:04:00.009  INFO 8308 --- [scheduling-1] eden.service.task.OrderTask              : 开始执行订单超时关闭任务...
2026-03-17 15:04:00.016  INFO 8308 --- [scheduling-1] eden.service.task.OrderTask              : 没有超时订单需要关闭
2026-03-17 15:05:00.012  INFO 8308 --- [scheduling-1] eden.service.task.PromotionTask          : 开始更新已结束的秒杀活动状态...
2026-03-17 15:05:00.024  INFO 8308 --- [scheduling-1] eden.service.task.OrderTask              : 开始执行订单超时关闭任务...
2026-03-17 15:05:00.030  INFO 8308 --- [scheduling-1] eden.service.task.OrderTask              : 没有超时订单需要关闭
2026-03-17 15:06:00.006  INFO 8308 --- [scheduling-1] eden.service.task.OrderTask              : 开始执行订单超时关闭任务...
2026-03-17 15:06:00.016  INFO 8308 --- [scheduling-1] eden.service.task.OrderTask              : 没有超时订单需要关闭
2026-03-17 15:07:00.002  INFO 8308 --- [scheduling-1] eden.service.task.OrderTask              : 开始执行订单超时关闭任务...
2026-03-17 15:07:00.009  INFO 8308 --- [scheduling-1] eden.service.task.OrderTask              : 没有超时订单需要关闭
2026-03-17 15:08:00.006  INFO 8308 --- [scheduling-1] eden.service.task.OrderTask              : 开始执行订单超时关闭任务...
2026-03-17 15:08:00.015  INFO 8308 --- [scheduling-1] eden.service.task.OrderTask              : 没有超时订单需要关闭
2026-03-17 15:08:52.963  INFO 8308 --- [org.springframework.amqp.rabbit.RabbitListenerEndpointContainer#2-8] o.s.a.r.l.SimpleMessageListenerContainer : Restarting Consumer@e93e986: tags=[[amq.ctag-dXtyFFHqcQjmT5Uj7kfGOw]], channel=Cached Rabbit Channel: PublisherCallbackChannelImpl: AMQChannel(amqp://user@127.0.0.1:5672/,7), conn: Proxy@2b39e77d Shared Rabbit Connection: SimpleConnection@7fb84ef7 [delegate=amqp://user@127.0.0.1:5672/, localPort= 9159], acknowledgeMode=MANUAL local queue size=0
2026-03-17 15:08:52.987  INFO 8308 --- [org.springframework.amqp.rabbit.RabbitListenerEndpointContainer#2-9] e.service.listener.OrderMessageListener  : 收到订单支付成功消息，订单ID: 2025121713395639540001
2026-03-17 15:09:00.008  INFO 8308 --- [scheduling-1] eden.service.task.OrderTask              : 开始执行订单超时关闭任务...
2026-03-17 15:09:00.015  INFO 8308 --- [scheduling-1] eden.service.task.OrderTask              : 没有超时订单需要关闭
2026-03-17 15:10:00.009  INFO 8308 --- [scheduling-1] eden.service.task.OrderTask              : 开始执行订单超时关闭任务...
2026-03-17 15:10:00.017  INFO 8308 --- [scheduling-1] eden.service.task.OrderTask              : 没有超时订单需要关闭
2026-03-17 15:10:00.017  INFO 8308 --- [scheduling-1] eden.service.task.PromotionTask          : 开始更新已结束的秒杀活动状态...
2026-03-17 15:11:00.015  INFO 8308 --- [scheduling-1] eden.service.task.OrderTask              : 开始执行订单超时关闭任务...
2026-03-17 15:11:00.023  INFO 8308 --- [scheduling-1] eden.service.task.OrderTask              : 没有超时订单需要关闭
2026-03-17 15:12:00.013  INFO 8308 --- [scheduling-1] eden.service.task.OrderTask              : 开始执行订单超时关闭任务...
2026-03-17 15:12:00.021  INFO 8308 --- [scheduling-1] eden.service.task.OrderTask              : 没有超时订单需要关闭
2026-03-17 15:13:00.003  INFO 8308 --- [scheduling-1] eden.service.task.OrderTask              : 开始执行订单超时关闭任务...
2026-03-17 15:13:00.010  INFO 8308 --- [scheduling-1] eden.service.task.OrderTask              : 没有超时订单需要关闭
2026-03-17 15:14:00.006  INFO 8308 --- [scheduling-1] eden.service.task.OrderTask              : 开始执行订单超时关闭任务...
2026-03-17 15:14:00.014  INFO 8308 --- [scheduling-1] eden.service.task.OrderTask              : 没有超时订单需要关闭
2026-03-17 15:15:00.009  INFO 8308 --- [scheduling-1] eden.service.task.PromotionTask          : 开始更新已结束的秒杀活动状态...
2026-03-17 15:15:00.021  INFO 8308 --- [scheduling-1] eden.service.task.OrderTask              : 开始执行订单超时关闭任务...
2026-03-17 15:15:00.025  INFO 8308 --- [scheduling-1] eden.service.task.OrderTask              : 没有超时订单需要关闭
2026-03-17 15:16:00.008  INFO 8308 --- [scheduling-1] eden.service.task.OrderTask              : 开始执行订单超时关闭任务...
2026-03-17 15:16:00.017  INFO 8308 --- [scheduling-1] eden.service.task.OrderTask              : 没有超时订单需要关闭
2026-03-17 15:17:00.001  INFO 8308 --- [scheduling-1] eden.service.task.OrderTask              : 开始执行订单超时关闭任务...
2026-03-17 15:17:00.009  INFO 8308 --- [scheduling-1] eden.service.task.OrderTask              : 没有超时订单需要关闭
2026-03-17 15:18:00.015  INFO 8308 --- [scheduling-1] eden.service.task.OrderTask              : 开始执行订单超时关闭任务...
2026-03-17 15:18:00.022  INFO 8308 --- [scheduling-1] eden.service.task.OrderTask              : 没有超时订单需要关闭
2026-03-17 15:19:00.010  INFO 8308 --- [scheduling-1] eden.service.task.OrderTask              : 开始执行订单超时关闭任务...
2026-03-17 15:19:00.022  INFO 8308 --- [scheduling-1] eden.service.task.OrderTask              : 没有超时订单需要关闭
2026-03-17 15:20:00.009  INFO 8308 --- [scheduling-1] eden.service.task.PromotionTask          : 开始更新已结束的秒杀活动状态...
2026-03-17 15:20:00.021  INFO 8308 --- [scheduling-1] eden.service.task.OrderTask              : 开始执行订单超时关闭任务...
2026-03-17 15:20:00.025  INFO 8308 --- [scheduling-1] eden.service.task.OrderTask              : 没有超时订单需要关闭
2026-03-17 15:21:00.015  INFO 8308 --- [scheduling-1] eden.service.task.OrderTask              : 开始执行订单超时关闭任务...
2026-03-17 15:21:00.024  INFO 8308 --- [scheduling-1] eden.service.task.OrderTask              : 没有超时订单需要关闭
2026-03-17 15:22:00.012  INFO 8308 --- [scheduling-1] eden.service.task.OrderTask              : 开始执行订单超时关闭任务...
2026-03-17 15:22:00.020  INFO 8308 --- [scheduling-1] eden.service.task.OrderTask              : 没有超时订单需要关闭
2026-03-17 15:23:00.005  INFO 8308 --- [scheduling-1] eden.service.task.OrderTask              : 开始执行订单超时关闭任务...
2026-03-17 15:23:00.014  INFO 8308 --- [scheduling-1] eden.service.task.OrderTask              : 没有超时订单需要关闭
2026-03-17 15:24:00.007  INFO 8308 --- [scheduling-1] eden.service.task.OrderTask              : 开始执行订单超时关闭任务...
2026-03-17 15:24:00.017  INFO 8308 --- [scheduling-1] eden.service.task.OrderTask              : 没有超时订单需要关闭
2026-03-17 15:25:00.009  INFO 8308 --- [scheduling-1] eden.service.task.PromotionTask          : 开始更新已结束的秒杀活动状态...
2026-03-17 15:25:00.018  INFO 8308 --- [scheduling-1] eden.service.task.OrderTask              : 开始执行订单超时关闭任务...
2026-03-17 15:25:00.021  INFO 8308 --- [scheduling-1] eden.service.task.OrderTask              : 没有超时订单需要关闭
2026-03-17 15:26:00.014  INFO 8308 --- [scheduling-1] eden.service.task.OrderTask              : 开始执行订单超时关闭任务...
2026-03-17 15:26:00.021  INFO 8308 --- [scheduling-1] eden.service.task.OrderTask              : 没有超时订单需要关闭
2026-03-17 15:27:00.011  INFO 8308 --- [scheduling-1] eden.service.task.OrderTask              : 开始执行订单超时关闭任务...
2026-03-17 15:27:00.018  INFO 8308 --- [scheduling-1] eden.service.task.OrderTask              : 没有超时订单需要关闭
2026-03-17 15:28:00.012  INFO 8308 --- [scheduling-1] eden.service.task.OrderTask              : 开始执行订单超时关闭任务...
2026-03-17 15:28:00.019  INFO 8308 --- [scheduling-1] eden.service.task.OrderTask              : 没有超时订单需要关闭
2026-03-17 15:29:00.001  INFO 8308 --- [scheduling-1] eden.service.task.OrderTask              : 开始执行订单超时关闭任务...
2026-03-17 15:29:00.009  INFO 8308 --- [scheduling-1] eden.service.task.OrderTask              : 没有超时订单需要关闭
2026-03-17 15:30:00.009  INFO 8308 --- [scheduling-1] eden.service.task.PromotionTask          : 开始更新已结束的秒杀活动状态...
2026-03-17 15:30:00.022  INFO 8308 --- [scheduling-1] eden.service.task.OrderTask              : 开始执行订单超时关闭任务...
2026-03-17 15:30:00.028  INFO 8308 --- [scheduling-1] eden.service.task.OrderTask              : 没有超时订单需要关闭
2026-03-17 15:31:00.013  INFO 8308 --- [scheduling-1] eden.service.task.OrderTask              : 开始执行订单超时关闭任务...
2026-03-17 15:31:00.020  INFO 8308 --- [scheduling-1] eden.service.task.OrderTask              : 没有超时订单需要关闭
2026-03-17 15:32:00.000  INFO 8308 --- [scheduling-1] eden.service.task.OrderTask              : 开始执行订单超时关闭任务...
2026-03-17 15:32:00.006  INFO 8308 --- [scheduling-1] eden.service.task.OrderTask              : 没有超时订单需要关闭
2026-03-17 15:33:00.004  INFO 8308 --- [scheduling-1] eden.service.task.OrderTask              : 开始执行订单超时关闭任务...
2026-03-17 15:33:00.011  INFO 8308 --- [scheduling-1] eden.service.task.OrderTask              : 没有超时订单需要关闭
2026-03-17 15:34:00.014  INFO 8308 --- [scheduling-1] eden.service.task.OrderTask              : 开始执行订单超时关闭任务...
2026-03-17 15:34:00.023  INFO 8308 --- [scheduling-1] eden.service.task.OrderTask              : 没有超时订单需要关闭
2026-03-17 15:35:00.008  INFO 8308 --- [scheduling-1] eden.service.task.OrderTask              : 开始执行订单超时关闭任务...
2026-03-17 15:35:00.018  INFO 8308 --- [scheduling-1] eden.service.task.OrderTask              : 没有超时订单需要关闭
2026-03-17 15:35:00.018  INFO 8308 --- [scheduling-1] eden.service.task.PromotionTask          : 开始更新已结束的秒杀活动状态...
2026-03-17 15:36:00.007  INFO 8308 --- [scheduling-1] eden.service.task.OrderTask              : 开始执行订单超时关闭任务...
2026-03-17 15:36:00.018  INFO 8308 --- [scheduling-1] eden.service.task.OrderTask              : 没有超时订单需要关闭
2026-03-17 15:37:00.010  INFO 8308 --- [scheduling-1] eden.service.task.OrderTask              : 开始执行订单超时关闭任务...
2026-03-17 15:37:00.018  INFO 8308 --- [scheduling-1] eden.service.task.OrderTask              : 没有超时订单需要关闭
2026-03-17 15:38:00.016  INFO 8308 --- [scheduling-1] eden.service.task.OrderTask              : 开始执行订单超时关闭任务...
2026-03-17 15:38:00.020  INFO 8308 --- [scheduling-1] eden.service.task.OrderTask              : 没有超时订单需要关闭
2026-03-17 15:38:53.239  INFO 8308 --- [org.springframework.amqp.rabbit.RabbitListenerEndpointContainer#2-9] o.s.a.r.l.SimpleMessageListenerContainer : Restarting Consumer@4f51de60: tags=[[amq.ctag-0KSYyiQi1LwpkgctV8QxpQ]], channel=Cached Rabbit Channel: PublisherCallbackChannelImpl: AMQChannel(amqp://user@127.0.0.1:5672/,7), conn: Proxy@2b39e77d Shared Rabbit Connection: SimpleConnection@7fb84ef7 [delegate=amqp://user@127.0.0.1:5672/, localPort= 9159], acknowledgeMode=MANUAL local queue size=0
2026-03-17 15:38:53.253  INFO 8308 --- [org.springframework.amqp.rabbit.RabbitListenerEndpointContainer#2-10] e.service.listener.OrderMessageListener  : 收到订单支付成功消息，订单ID: 2025121713395639540001
2026-03-17 15:39:00.002  INFO 8308 --- [scheduling-1] eden.service.task.OrderTask              : 开始执行订单超时关闭任务...
2026-03-17 15:39:00.010  INFO 8308 --- [scheduling-1] eden.service.task.OrderTask              : 没有超时订单需要关闭
2026-03-17 15:40:00.001  INFO 8308 --- [scheduling-1] eden.service.task.PromotionTask          : 开始更新已结束的秒杀活动状态...
2026-03-17 15:40:00.023  INFO 8308 --- [scheduling-1] eden.service.task.OrderTask              : 开始执行订单超时关闭任务...
2026-03-17 15:40:00.026  INFO 8308 --- [scheduling-1] eden.service.task.OrderTask              : 没有超时订单需要关闭
2026-03-17 15:41:00.008  INFO 8308 --- [scheduling-1] eden.service.task.OrderTask              : 开始执行订单超时关闭任务...
2026-03-17 15:41:00.017  INFO 8308 --- [scheduling-1] eden.service.task.OrderTask              : 没有超时订单需要关闭
2026-03-17 15:42:00.004  INFO 8308 --- [scheduling-1] eden.service.task.OrderTask              : 开始执行订单超时关闭任务...
2026-03-17 15:42:00.011  INFO 8308 --- [scheduling-1] eden.service.task.OrderTask              : 没有超时订单需要关闭
2026-03-17 15:43:00.004  INFO 8308 --- [scheduling-1] eden.service.task.OrderTask              : 开始执行订单超时关闭任务...
2026-03-17 15:43:00.012  INFO 8308 --- [scheduling-1] eden.service.task.OrderTask              : 没有超时订单需要关闭
2026-03-17 15:44:00.011  INFO 8308 --- [scheduling-1] eden.service.task.OrderTask              : 开始执行订单超时关闭任务...
2026-03-17 15:44:00.018  INFO 8308 --- [scheduling-1] eden.service.task.OrderTask              : 没有超时订单需要关闭
2026-03-17 15:45:00.009  INFO 8308 --- [scheduling-1] eden.service.task.PromotionTask          : 开始更新已结束的秒杀活动状态...
2026-03-17 15:45:00.020  INFO 8308 --- [scheduling-1] eden.service.task.OrderTask              : 开始执行订单超时关闭任务...
2026-03-17 15:45:00.024  INFO 8308 --- [scheduling-1] eden.service.task.OrderTask              : 没有超时订单需要关闭
2026-03-17 15:46:00.010  INFO 8308 --- [scheduling-1] eden.service.task.OrderTask              : 开始执行订单超时关闭任务...
2026-03-17 15:46:00.017  INFO 8308 --- [scheduling-1] eden.service.task.OrderTask              : 没有超时订单需要关闭
2026-03-17 15:47:00.003  INFO 8308 --- [scheduling-1] eden.service.task.OrderTask              : 开始执行订单超时关闭任务...
2026-03-17 15:47:00.009  INFO 8308 --- [scheduling-1] eden.service.task.OrderTask              : 没有超时订单需要关闭
2026-03-17 15:48:00.008  INFO 8308 --- [scheduling-1] eden.service.task.OrderTask              : 开始执行订单超时关闭任务...
2026-03-17 15:48:00.016  INFO 8308 --- [scheduling-1] eden.service.task.OrderTask              : 没有超时订单需要关闭
2026-03-17 15:49:00.007  INFO 8308 --- [scheduling-1] eden.service.task.OrderTask              : 开始执行订单超时关闭任务...
2026-03-17 15:49:00.014  INFO 8308 --- [scheduling-1] eden.service.task.OrderTask              : 没有超时订单需要关闭
2026-03-17 15:50:00.005  INFO 8308 --- [scheduling-1] eden.service.task.OrderTask              : 开始执行订单超时关闭任务...
2026-03-17 15:50:00.012  INFO 8308 --- [scheduling-1] eden.service.task.OrderTask              : 没有超时订单需要关闭
2026-03-17 15:50:00.012  INFO 8308 --- [scheduling-1] eden.service.task.PromotionTask          : 开始更新已结束的秒杀活动状态...
2026-03-17 15:51:00.002  INFO 8308 --- [scheduling-1] eden.service.task.OrderTask              : 开始执行订单超时关闭任务...
2026-03-17 15:51:00.009  INFO 8308 --- [scheduling-1] eden.service.task.OrderTask              : 没有超时订单需要关闭
2026-03-17 15:52:00.008  INFO 8308 --- [scheduling-1] eden.service.task.OrderTask              : 开始执行订单超时关闭任务...
2026-03-17 15:52:00.014  INFO 8308 --- [scheduling-1] eden.service.task.OrderTask              : 没有超时订单需要关闭
2026-03-17 15:53:00.012  INFO 8308 --- [scheduling-1] eden.service.task.OrderTask              : 开始执行订单超时关闭任务...
2026-03-17 15:53:00.019  INFO 8308 --- [scheduling-1] eden.service.task.OrderTask              : 没有超时订单需要关闭
2026-03-17 15:54:00.004  INFO 8308 --- [scheduling-1] eden.service.task.OrderTask              : 开始执行订单超时关闭任务...
2026-03-17 15:54:00.019  INFO 8308 --- [scheduling-1] eden.service.task.OrderTask              : 没有超时订单需要关闭
2026-03-17 15:55:00.009  INFO 8308 --- [scheduling-1] eden.service.task.OrderTask              : 开始执行订单超时关闭任务...
2026-03-17 15:55:00.015  INFO 8308 --- [scheduling-1] eden.service.task.OrderTask              : 没有超时订单需要关闭
2026-03-17 15:55:00.015  INFO 8308 --- [scheduling-1] eden.service.task.PromotionTask          : 开始更新已结束的秒杀活动状态...
2026-03-17 15:56:00.011  INFO 8308 --- [scheduling-1] eden.service.task.OrderTask              : 开始执行订单超时关闭任务...
2026-03-17 15:56:00.017  INFO 8308 --- [scheduling-1] eden.service.task.OrderTask              : 没有超时订单需要关闭
2026-03-17 15:57:00.012  INFO 8308 --- [scheduling-1] eden.service.task.OrderTask              : 开始执行订单超时关闭任务...
2026-03-17 15:57:00.018  INFO 8308 --- [scheduling-1] eden.service.task.OrderTask              : 没有超时订单需要关闭
2026-03-17 15:58:00.008  INFO 8308 --- [scheduling-1] eden.service.task.OrderTask              : 开始执行订单超时关闭任务...
2026-03-17 15:58:00.014  INFO 8308 --- [scheduling-1] eden.service.task.OrderTask              : 没有超时订单需要关闭
2026-03-17 15:59:00.006  INFO 8308 --- [scheduling-1] eden.service.task.OrderTask              : 开始执行订单超时关闭任务...
2026-03-17 15:59:00.013  INFO 8308 --- [scheduling-1] eden.service.task.OrderTask              : 没有超时订单需要关闭
2026-03-17 16:00:00.005  INFO 8308 --- [scheduling-1] eden.service.task.PromotionTask          : 开始更新已结束的秒杀活动状态...
2026-03-17 16:00:00.022  INFO 8308 --- [scheduling-1] eden.service.task.OrderTask              : 开始执行订单超时关闭任务...
2026-03-17 16:00:00.025  INFO 8308 --- [scheduling-1] eden.service.task.OrderTask              : 没有超时订单需要关闭
2026-03-17 16:01:00.002  INFO 8308 --- [scheduling-1] eden.service.task.OrderTask              : 开始执行订单超时关闭任务...
2026-03-17 16:01:00.010  INFO 8308 --- [scheduling-1] eden.service.task.OrderTask              : 没有超时订单需要关闭
2026-03-17 16:02:00.012  INFO 8308 --- [scheduling-1] eden.service.task.OrderTask              : 开始执行订单超时关闭任务...
2026-03-17 16:02:00.018  INFO 8308 --- [scheduling-1] eden.service.task.OrderTask              : 没有超时订单需要关闭
2026-03-17 16:03:00.008  INFO 8308 --- [scheduling-1] eden.service.task.OrderTask              : 开始执行订单超时关闭任务...
2026-03-17 16:03:00.016  INFO 8308 --- [scheduling-1] eden.service.task.OrderTask              : 没有超时订单需要关闭
2026-03-17 16:04:00.014  INFO 8308 --- [scheduling-1] eden.service.task.OrderTask              : 开始执行订单超时关闭任务...
2026-03-17 16:04:00.026  INFO 8308 --- [scheduling-1] eden.service.task.OrderTask              : 没有超时订单需要关闭
2026-03-17 16:05:00.014  INFO 8308 --- [scheduling-1] eden.service.task.PromotionTask          : 开始更新已结束的秒杀活动状态...
2026-03-17 16:05:00.027  INFO 8308 --- [scheduling-1] eden.service.task.OrderTask              : 开始执行订单超时关闭任务...
2026-03-17 16:05:00.032  INFO 8308 --- [scheduling-1] eden.service.task.OrderTask              : 没有超时订单需要关闭
2026-03-17 16:06:00.015  INFO 8308 --- [scheduling-1] eden.service.task.OrderTask              : 开始执行订单超时关闭任务...
2026-03-17 16:06:00.027  INFO 8308 --- [scheduling-1] eden.service.task.OrderTask              : 没有超时订单需要关闭
2026-03-17 16:07:00.002  INFO 8308 --- [scheduling-1] eden.service.task.OrderTask              : 开始执行订单超时关闭任务...
2026-03-17 16:07:00.013  INFO 8308 --- [scheduling-1] eden.service.task.OrderTask              : 没有超时订单需要关闭
2026-03-17 16:08:00.010  INFO 8308 --- [scheduling-1] eden.service.task.OrderTask              : 开始执行订单超时关闭任务...
2026-03-17 16:08:00.023  INFO 8308 --- [scheduling-1] eden.service.task.OrderTask              : 没有超时订单需要关闭
2026-03-17 16:08:53.527  INFO 8308 --- [org.springframework.amqp.rabbit.RabbitListenerEndpointContainer#2-10] o.s.a.r.l.SimpleMessageListenerContainer : Restarting Consumer@3310677c: tags=[[amq.ctag-YZSN8jAIb33TA1BcvQoe4Q]], channel=Cached Rabbit Channel: PublisherCallbackChannelImpl: AMQChannel(amqp://user@127.0.0.1:5672/,7), conn: Proxy@2b39e77d Shared Rabbit Connection: SimpleConnection@7fb84ef7 [delegate=amqp://user@127.0.0.1:5672/, localPort= 9159], acknowledgeMode=MANUAL local queue size=0
2026-03-17 16:08:53.585  INFO 8308 --- [org.springframework.amqp.rabbit.RabbitListenerEndpointContainer#2-11] e.service.listener.OrderMessageListener  : 收到订单支付成功消息，订单ID: 2025121713395639540001
2026-03-17 16:09:00.004  INFO 8308 --- [scheduling-1] eden.service.task.OrderTask              : 开始执行订单超时关闭任务...
2026-03-17 16:09:00.012  INFO 8308 --- [scheduling-1] eden.service.task.OrderTask              : 没有超时订单需要关闭
2026-03-17 16:10:00.011  INFO 8308 --- [scheduling-1] eden.service.task.PromotionTask          : 开始更新已结束的秒杀活动状态...
2026-03-17 16:10:00.025  INFO 8308 --- [scheduling-1] eden.service.task.OrderTask              : 开始执行订单超时关闭任务...
2026-03-17 16:10:00.032  INFO 8308 --- [scheduling-1] eden.service.task.OrderTask              : 没有超时订单需要关闭
2026-03-17 16:11:00.011  INFO 8308 --- [scheduling-1] eden.service.task.OrderTask              : 开始执行订单超时关闭任务...
2026-03-17 16:11:00.021  INFO 8308 --- [scheduling-1] eden.service.task.OrderTask              : 没有超时订单需要关闭
2026-03-17 16:12:00.004  INFO 8308 --- [scheduling-1] eden.service.task.OrderTask              : 开始执行订单超时关闭任务...
2026-03-17 16:12:00.013  INFO 8308 --- [scheduling-1] eden.service.task.OrderTask              : 没有超时订单需要关闭
2026-03-17 16:13:00.009  INFO 8308 --- [scheduling-1] eden.service.task.OrderTask              : 开始执行订单超时关闭任务...
2026-03-17 16:13:00.023  INFO 8308 --- [scheduling-1] eden.service.task.OrderTask              : 没有超时订单需要关闭
2026-03-17 16:14:00.007  INFO 8308 --- [scheduling-1] eden.service.task.OrderTask              : 开始执行订单超时关闭任务...
2026-03-17 16:14:00.016  INFO 8308 --- [scheduling-1] eden.service.task.OrderTask              : 没有超时订单需要关闭
2026-03-17 16:15:00.009  INFO 8308 --- [scheduling-1] eden.service.task.OrderTask              : 开始执行订单超时关闭任务...
2026-03-17 16:15:00.016  INFO 8308 --- [scheduling-1] eden.service.task.OrderTask              : 没有超时订单需要关闭
2026-03-17 16:15:00.016  INFO 8308 --- [scheduling-1] eden.service.task.PromotionTask          : 开始更新已结束的秒杀活动状态...
2026-03-17 16:16:00.004  INFO 8308 --- [scheduling-1] eden.service.task.OrderTask              : 开始执行订单超时关闭任务...
2026-03-17 16:16:00.013  INFO 8308 --- [scheduling-1] eden.service.task.OrderTask              : 没有超时订单需要关闭
2026-03-17 16:17:00.012  INFO 8308 --- [scheduling-1] eden.service.task.OrderTask              : 开始执行订单超时关闭任务...
2026-03-17 16:17:00.020  INFO 8308 --- [scheduling-1] eden.service.task.OrderTask              : 没有超时订单需要关闭
2026-03-17 16:18:00.014  INFO 8308 --- [scheduling-1] eden.service.task.OrderTask              : 开始执行订单超时关闭任务...
2026-03-17 16:18:00.021  INFO 8308 --- [scheduling-1] eden.service.task.OrderTask              : 没有超时订单需要关闭
2026-03-17 16:19:00.004  INFO 8308 --- [scheduling-1] eden.service.task.OrderTask              : 开始执行订单超时关闭任务...
2026-03-17 16:19:00.020  INFO 8308 --- [scheduling-1] eden.service.task.OrderTask              : 没有超时订单需要关闭
2026-03-17 16:20:00.008  INFO 8308 --- [scheduling-1] eden.service.task.PromotionTask          : 开始更新已结束的秒杀活动状态...
2026-03-17 16:20:00.034  INFO 8308 --- [scheduling-1] eden.service.task.OrderTask              : 开始执行订单超时关闭任务...
2026-03-17 16:20:00.039  INFO 8308 --- [scheduling-1] eden.service.task.OrderTask              : 没有超时订单需要关闭
2026-03-17 16:21:00.001  INFO 8308 --- [scheduling-1] eden.service.task.OrderTask              : 开始执行订单超时关闭任务...
2026-03-17 16:21:00.011  INFO 8308 --- [scheduling-1] eden.service.task.OrderTask              : 没有超时订单需要关闭
2026-03-17 16:22:00.012  INFO 8308 --- [scheduling-1] eden.service.task.OrderTask              : 开始执行订单超时关闭任务...
2026-03-17 16:22:00.021  INFO 8308 --- [scheduling-1] eden.service.task.OrderTask              : 没有超时订单需要关闭
2026-03-17 16:23:00.009  INFO 8308 --- [scheduling-1] eden.service.task.OrderTask              : 开始执行订单超时关闭任务...
2026-03-17 16:23:00.014  INFO 8308 --- [scheduling-1] eden.service.task.OrderTask              : 没有超时订单需要关闭
2026-03-17 16:24:00.003  INFO 8308 --- [scheduling-1] eden.service.task.OrderTask              : 开始执行订单超时关闭任务...
2026-03-17 16:24:00.011  INFO 8308 --- [scheduling-1] eden.service.task.OrderTask              : 没有超时订单需要关闭
2026-03-17 16:25:00.009  INFO 8308 --- [scheduling-1] eden.service.task.OrderTask              : 开始执行订单超时关闭任务...
2026-03-17 16:25:00.021  INFO 8308 --- [scheduling-1] eden.service.task.OrderTask              : 没有超时订单需要关闭
2026-03-17 16:25:00.021  INFO 8308 --- [scheduling-1] eden.service.task.PromotionTask          : 开始更新已结束的秒杀活动状态...
2026-03-17 16:26:00.007  INFO 8308 --- [scheduling-1] eden.service.task.OrderTask              : 开始执行订单超时关闭任务...
2026-03-17 16:26:00.015  INFO 8308 --- [scheduling-1] eden.service.task.OrderTask              : 没有超时订单需要关闭
2026-03-17 16:27:00.006  INFO 8308 --- [scheduling-1] eden.service.task.OrderTask              : 开始执行订单超时关闭任务...
2026-03-17 16:27:00.012  INFO 8308 --- [scheduling-1] eden.service.task.OrderTask              : 没有超时订单需要关闭
2026-03-17 16:28:00.004  INFO 8308 --- [scheduling-1] eden.service.task.OrderTask              : 开始执行订单超时关闭任务...
2026-03-17 16:28:00.012  INFO 8308 --- [scheduling-1] eden.service.task.OrderTask              : 没有超时订单需要关闭
2026-03-17 16:29:00.012  INFO 8308 --- [scheduling-1] eden.service.task.OrderTask              : 开始执行订单超时关闭任务...
2026-03-17 16:29:00.022  INFO 8308 --- [scheduling-1] eden.service.task.OrderTask              : 没有超时订单需要关闭
2026-03-17 16:30:00.011  INFO 8308 --- [scheduling-1] eden.service.task.PromotionTask          : 开始更新已结束的秒杀活动状态...
2026-03-17 16:30:00.025  INFO 8308 --- [scheduling-1] eden.service.task.OrderTask              : 开始执行订单超时关闭任务...
2026-03-17 16:30:00.029  INFO 8308 --- [scheduling-1] eden.service.task.OrderTask              : 没有超时订单需要关闭
2026-03-17 16:31:00.009  INFO 8308 --- [scheduling-1] eden.service.task.OrderTask              : 开始执行订单超时关闭任务...
2026-03-17 16:31:00.020  INFO 8308 --- [scheduling-1] eden.service.task.OrderTask              : 没有超时订单需要关闭
2026-03-17 16:32:00.015  INFO 8308 --- [scheduling-1] eden.service.task.OrderTask              : 开始执行订单超时关闭任务...
2026-03-17 16:32:00.021  INFO 8308 --- [scheduling-1] eden.service.task.OrderTask              : 没有超时订单需要关闭
2026-03-17 16:33:00.015  INFO 8308 --- [scheduling-1] eden.service.task.OrderTask              : 开始执行订单超时关闭任务...
2026-03-17 16:33:00.022  INFO 8308 --- [scheduling-1] eden.service.task.OrderTask              : 没有超时订单需要关闭
2026-03-17 16:34:00.008  INFO 8308 --- [scheduling-1] eden.service.task.OrderTask              : 开始执行订单超时关闭任务...
2026-03-17 16:34:00.028  INFO 8308 --- [scheduling-1] eden.service.task.OrderTask              : 没有超时订单需要关闭
2026-03-17 16:35:00.013  INFO 8308 --- [scheduling-1] eden.service.task.PromotionTask          : 开始更新已结束的秒杀活动状态...
2026-03-17 16:35:00.026  INFO 8308 --- [scheduling-1] eden.service.task.OrderTask              : 开始执行订单超时关闭任务...
2026-03-17 16:35:00.030  INFO 8308 --- [scheduling-1] eden.service.task.OrderTask              : 没有超时订单需要关闭
2026-03-17 16:36:00.006  INFO 8308 --- [scheduling-1] eden.service.task.OrderTask              : 开始执行订单超时关闭任务...
2026-03-17 16:36:00.015  INFO 8308 --- [scheduling-1] eden.service.task.OrderTask              : 没有超时订单需要关闭
2026-03-17 16:37:00.012  INFO 8308 --- [scheduling-1] eden.service.task.OrderTask              : 开始执行订单超时关闭任务...
2026-03-17 16:37:00.023  INFO 8308 --- [scheduling-1] eden.service.task.OrderTask              : 没有超时订单需要关闭
2026-03-17 16:38:00.013  INFO 8308 --- [scheduling-1] eden.service.task.OrderTask              : 开始执行订单超时关闭任务...
2026-03-17 16:38:00.020  INFO 8308 --- [scheduling-1] eden.service.task.OrderTask              : 没有超时订单需要关闭
2026-03-17 16:38:54.599  INFO 8308 --- [org.springframework.amqp.rabbit.RabbitListenerEndpointContainer#2-11] o.s.a.r.l.SimpleMessageListenerContainer : Restarting Consumer@30786e88: tags=[[amq.ctag-3rmK4bzSn27VvI0Atev4Ug]], channel=Cached Rabbit Channel: PublisherCallbackChannelImpl: AMQChannel(amqp://user@127.0.0.1:5672/,7), conn: Proxy@2b39e77d Shared Rabbit Connection: SimpleConnection@7fb84ef7 [delegate=amqp://user@127.0.0.1:5672/, localPort= 9159], acknowledgeMode=MANUAL local queue size=0
2026-03-17 16:38:54.719  INFO 8308 --- [org.springframework.amqp.rabbit.RabbitListenerEndpointContainer#2-12] e.service.listener.OrderMessageListener  : 收到订单支付成功消息，订单ID: 2025121713395639540001
2026-03-17 16:39:00.013  INFO 8308 --- [scheduling-1] eden.service.task.OrderTask              : 开始执行订单超时关闭任务...
2026-03-17 16:39:00.019  INFO 8308 --- [scheduling-1] eden.service.task.OrderTask              : 没有超时订单需要关闭
2026-03-17 16:40:00.001  INFO 8308 --- [scheduling-1] eden.service.task.OrderTask              : 开始执行订单超时关闭任务...
2026-03-17 16:40:00.009  INFO 8308 --- [scheduling-1] eden.service.task.OrderTask              : 没有超时订单需要关闭
2026-03-17 16:40:00.010  INFO 8308 --- [scheduling-1] eden.service.task.PromotionTask          : 开始更新已结束的秒杀活动状态...
2026-03-17 16:41:00.000  INFO 8308 --- [scheduling-1] eden.service.task.OrderTask              : 开始执行订单超时关闭任务...
2026-03-17 16:41:00.009  INFO 8308 --- [scheduling-1] eden.service.task.OrderTask              : 没有超时订单需要关闭
2026-03-17 16:42:00.008  INFO 8308 --- [scheduling-1] eden.service.task.OrderTask              : 开始执行订单超时关闭任务...
2026-03-17 16:42:00.014  INFO 8308 --- [scheduling-1] eden.service.task.OrderTask              : 没有超时订单需要关闭
2026-03-17 16:43:00.009  INFO 8308 --- [scheduling-1] eden.service.task.OrderTask              : 开始执行订单超时关闭任务...
2026-03-17 16:43:00.021  INFO 8308 --- [scheduling-1] eden.service.task.OrderTask              : 没有超时订单需要关闭
2026-03-17 16:44:00.004  INFO 8308 --- [scheduling-1] eden.service.task.OrderTask              : 开始执行订单超时关闭任务...
2026-03-17 16:44:00.014  INFO 8308 --- [scheduling-1] eden.service.task.OrderTask              : 没有超时订单需要关闭
2026-03-17 16:45:00.010  INFO 8308 --- [scheduling-1] eden.service.task.PromotionTask          : 开始更新已结束的秒杀活动状态...
2026-03-17 16:45:00.024  INFO 8308 --- [scheduling-1] eden.service.task.OrderTask              : 开始执行订单超时关闭任务...
2026-03-17 16:45:00.028  INFO 8308 --- [scheduling-1] eden.service.task.OrderTask              : 没有超时订单需要关闭
2026-03-17 16:46:00.005  INFO 8308 --- [scheduling-1] eden.service.task.OrderTask              : 开始执行订单超时关闭任务...
2026-03-17 16:46:00.012  INFO 8308 --- [scheduling-1] eden.service.task.OrderTask              : 没有超时订单需要关闭
2026-03-17 16:47:00.015  INFO 8308 --- [scheduling-1] eden.service.task.OrderTask              : 开始执行订单超时关闭任务...
2026-03-17 16:47:00.021  INFO 8308 --- [scheduling-1] eden.service.task.OrderTask              : 没有超时订单需要关闭
2026-03-17 16:48:00.001  INFO 8308 --- [scheduling-1] eden.service.task.OrderTask              : 开始执行订单超时关闭任务...
2026-03-17 16:48:00.007  INFO 8308 --- [scheduling-1] eden.service.task.OrderTask              : 没有超时订单需要关闭
2026-03-17 16:49:00.011  INFO 8308 --- [scheduling-1] eden.service.task.OrderTask              : 开始执行订单超时关闭任务...
2026-03-17 16:49:00.022  INFO 8308 --- [scheduling-1] eden.service.task.OrderTask              : 没有超时订单需要关闭
2026-03-17 16:50:00.008  INFO 8308 --- [scheduling-1] eden.service.task.PromotionTask          : 开始更新已结束的秒杀活动状态...
2026-03-17 16:50:00.017  INFO 8308 --- [scheduling-1] eden.service.task.OrderTask              : 开始执行订单超时关闭任务...
2026-03-17 16:50:00.021  INFO 8308 --- [scheduling-1] eden.service.task.OrderTask              : 没有超时订单需要关闭
2026-03-17 16:51:00.007  INFO 8308 --- [scheduling-1] eden.service.task.OrderTask              : 开始执行订单超时关闭任务...
2026-03-17 16:51:00.017  INFO 8308 --- [scheduling-1] eden.service.task.OrderTask              : 没有超时订单需要关闭
2026-03-17 16:52:00.009  INFO 8308 --- [scheduling-1] eden.service.task.OrderTask              : 开始执行订单超时关闭任务...
2026-03-17 16:52:00.021  INFO 8308 --- [scheduling-1] eden.service.task.OrderTask              : 没有超时订单需要关闭
2026-03-17 16:53:00.007  INFO 8308 --- [scheduling-1] eden.service.task.OrderTask              : 开始执行订单超时关闭任务...
2026-03-17 16:53:00.020  INFO 8308 --- [scheduling-1] eden.service.task.OrderTask              : 没有超时订单需要关闭
2026-03-17 16:54:00.007  INFO 8308 --- [scheduling-1] eden.service.task.OrderTask              : 开始执行订单超时关闭任务...
2026-03-17 16:54:00.018  INFO 8308 --- [scheduling-1] eden.service.task.OrderTask              : 没有超时订单需要关闭
2026-03-17 16:55:00.006  INFO 8308 --- [scheduling-1] eden.service.task.PromotionTask          : 开始更新已结束的秒杀活动状态...
2026-03-17 16:55:00.014  INFO 8308 --- [scheduling-1] eden.service.task.OrderTask              : 开始执行订单超时关闭任务...
2026-03-17 16:55:00.017  INFO 8308 --- [scheduling-1] eden.service.task.OrderTask              : 没有超时订单需要关闭
2026-03-17 16:56:00.011  INFO 8308 --- [scheduling-1] eden.service.task.OrderTask              : 开始执行订单超时关闭任务...
2026-03-17 16:56:00.028  INFO 8308 --- [scheduling-1] eden.service.task.OrderTask              : 没有超时订单需要关闭
2026-03-17 16:57:00.010  INFO 8308 --- [scheduling-1] eden.service.task.OrderTask              : 开始执行订单超时关闭任务...
2026-03-17 16:57:00.017  INFO 8308 --- [scheduling-1] eden.service.task.OrderTask              : 没有超时订单需要关闭
2026-03-17 16:58:00.005  INFO 8308 --- [scheduling-1] eden.service.task.OrderTask              : 开始执行订单超时关闭任务...
2026-03-17 16:58:00.012  INFO 8308 --- [scheduling-1] eden.service.task.OrderTask              : 没有超时订单需要关闭
2026-03-17 16:59:00.000  INFO 8308 --- [scheduling-1] eden.service.task.OrderTask              : 开始执行订单超时关闭任务...
2026-03-17 16:59:00.011  INFO 8308 --- [scheduling-1] eden.service.task.OrderTask              : 没有超时订单需要关闭
2026-03-17 17:00:00.014  INFO 8308 --- [scheduling-1] eden.service.task.OrderTask              : 开始执行订单超时关闭任务...
2026-03-17 17:00:00.023  INFO 8308 --- [scheduling-1] eden.service.task.OrderTask              : 没有超时订单需要关闭
2026-03-17 17:00:00.023  INFO 8308 --- [scheduling-1] eden.service.task.PromotionTask          : 开始更新已结束的秒杀活动状态...
2026-03-17 17:01:00.009  INFO 8308 --- [scheduling-1] eden.service.task.OrderTask              : 开始执行订单超时关闭任务...
2026-03-17 17:01:00.017  INFO 8308 --- [scheduling-1] eden.service.task.OrderTask              : 没有超时订单需要关闭
2026-03-17 17:02:00.009  INFO 8308 --- [scheduling-1] eden.service.task.OrderTask              : 开始执行订单超时关闭任务...
2026-03-17 17:02:00.017  INFO 8308 --- [scheduling-1] eden.service.task.OrderTask              : 没有超时订单需要关闭
2026-03-17 17:03:00.002  INFO 8308 --- [scheduling-1] eden.service.task.OrderTask              : 开始执行订单超时关闭任务...
2026-03-17 17:03:00.011  INFO 8308 --- [scheduling-1] eden.service.task.OrderTask              : 没有超时订单需要关闭
2026-03-17 17:04:00.009  INFO 8308 --- [scheduling-1] eden.service.task.OrderTask              : 开始执行订单超时关闭任务...
2026-03-17 17:04:00.026  INFO 8308 --- [scheduling-1] eden.service.task.OrderTask              : 没有超时订单需要关闭
2026-03-17 17:05:00.003  INFO 8308 --- [scheduling-1] eden.service.task.OrderTask              : 开始执行订单超时关闭任务...
2026-03-17 17:05:00.015  INFO 8308 --- [scheduling-1] eden.service.task.OrderTask              : 没有超时订单需要关闭
2026-03-17 17:05:00.015  INFO 8308 --- [scheduling-1] eden.service.task.PromotionTask          : 开始更新已结束的秒杀活动状态...
2026-03-17 17:06:00.009  INFO 8308 --- [scheduling-1] eden.service.task.OrderTask              : 开始执行订单超时关闭任务...
2026-03-17 17:06:00.019  INFO 8308 --- [scheduling-1] eden.service.task.OrderTask              : 没有超时订单需要关闭
2026-03-17 17:07:00.004  INFO 8308 --- [scheduling-1] eden.service.task.OrderTask              : 开始执行订单超时关闭任务...
2026-03-17 17:07:00.015  INFO 8308 --- [scheduling-1] eden.service.task.OrderTask              : 没有超时订单需要关闭
2026-03-17 17:08:00.014  INFO 8308 --- [scheduling-1] eden.service.task.OrderTask              : 开始执行订单超时关闭任务...
2026-03-17 17:08:00.028  INFO 8308 --- [scheduling-1] eden.service.task.OrderTask              : 没有超时订单需要关闭
2026-03-17 17:09:00.009  INFO 8308 --- [scheduling-1] eden.service.task.OrderTask              : 开始执行订单超时关闭任务...
2026-03-17 17:09:00.019  INFO 8308 --- [scheduling-1] eden.service.task.OrderTask              : 没有超时订单需要关闭
2026-03-17 17:09:55.656  INFO 8308 --- [org.springframework.amqp.rabbit.RabbitListenerEndpointContainer#2-12] o.s.a.r.l.SimpleMessageListenerContainer : Restarting Consumer@6f881f12: tags=[[amq.ctag-D20ke-8MpQdtzCjTT0UHdg]], channel=Cached Rabbit Channel: PublisherCallbackChannelImpl: AMQChannel(amqp://user@127.0.0.1:5672/,7), conn: Proxy@2b39e77d Shared Rabbit Connection: SimpleConnection@7fb84ef7 [delegate=amqp://user@127.0.0.1:5672/, localPort= 9159], acknowledgeMode=MANUAL local queue size=0
2026-03-17 17:09:55.678  INFO 8308 --- [org.springframework.amqp.rabbit.RabbitListenerEndpointContainer#2-13] e.service.listener.OrderMessageListener  : 收到订单支付成功消息，订单ID: 2025121713395639540001
2026-03-17 17:10:00.005  INFO 8308 --- [scheduling-1] eden.service.task.OrderTask              : 开始执行订单超时关闭任务...
2026-03-17 17:10:00.010  INFO 8308 --- [scheduling-1] eden.service.task.OrderTask              : 没有超时订单需要关闭
2026-03-17 17:10:00.010  INFO 8308 --- [scheduling-1] eden.service.task.PromotionTask          : 开始更新已结束的秒杀活动状态...
2026-03-17 17:11:00.011  INFO 8308 --- [scheduling-1] eden.service.task.OrderTask              : 开始执行订单超时关闭任务...
2026-03-17 17:11:00.021  INFO 8308 --- [scheduling-1] eden.service.task.OrderTask              : 没有超时订单需要关闭
2026-03-17 17:12:00.010  INFO 8308 --- [scheduling-1] eden.service.task.OrderTask              : 开始执行订单超时关闭任务...
2026-03-17 17:12:00.016  INFO 8308 --- [scheduling-1] eden.service.task.OrderTask              : 没有超时订单需要关闭
2026-03-17 17:13:00.013  INFO 8308 --- [scheduling-1] eden.service.task.OrderTask              : 开始执行订单超时关闭任务...
2026-03-17 17:13:00.019  INFO 8308 --- [scheduling-1] eden.service.task.OrderTask              : 没有超时订单需要关闭
2026-03-17 17:14:00.005  INFO 8308 --- [scheduling-1] eden.service.task.OrderTask              : 开始执行订单超时关闭任务...
2026-03-17 17:14:00.011  INFO 8308 --- [scheduling-1] eden.service.task.OrderTask              : 没有超时订单需要关闭
2026-03-17 17:15:00.005  INFO 8308 --- [scheduling-1] eden.service.task.OrderTask              : 开始执行订单超时关闭任务...
2026-03-17 17:15:00.010  INFO 8308 --- [scheduling-1] eden.service.task.OrderTask              : 没有超时订单需要关闭
2026-03-17 17:15:00.010  INFO 8308 --- [scheduling-1] eden.service.task.PromotionTask          : 开始更新已结束的秒杀活动状态...
2026-03-17 17:16:00.006  INFO 8308 --- [scheduling-1] eden.service.task.OrderTask              : 开始执行订单超时关闭任务...
2026-03-17 17:16:00.013  INFO 8308 --- [scheduling-1] eden.service.task.OrderTask              : 没有超时订单需要关闭
2026-03-17 17:17:00.008  INFO 8308 --- [scheduling-1] eden.service.task.OrderTask              : 开始执行订单超时关闭任务...
2026-03-17 17:17:00.016  INFO 8308 --- [scheduling-1] eden.service.task.OrderTask              : 没有超时订单需要关闭
2026-03-17 17:18:00.013  INFO 8308 --- [scheduling-1] eden.service.task.OrderTask              : 开始执行订单超时关闭任务...
2026-03-17 17:18:00.024  INFO 8308 --- [scheduling-1] eden.service.task.OrderTask              : 没有超时订单需要关闭
2026-03-17 17:19:00.016  INFO 8308 --- [scheduling-1] eden.service.task.OrderTask              : 开始执行订单超时关闭任务...
2026-03-17 17:19:00.026  INFO 8308 --- [scheduling-1] eden.service.task.OrderTask              : 没有超时订单需要关闭
2026-03-17 17:20:00.014  INFO 8308 --- [scheduling-1] eden.service.task.OrderTask              : 开始执行订单超时关闭任务...
2026-03-17 17:20:00.024  INFO 8308 --- [scheduling-1] eden.service.task.OrderTask              : 没有超时订单需要关闭
2026-03-17 17:20:00.024  INFO 8308 --- [scheduling-1] eden.service.task.PromotionTask          : 开始更新已结束的秒杀活动状态...
2026-03-17 17:21:00.003  INFO 8308 --- [scheduling-1] eden.service.task.OrderTask              : 开始执行订单超时关闭任务...
2026-03-17 17:21:00.014  INFO 8308 --- [scheduling-1] eden.service.task.OrderTask              : 没有超时订单需要关闭
2026-03-17 17:22:00.012  INFO 8308 --- [scheduling-1] eden.service.task.OrderTask              : 开始执行订单超时关闭任务...
2026-03-17 17:22:00.026  INFO 8308 --- [scheduling-1] eden.service.task.OrderTask              : 没有超时订单需要关闭
2026-03-17 17:23:00.006  INFO 8308 --- [scheduling-1] eden.service.task.OrderTask              : 开始执行订单超时关闭任务...
2026-03-17 17:23:00.014  INFO 8308 --- [scheduling-1] eden.service.task.OrderTask              : 没有超时订单需要关闭
2026-03-17 17:24:00.005  INFO 8308 --- [scheduling-1] eden.service.task.OrderTask              : 开始执行订单超时关闭任务...
2026-03-17 17:24:00.013  INFO 8308 --- [scheduling-1] eden.service.task.OrderTask              : 没有超时订单需要关闭
2026-03-17 17:25:00.010  INFO 8308 --- [scheduling-1] eden.service.task.OrderTask              : 开始执行订单超时关闭任务...
2026-03-17 17:25:00.019  INFO 8308 --- [scheduling-1] eden.service.task.OrderTask              : 没有超时订单需要关闭
2026-03-17 17:25:00.020  INFO 8308 --- [scheduling-1] eden.service.task.PromotionTask          : 开始更新已结束的秒杀活动状态...
2026-03-17 17:26:00.009  INFO 8308 --- [scheduling-1] eden.service.task.OrderTask              : 开始执行订单超时关闭任务...
2026-03-17 17:26:00.016  INFO 8308 --- [scheduling-1] eden.service.task.OrderTask              : 没有超时订单需要关闭
2026-03-17 17:27:00.011  INFO 8308 --- [scheduling-1] eden.service.task.OrderTask              : 开始执行订单超时关闭任务...
2026-03-17 17:27:00.020  INFO 8308 --- [scheduling-1] eden.service.task.OrderTask              : 没有超时订单需要关闭
2026-03-17 17:28:00.008  INFO 8308 --- [scheduling-1] eden.service.task.OrderTask              : 开始执行订单超时关闭任务...
2026-03-17 17:28:00.013  INFO 8308 --- [scheduling-1] eden.service.task.OrderTask              : 没有超时订单需要关闭
2026-03-17 17:29:00.004  INFO 8308 --- [scheduling-1] eden.service.task.OrderTask              : 开始执行订单超时关闭任务...
2026-03-17 17:29:00.014  INFO 8308 --- [scheduling-1] eden.service.task.OrderTask              : 没有超时订单需要关闭
2026-03-17 17:30:00.000  INFO 8308 --- [scheduling-1] eden.service.task.OrderTask              : 开始执行订单超时关闭任务...
2026-03-17 17:30:00.004  INFO 8308 --- [scheduling-1] eden.service.task.OrderTask              : 没有超时订单需要关闭
2026-03-17 17:30:00.005  INFO 8308 --- [scheduling-1] eden.service.task.PromotionTask          : 开始更新已结束的秒杀活动状态...
2026-03-17 17:31:00.002  INFO 8308 --- [scheduling-1] eden.service.task.OrderTask              : 开始执行订单超时关闭任务...
2026-03-17 17:31:00.010  INFO 8308 --- [scheduling-1] eden.service.task.OrderTask              : 没有超时订单需要关闭
2026-03-17 17:32:00.010  INFO 8308 --- [scheduling-1] eden.service.task.OrderTask              : 开始执行订单超时关闭任务...
2026-03-17 17:32:00.018  INFO 8308 --- [scheduling-1] eden.service.task.OrderTask              : 没有超时订单需要关闭
2026-03-17 17:33:00.007  INFO 8308 --- [scheduling-1] eden.service.task.OrderTask              : 开始执行订单超时关闭任务...
2026-03-17 17:33:00.079  INFO 8308 --- [scheduling-1] eden.service.task.OrderTask              : 没有超时订单需要关闭
2026-03-17 17:34:00.008  INFO 8308 --- [scheduling-1] eden.service.task.OrderTask              : 开始执行订单超时关闭任务...
2026-03-17 17:34:00.026  INFO 8308 --- [scheduling-1] eden.service.task.OrderTask              : 没有超时订单需要关闭
2026-03-17 17:35:00.015  INFO 8308 --- [scheduling-1] eden.service.task.PromotionTask          : 开始更新已结束的秒杀活动状态...
2026-03-17 17:35:00.024  INFO 8308 --- [scheduling-1] eden.service.task.OrderTask              : 开始执行订单超时关闭任务...
2026-03-17 17:35:00.027  INFO 8308 --- [scheduling-1] eden.service.task.OrderTask              : 没有超时订单需要关闭
2026-03-17 17:36:00.001  INFO 8308 --- [scheduling-1] eden.service.task.OrderTask              : 开始执行订单超时关闭任务...
2026-03-17 17:36:00.012  INFO 8308 --- [scheduling-1] eden.service.task.OrderTask              : 没有超时订单需要关闭
2026-03-17 17:37:00.005  INFO 8308 --- [scheduling-1] eden.service.task.OrderTask              : 开始执行订单超时关闭任务...
2026-03-17 17:37:00.010  INFO 8308 --- [scheduling-1] eden.service.task.OrderTask              : 没有超时订单需要关闭
2026-03-17 17:38:00.012  INFO 8308 --- [scheduling-1] eden.service.task.OrderTask              : 开始执行订单超时关闭任务...
2026-03-17 17:38:00.017  INFO 8308 --- [scheduling-1] eden.service.task.OrderTask              : 没有超时订单需要关闭
2026-03-17 17:39:00.006  INFO 8308 --- [scheduling-1] eden.service.task.OrderTask              : 开始执行订单超时关闭任务...
2026-03-17 17:39:00.016  INFO 8308 --- [scheduling-1] eden.service.task.OrderTask              : 没有超时订单需要关闭
2026-03-17 17:39:56.237  INFO 8308 --- [org.springframework.amqp.rabbit.RabbitListenerEndpointContainer#2-13] o.s.a.r.l.SimpleMessageListenerContainer : Restarting Consumer@53dd3522: tags=[[amq.ctag-WWLn-lrVMs8ZqCIXstT9Gg]], channel=Cached Rabbit Channel: PublisherCallbackChannelImpl: AMQChannel(amqp://user@127.0.0.1:5672/,7), conn: Proxy@2b39e77d Shared Rabbit Connection: SimpleConnection@7fb84ef7 [delegate=amqp://user@127.0.0.1:5672/, localPort= 9159], acknowledgeMode=MANUAL local queue size=0
2026-03-17 17:39:56.398  INFO 8308 --- [org.springframework.amqp.rabbit.RabbitListenerEndpointContainer#2-14] e.service.listener.OrderMessageListener  : 收到订单支付成功消息，订单ID: 2025121713395639540001
2026-03-17 17:40:00.011  INFO 8308 --- [scheduling-1] eden.service.task.OrderTask              : 开始执行订单超时关闭任务...
2026-03-17 17:40:00.023  INFO 8308 --- [scheduling-1] eden.service.task.OrderTask              : 没有超时订单需要关闭
2026-03-17 17:40:00.023  INFO 8308 --- [scheduling-1] eden.service.task.PromotionTask          : 开始更新已结束的秒杀活动状态...
2026-03-17 17:41:00.007  INFO 8308 --- [scheduling-1] eden.service.task.OrderTask              : 开始执行订单超时关闭任务...
2026-03-17 17:41:00.014  INFO 8308 --- [scheduling-1] eden.service.task.OrderTask              : 没有超时订单需要关闭
2026-03-17 17:42:00.010  INFO 8308 --- [scheduling-1] eden.service.task.OrderTask              : 开始执行订单超时关闭任务...
2026-03-17 17:42:00.017  INFO 8308 --- [scheduling-1] eden.service.task.OrderTask              : 没有超时订单需要关闭
2026-03-17 17:43:00.009  INFO 8308 --- [scheduling-1] eden.service.task.OrderTask              : 开始执行订单超时关闭任务...
2026-03-17 17:43:00.018  INFO 8308 --- [scheduling-1] eden.service.task.OrderTask              : 没有超时订单需要关闭
2026-03-17 17:44:00.004  INFO 8308 --- [scheduling-1] eden.service.task.OrderTask              : 开始执行订单超时关闭任务...
2026-03-17 17:44:00.011  INFO 8308 --- [scheduling-1] eden.service.task.OrderTask              : 没有超时订单需要关闭
2026-03-17 17:45:00.009  INFO 8308 --- [scheduling-1] eden.service.task.OrderTask              : 开始执行订单超时关闭任务...
2026-03-17 17:45:00.018  INFO 8308 --- [scheduling-1] eden.service.task.OrderTask              : 没有超时订单需要关闭
2026-03-17 17:45:00.018  INFO 8308 --- [scheduling-1] eden.service.task.PromotionTask          : 开始更新已结束的秒杀活动状态...
2026-03-17 17:46:00.005  INFO 8308 --- [scheduling-1] eden.service.task.OrderTask              : 开始执行订单超时关闭任务...
2026-03-17 17:46:00.014  INFO 8308 --- [scheduling-1] eden.service.task.OrderTask              : 没有超时订单需要关闭
2026-03-17 17:47:00.002  INFO 8308 --- [scheduling-1] eden.service.task.OrderTask              : 开始执行订单超时关闭任务...
2026-03-17 17:47:00.010  INFO 8308 --- [scheduling-1] eden.service.task.OrderTask              : 没有超时订单需要关闭
2026-03-17 17:48:00.009  INFO 8308 --- [scheduling-1] eden.service.task.OrderTask              : 开始执行订单超时关闭任务...
2026-03-17 17:48:00.018  INFO 8308 --- [scheduling-1] eden.service.task.OrderTask              : 没有超时订单需要关闭
2026-03-17 17:49:00.004  INFO 8308 --- [scheduling-1] eden.service.task.OrderTask              : 开始执行订单超时关闭任务...
2026-03-17 17:49:00.012  INFO 8308 --- [scheduling-1] eden.service.task.OrderTask              : 没有超时订单需要关闭
2026-03-17 17:50:00.000  INFO 8308 --- [scheduling-1] eden.service.task.OrderTask              : 开始执行订单超时关闭任务...
2026-03-17 17:50:00.007  INFO 8308 --- [scheduling-1] eden.service.task.OrderTask              : 没有超时订单需要关闭
2026-03-17 17:50:00.008  INFO 8308 --- [scheduling-1] eden.service.task.PromotionTask          : 开始更新已结束的秒杀活动状态...
2026-03-17 17:51:00.003  INFO 8308 --- [scheduling-1] eden.service.task.OrderTask              : 开始执行订单超时关闭任务...
2026-03-17 17:51:00.011  INFO 8308 --- [scheduling-1] eden.service.task.OrderTask              : 没有超时订单需要关闭
2026-03-17 17:52:00.006  INFO 8308 --- [scheduling-1] eden.service.task.OrderTask              : 开始执行订单超时关闭任务...
2026-03-17 17:52:00.015  INFO 8308 --- [scheduling-1] eden.service.task.OrderTask              : 没有超时订单需要关闭
2026-03-17 17:53:00.007  INFO 8308 --- [scheduling-1] eden.service.task.OrderTask              : 开始执行订单超时关闭任务...
2026-03-17 17:53:00.040  INFO 8308 --- [scheduling-1] eden.service.task.OrderTask              : 没有超时订单需要关闭
2026-03-17 17:54:00.003  INFO 8308 --- [scheduling-1] eden.service.task.OrderTask              : 开始执行订单超时关闭任务...
2026-03-17 17:54:00.010  INFO 8308 --- [scheduling-1] eden.service.task.OrderTask              : 没有超时订单需要关闭
2026-03-17 17:55:00.015  INFO 8308 --- [scheduling-1] eden.service.task.OrderTask              : 开始执行订单超时关闭任务...
2026-03-17 17:55:00.023  INFO 8308 --- [scheduling-1] eden.service.task.OrderTask              : 没有超时订单需要关闭
2026-03-17 17:55:00.023  INFO 8308 --- [scheduling-1] eden.service.task.PromotionTask          : 开始更新已结束的秒杀活动状态...
2026-03-17 17:56:00.015  INFO 8308 --- [scheduling-1] eden.service.task.OrderTask              : 开始执行订单超时关闭任务...
2026-03-17 17:56:00.023  INFO 8308 --- [scheduling-1] eden.service.task.OrderTask              : 没有超时订单需要关闭
2026-03-17 17:57:00.015  INFO 8308 --- [scheduling-1] eden.service.task.OrderTask              : 开始执行订单超时关闭任务...
2026-03-17 17:57:00.021  INFO 8308 --- [scheduling-1] eden.service.task.OrderTask              : 没有超时订单需要关闭
2026-03-17 17:58:00.004  INFO 8308 --- [scheduling-1] eden.service.task.OrderTask              : 开始执行订单超时关闭任务...
2026-03-17 17:58:00.012  INFO 8308 --- [scheduling-1] eden.service.task.OrderTask              : 没有超时订单需要关闭
2026-03-17 17:59:00.010  INFO 8308 --- [scheduling-1] eden.service.task.OrderTask              : 开始执行订单超时关闭任务...
2026-03-17 17:59:00.027  INFO 8308 --- [scheduling-1] eden.service.task.OrderTask              : 没有超时订单需要关闭
2026-03-17 18:00:00.014  INFO 8308 --- [scheduling-1] eden.service.task.OrderTask              : 开始执行订单超时关闭任务...
2026-03-17 18:00:00.022  INFO 8308 --- [scheduling-1] eden.service.task.OrderTask              : 没有超时订单需要关闭
2026-03-17 18:00:00.022  INFO 8308 --- [scheduling-1] eden.service.task.PromotionTask          : 开始更新已结束的秒杀活动状态...
2026-03-17 18:01:00.007  INFO 8308 --- [scheduling-1] eden.service.task.OrderTask              : 开始执行订单超时关闭任务...
2026-03-17 18:01:00.022  INFO 8308 --- [scheduling-1] eden.service.task.OrderTask              : 没有超时订单需要关闭
2026-03-17 18:02:00.013  INFO 8308 --- [scheduling-1] eden.service.task.OrderTask              : 开始执行订单超时关闭任务...
2026-03-17 18:02:00.020  INFO 8308 --- [scheduling-1] eden.service.task.OrderTask              : 没有超时订单需要关闭
2026-03-17 18:03:00.003  INFO 8308 --- [scheduling-1] eden.service.task.OrderTask              : 开始执行订单超时关闭任务...
2026-03-17 18:03:00.026  INFO 8308 --- [scheduling-1] eden.service.task.OrderTask              : 没有超时订单需要关闭
2026-03-17 18:04:00.014  INFO 8308 --- [scheduling-1] eden.service.task.OrderTask              : 开始执行订单超时关闭任务...
2026-03-17 18:04:00.024  INFO 8308 --- [scheduling-1] eden.service.task.OrderTask              : 没有超时订单需要关闭
2026-03-17 18:05:00.009  INFO 8308 --- [scheduling-1] eden.service.task.PromotionTask          : 开始更新已结束的秒杀活动状态...
2026-03-17 18:05:00.021  INFO 8308 --- [scheduling-1] eden.service.task.OrderTask              : 开始执行订单超时关闭任务...
2026-03-17 18:05:00.025  INFO 8308 --- [scheduling-1] eden.service.task.OrderTask              : 没有超时订单需要关闭
2026-03-17 18:06:00.007  INFO 8308 --- [scheduling-1] eden.service.task.OrderTask              : 开始执行订单超时关闭任务...
2026-03-17 18:06:00.018  INFO 8308 --- [scheduling-1] eden.service.task.OrderTask              : 没有超时订单需要关闭
2026-03-17 18:07:00.004  INFO 8308 --- [scheduling-1] eden.service.task.OrderTask              : 开始执行订单超时关闭任务...
2026-03-17 18:07:00.010  INFO 8308 --- [scheduling-1] eden.service.task.OrderTask              : 没有超时订单需要关闭
2026-03-17 18:08:00.007  INFO 8308 --- [scheduling-1] eden.service.task.OrderTask              : 开始执行订单超时关闭任务...
2026-03-17 18:08:00.016  INFO 8308 --- [scheduling-1] eden.service.task.OrderTask              : 没有超时订单需要关闭
2026-03-17 18:09:00.013  INFO 8308 --- [scheduling-1] eden.service.task.OrderTask              : 开始执行订单超时关闭任务...
2026-03-17 18:09:00.023  INFO 8308 --- [scheduling-1] eden.service.task.OrderTask              : 没有超时订单需要关闭
2026-03-17 18:09:56.691  INFO 8308 --- [org.springframework.amqp.rabbit.RabbitListenerEndpointContainer#2-14] o.s.a.r.l.SimpleMessageListenerContainer : Restarting Consumer@632b5464: tags=[[amq.ctag-mIqiu90sODFoFXyTdY2VIQ]], channel=Cached Rabbit Channel: PublisherCallbackChannelImpl: AMQChannel(amqp://user@127.0.0.1:5672/,7), conn: Proxy@2b39e77d Shared Rabbit Connection: SimpleConnection@7fb84ef7 [delegate=amqp://user@127.0.0.1:5672/, localPort= 9159], acknowledgeMode=MANUAL local queue size=0
2026-03-17 18:09:56.773  INFO 8308 --- [org.springframework.amqp.rabbit.RabbitListenerEndpointContainer#2-15] e.service.listener.OrderMessageListener  : 收到订单支付成功消息，订单ID: 2025121713395639540001
2026-03-17 18:10:00.003  INFO 8308 --- [scheduling-1] eden.service.task.PromotionTask          : 开始更新已结束的秒杀活动状态...
2026-03-17 18:10:00.016  INFO 8308 --- [scheduling-1] eden.service.task.OrderTask              : 开始执行订单超时关闭任务...
2026-03-17 18:10:00.021  INFO 8308 --- [scheduling-1] eden.service.task.OrderTask              : 没有超时订单需要关闭
2026-03-17 18:11:00.014  INFO 8308 --- [scheduling-1] eden.service.task.OrderTask              : 开始执行订单超时关闭任务...
2026-03-17 18:11:00.022  INFO 8308 --- [scheduling-1] eden.service.task.OrderTask              : 没有超时订单需要关闭
2026-03-17 18:12:00.004  INFO 8308 --- [scheduling-1] eden.service.task.OrderTask              : 开始执行订单超时关闭任务...
2026-03-17 18:12:00.014  INFO 8308 --- [scheduling-1] eden.service.task.OrderTask              : 没有超时订单需要关闭
2026-03-17 18:13:00.002  INFO 8308 --- [scheduling-1] eden.service.task.OrderTask              : 开始执行订单超时关闭任务...
2026-03-17 18:13:00.011  INFO 8308 --- [scheduling-1] eden.service.task.OrderTask              : 没有超时订单需要关闭
2026-03-17 18:14:00.012  INFO 8308 --- [scheduling-1] eden.service.task.OrderTask              : 开始执行订单超时关闭任务...
2026-03-17 18:14:00.020  INFO 8308 --- [scheduling-1] eden.service.task.OrderTask              : 没有超时订单需要关闭
2026-03-17 18:15:00.009  INFO 8308 --- [scheduling-1] eden.service.task.PromotionTask          : 开始更新已结束的秒杀活动状态...
2026-03-17 18:15:00.023  INFO 8308 --- [scheduling-1] eden.service.task.OrderTask              : 开始执行订单超时关闭任务...
2026-03-17 18:15:00.035  INFO 8308 --- [scheduling-1] eden.service.task.OrderTask              : 没有超时订单需要关闭
2026-03-17 18:16:00.005  INFO 8308 --- [scheduling-1] eden.service.task.OrderTask              : 开始执行订单超时关闭任务...
2026-03-17 18:16:00.023  INFO 8308 --- [scheduling-1] eden.service.task.OrderTask              : 没有超时订单需要关闭
2026-03-17 18:17:00.002  INFO 8308 --- [scheduling-1] eden.service.task.OrderTask              : 开始执行订单超时关闭任务...
2026-03-17 18:17:00.012  INFO 8308 --- [scheduling-1] eden.service.task.OrderTask              : 没有超时订单需要关闭
2026-03-17 18:18:00.014  INFO 8308 --- [scheduling-1] eden.service.task.OrderTask              : 开始执行订单超时关闭任务...
2026-03-17 18:18:00.021  INFO 8308 --- [scheduling-1] eden.service.task.OrderTask              : 没有超时订单需要关闭
2026-03-17 18:19:00.007  INFO 8308 --- [scheduling-1] eden.service.task.OrderTask              : 开始执行订单超时关闭任务...
2026-03-17 18:19:00.020  INFO 8308 --- [scheduling-1] eden.service.task.OrderTask              : 没有超时订单需要关闭
2026-03-17 18:20:00.004  INFO 8308 --- [scheduling-1] eden.service.task.PromotionTask          : 开始更新已结束的秒杀活动状态...
2026-03-17 18:20:00.012  INFO 8308 --- [scheduling-1] eden.service.task.OrderTask              : 开始执行订单超时关闭任务...
2026-03-17 18:20:00.015  INFO 8308 --- [scheduling-1] eden.service.task.OrderTask              : 没有超时订单需要关闭
2026-03-17 18:21:00.014  INFO 8308 --- [scheduling-1] eden.service.task.OrderTask              : 开始执行订单超时关闭任务...
2026-03-17 18:21:00.021  INFO 8308 --- [scheduling-1] eden.service.task.OrderTask              : 没有超时订单需要关闭
2026-03-17 18:22:00.002  INFO 8308 --- [scheduling-1] eden.service.task.OrderTask              : 开始执行订单超时关闭任务...
2026-03-17 18:22:00.009  INFO 8308 --- [scheduling-1] eden.service.task.OrderTask              : 没有超时订单需要关闭
2026-03-17 18:23:00.013  INFO 8308 --- [scheduling-1] eden.service.task.OrderTask              : 开始执行订单超时关闭任务...
2026-03-17 18:23:00.019  INFO 8308 --- [scheduling-1] eden.service.task.OrderTask              : 没有超时订单需要关闭
2026-03-17 18:24:00.000  INFO 8308 --- [scheduling-1] eden.service.task.OrderTask              : 开始执行订单超时关闭任务...
2026-03-17 18:24:00.007  INFO 8308 --- [scheduling-1] eden.service.task.OrderTask              : 没有超时订单需要关闭
2026-03-17 18:25:00.006  INFO 8308 --- [scheduling-1] eden.service.task.OrderTask              : 开始执行订单超时关闭任务...
2026-03-17 18:25:00.015  INFO 8308 --- [scheduling-1] eden.service.task.OrderTask              : 没有超时订单需要关闭
2026-03-17 18:25:00.016  INFO 8308 --- [scheduling-1] eden.service.task.PromotionTask          : 开始更新已结束的秒杀活动状态...
2026-03-17 18:26:00.011  INFO 8308 --- [scheduling-1] eden.service.task.OrderTask              : 开始执行订单超时关闭任务...
2026-03-17 18:26:00.018  INFO 8308 --- [scheduling-1] eden.service.task.OrderTask              : 没有超时订单需要关闭
2026-03-17 18:27:00.015  INFO 8308 --- [scheduling-1] eden.service.task.OrderTask              : 开始执行订单超时关闭任务...
2026-03-17 18:27:00.020  INFO 8308 --- [scheduling-1] eden.service.task.OrderTask              : 没有超时订单需要关闭
2026-03-17 18:28:00.011  INFO 8308 --- [scheduling-1] eden.service.task.OrderTask              : 开始执行订单超时关闭任务...
2026-03-17 18:28:00.018  INFO 8308 --- [scheduling-1] eden.service.task.OrderTask              : 没有超时订单需要关闭
2026-03-17 18:29:00.006  INFO 8308 --- [scheduling-1] eden.service.task.OrderTask              : 开始执行订单超时关闭任务...
2026-03-17 18:29:00.018  INFO 8308 --- [scheduling-1] eden.service.task.OrderTask              : 没有超时订单需要关闭
2026-03-17 18:30:00.002  INFO 8308 --- [scheduling-1] eden.service.task.PromotionTask          : 开始更新已结束的秒杀活动状态...
2026-03-17 18:30:00.012  INFO 8308 --- [scheduling-1] eden.service.task.OrderTask              : 开始执行订单超时关闭任务...
2026-03-17 18:30:00.016  INFO 8308 --- [scheduling-1] eden.service.task.OrderTask              : 没有超时订单需要关闭
2026-03-17 18:31:00.007  INFO 8308 --- [scheduling-1] eden.service.task.OrderTask              : 开始执行订单超时关闭任务...
2026-03-17 18:31:00.015  INFO 8308 --- [scheduling-1] eden.service.task.OrderTask              : 没有超时订单需要关闭
2026-03-17 18:32:00.007  INFO 8308 --- [scheduling-1] eden.service.task.OrderTask              : 开始执行订单超时关闭任务...
2026-03-17 18:32:00.026  INFO 8308 --- [scheduling-1] eden.service.task.OrderTask              : 没有超时订单需要关闭
2026-03-17 18:33:00.007  INFO 8308 --- [scheduling-1] eden.service.task.OrderTask              : 开始执行订单超时关闭任务...
2026-03-17 18:33:00.030  INFO 8308 --- [scheduling-1] eden.service.task.OrderTask              : 没有超时订单需要关闭
2026-03-17 18:34:00.015  INFO 8308 --- [scheduling-1] eden.service.task.OrderTask              : 开始执行订单超时关闭任务...
2026-03-17 18:34:00.023  INFO 8308 --- [scheduling-1] eden.service.task.OrderTask              : 没有超时订单需要关闭
2026-03-17 18:35:00.013  INFO 8308 --- [scheduling-1] eden.service.task.OrderTask              : 开始执行订单超时关闭任务...
2026-03-17 18:35:00.030  INFO 8308 --- [scheduling-1] eden.service.task.OrderTask              : 没有超时订单需要关闭
2026-03-17 18:35:00.031  INFO 8308 --- [scheduling-1] eden.service.task.PromotionTask          : 开始更新已结束的秒杀活动状态...
2026-03-17 18:36:00.002  INFO 8308 --- [scheduling-1] eden.service.task.OrderTask              : 开始执行订单超时关闭任务...
2026-03-17 18:36:00.011  INFO 8308 --- [scheduling-1] eden.service.task.OrderTask              : 没有超时订单需要关闭
2026-03-17 18:37:00.008  INFO 8308 --- [scheduling-1] eden.service.task.OrderTask              : 开始执行订单超时关闭任务...
2026-03-17 18:37:00.015  INFO 8308 --- [scheduling-1] eden.service.task.OrderTask              : 没有超时订单需要关闭
2026-03-17 18:38:00.013  INFO 8308 --- [scheduling-1] eden.service.task.OrderTask              : 开始执行订单超时关闭任务...
2026-03-17 18:38:00.020  INFO 8308 --- [scheduling-1] eden.service.task.OrderTask              : 没有超时订单需要关闭
2026-03-17 18:39:00.012  INFO 8308 --- [scheduling-1] eden.service.task.OrderTask              : 开始执行订单超时关闭任务...
2026-03-17 18:39:00.025  INFO 8308 --- [scheduling-1] eden.service.task.OrderTask              : 没有超时订单需要关闭
2026-03-17 18:39:57.373  INFO 8308 --- [org.springframework.amqp.rabbit.RabbitListenerEndpointContainer#2-15] o.s.a.r.l.SimpleMessageListenerContainer : Restarting Consumer@6480646c: tags=[[amq.ctag-3qgQ884_NLbitCbKK4n3fQ]], channel=Cached Rabbit Channel: PublisherCallbackChannelImpl: AMQChannel(amqp://user@127.0.0.1:5672/,7), conn: Proxy@2b39e77d Shared Rabbit Connection: SimpleConnection@7fb84ef7 [delegate=amqp://user@127.0.0.1:5672/, localPort= 9159], acknowledgeMode=MANUAL local queue size=0
2026-03-17 18:39:57.470  INFO 8308 --- [org.springframework.amqp.rabbit.RabbitListenerEndpointContainer#2-16] e.service.listener.OrderMessageListener  : 收到订单支付成功消息，订单ID: 2025121713395639540001
2026-03-17 18:40:00.011  INFO 8308 --- [scheduling-1] eden.service.task.OrderTask              : 开始执行订单超时关闭任务...
2026-03-17 18:40:00.019  INFO 8308 --- [scheduling-1] eden.service.task.OrderTask              : 没有超时订单需要关闭
2026-03-17 18:40:00.020  INFO 8308 --- [scheduling-1] eden.service.task.PromotionTask          : 开始更新已结束的秒杀活动状态...
2026-03-17 18:41:00.007  INFO 8308 --- [scheduling-1] eden.service.task.OrderTask              : 开始执行订单超时关闭任务...
2026-03-17 18:41:00.023  INFO 8308 --- [scheduling-1] eden.service.task.OrderTask              : 没有超时订单需要关闭
2026-03-17 18:42:00.005  INFO 8308 --- [scheduling-1] eden.service.task.OrderTask              : 开始执行订单超时关闭任务...
2026-03-17 18:42:00.014  INFO 8308 --- [scheduling-1] eden.service.task.OrderTask              : 没有超时订单需要关闭
2026-03-17 18:43:00.012  INFO 8308 --- [scheduling-1] eden.service.task.OrderTask              : 开始执行订单超时关闭任务...
2026-03-17 18:43:00.019  INFO 8308 --- [scheduling-1] eden.service.task.OrderTask              : 没有超时订单需要关闭
2026-03-17 18:44:00.002  INFO 8308 --- [scheduling-1] eden.service.task.OrderTask              : 开始执行订单超时关闭任务...
2026-03-17 18:44:00.012  INFO 8308 --- [scheduling-1] eden.service.task.OrderTask              : 没有超时订单需要关闭
2026-03-17 18:45:00.007  INFO 8308 --- [scheduling-1] eden.service.task.OrderTask              : 开始执行订单超时关闭任务...
2026-03-17 18:45:00.013  INFO 8308 --- [scheduling-1] eden.service.task.OrderTask              : 没有超时订单需要关闭
2026-03-17 18:45:00.014  INFO 8308 --- [scheduling-1] eden.service.task.PromotionTask          : 开始更新已结束的秒杀活动状态...
2026-03-17 18:46:00.010  INFO 8308 --- [scheduling-1] eden.service.task.OrderTask              : 开始执行订单超时关闭任务...
2026-03-17 18:46:00.019  INFO 8308 --- [scheduling-1] eden.service.task.OrderTask              : 没有超时订单需要关闭
2026-03-17 18:47:00.014  INFO 8308 --- [scheduling-1] eden.service.task.OrderTask              : 开始执行订单超时关闭任务...
2026-03-17 18:47:00.022  INFO 8308 --- [scheduling-1] eden.service.task.OrderTask              : 没有超时订单需要关闭
2026-03-17 18:48:00.006  INFO 8308 --- [scheduling-1] eden.service.task.OrderTask              : 开始执行订单超时关闭任务...
2026-03-17 18:48:00.013  INFO 8308 --- [scheduling-1] eden.service.task.OrderTask              : 没有超时订单需要关闭
2026-03-17 18:49:00.002  INFO 8308 --- [scheduling-1] eden.service.task.OrderTask              : 开始执行订单超时关闭任务...
2026-03-17 18:49:00.010  INFO 8308 --- [scheduling-1] eden.service.task.OrderTask              : 没有超时订单需要关闭
2026-03-17 18:50:00.013  INFO 8308 --- [scheduling-1] eden.service.task.OrderTask              : 开始执行订单超时关闭任务...
2026-03-17 18:50:00.020  INFO 8308 --- [scheduling-1] eden.service.task.OrderTask              : 没有超时订单需要关闭
2026-03-17 18:50:00.020  INFO 8308 --- [scheduling-1] eden.service.task.PromotionTask          : 开始更新已结束的秒杀活动状态...
2026-03-17 18:51:00.007  INFO 8308 --- [scheduling-1] eden.service.task.OrderTask              : 开始执行订单超时关闭任务...
2026-03-17 18:51:00.014  INFO 8308 --- [scheduling-1] eden.service.task.OrderTask              : 没有超时订单需要关闭
2026-03-17 18:52:00.013  INFO 8308 --- [scheduling-1] eden.service.task.OrderTask              : 开始执行订单超时关闭任务...
2026-03-17 18:52:00.023  INFO 8308 --- [scheduling-1] eden.service.task.OrderTask              : 没有超时订单需要关闭
2026-03-17 18:53:00.012  INFO 8308 --- [scheduling-1] eden.service.task.OrderTask              : 开始执行订单超时关闭任务...
2026-03-17 18:53:00.018  INFO 8308 --- [scheduling-1] eden.service.task.OrderTask              : 没有超时订单需要关闭
2026-03-17 18:54:00.004  INFO 8308 --- [scheduling-1] eden.service.task.OrderTask              : 开始执行订单超时关闭任务...
2026-03-17 18:54:00.010  INFO 8308 --- [scheduling-1] eden.service.task.OrderTask              : 没有超时订单需要关闭
2026-03-17 18:55:00.008  INFO 8308 --- [scheduling-1] eden.service.task.OrderTask              : 开始执行订单超时关闭任务...
2026-03-17 18:55:00.015  INFO 8308 --- [scheduling-1] eden.service.task.OrderTask              : 没有超时订单需要关闭
2026-03-17 18:55:00.015  INFO 8308 --- [scheduling-1] eden.service.task.PromotionTask          : 开始更新已结束的秒杀活动状态...
2026-03-17 18:56:00.010  INFO 8308 --- [scheduling-1] eden.service.task.OrderTask              : 开始执行订单超时关闭任务...
2026-03-17 18:56:00.017  INFO 8308 --- [scheduling-1] eden.service.task.OrderTask              : 没有超时订单需要关闭
2026-03-17 18:57:00.004  INFO 8308 --- [scheduling-1] eden.service.task.OrderTask              : 开始执行订单超时关闭任务...
2026-03-17 18:57:00.011  INFO 8308 --- [scheduling-1] eden.service.task.OrderTask              : 没有超时订单需要关闭
2026-03-17 18:58:00.008  INFO 8308 --- [scheduling-1] eden.service.task.OrderTask              : 开始执行订单超时关闭任务...
2026-03-17 18:58:00.014  INFO 8308 --- [scheduling-1] eden.service.task.OrderTask              : 没有超时订单需要关闭
2026-03-17 18:59:00.000  INFO 8308 --- [scheduling-1] eden.service.task.OrderTask              : 开始执行订单超时关闭任务...
2026-03-17 18:59:00.009  INFO 8308 --- [scheduling-1] eden.service.task.OrderTask              : 没有超时订单需要关闭
2026-03-17 19:00:00.004  INFO 8308 --- [scheduling-1] eden.service.task.PromotionTask          : 开始更新已结束的秒杀活动状态...
2026-03-17 19:00:00.017  INFO 8308 --- [scheduling-1] eden.service.task.OrderTask              : 开始执行订单超时关闭任务...
2026-03-17 19:00:00.023  INFO 8308 --- [scheduling-1] eden.service.task.OrderTask              : 没有超时订单需要关闭
2026-03-17 19:01:00.002  INFO 8308 --- [scheduling-1] eden.service.task.OrderTask              : 开始执行订单超时关闭任务...
2026-03-17 19:01:00.019  INFO 8308 --- [scheduling-1] eden.service.task.OrderTask              : 没有超时订单需要关闭
2026-03-17 19:02:00.011  INFO 8308 --- [scheduling-1] eden.service.task.OrderTask              : 开始执行订单超时关闭任务...
2026-03-17 19:02:00.034  INFO 8308 --- [scheduling-1] eden.service.task.OrderTask              : 没有超时订单需要关闭
2026-03-17 19:03:00.007  INFO 8308 --- [scheduling-1] eden.service.task.OrderTask              : 开始执行订单超时关闭任务...
2026-03-17 19:03:00.019  INFO 8308 --- [scheduling-1] eden.service.task.OrderTask              : 没有超时订单需要关闭
2026-03-17 19:04:00.006  INFO 8308 --- [scheduling-1] eden.service.task.OrderTask              : 开始执行订单超时关闭任务...
2026-03-17 19:04:00.023  INFO 8308 --- [scheduling-1] eden.service.task.OrderTask              : 没有超时订单需要关闭
2026-03-17 19:05:00.013  INFO 8308 --- [scheduling-1] eden.service.task.OrderTask              : 开始执行订单超时关闭任务...
2026-03-17 19:05:00.024  INFO 8308 --- [scheduling-1] eden.service.task.OrderTask              : 没有超时订单需要关闭
2026-03-17 19:05:00.024  INFO 8308 --- [scheduling-1] eden.service.task.PromotionTask          : 开始更新已结束的秒杀活动状态...
2026-03-17 19:06:00.008  INFO 8308 --- [scheduling-1] eden.service.task.OrderTask              : 开始执行订单超时关闭任务...
2026-03-17 19:06:00.027  INFO 8308 --- [scheduling-1] eden.service.task.OrderTask              : 没有超时订单需要关闭
2026-03-17 19:07:00.013  INFO 8308 --- [scheduling-1] eden.service.task.OrderTask              : 开始执行订单超时关闭任务...
2026-03-17 19:07:00.022  INFO 8308 --- [scheduling-1] eden.service.task.OrderTask              : 没有超时订单需要关闭
2026-03-17 19:08:00.002  INFO 8308 --- [scheduling-1] eden.service.task.OrderTask              : 开始执行订单超时关闭任务...
2026-03-17 19:08:00.009  INFO 8308 --- [scheduling-1] eden.service.task.OrderTask              : 没有超时订单需要关闭
2026-03-17 19:09:00.001  INFO 8308 --- [scheduling-1] eden.service.task.OrderTask              : 开始执行订单超时关闭任务...
2026-03-17 19:09:00.009  INFO 8308 --- [scheduling-1] eden.service.task.OrderTask              : 没有超时订单需要关闭
2026-03-17 19:09:58.408  INFO 8308 --- [org.springframework.amqp.rabbit.RabbitListenerEndpointContainer#2-16] o.s.a.r.l.SimpleMessageListenerContainer : Restarting Consumer@73f2a629: tags=[[amq.ctag-l-DlnIZl2wWVv5znT_iXcg]], channel=Cached Rabbit Channel: PublisherCallbackChannelImpl: AMQChannel(amqp://user@127.0.0.1:5672/,7), conn: Proxy@2b39e77d Shared Rabbit Connection: SimpleConnection@7fb84ef7 [delegate=amqp://user@127.0.0.1:5672/, localPort= 9159], acknowledgeMode=MANUAL local queue size=0
2026-03-17 19:09:58.514  INFO 8308 --- [org.springframework.amqp.rabbit.RabbitListenerEndpointContainer#2-17] e.service.listener.OrderMessageListener  : 收到订单支付成功消息，订单ID: 2025121713395639540001
2026-03-17 19:10:00.013  INFO 8308 --- [scheduling-1] eden.service.task.PromotionTask          : 开始更新已结束的秒杀活动状态...
2026-03-17 19:10:00.027  INFO 8308 --- [scheduling-1] eden.service.task.OrderTask              : 开始执行订单超时关闭任务...
2026-03-17 19:10:00.031  INFO 8308 --- [scheduling-1] eden.service.task.OrderTask              : 没有超时订单需要关闭
2026-03-17 19:11:00.011  INFO 8308 --- [scheduling-1] eden.service.task.OrderTask              : 开始执行订单超时关闭任务...
2026-03-17 19:11:00.017  INFO 8308 --- [scheduling-1] eden.service.task.OrderTask              : 没有超时订单需要关闭
2026-03-17 19:12:00.016  INFO 8308 --- [scheduling-1] eden.service.task.OrderTask              : 开始执行订单超时关闭任务...
2026-03-17 19:12:00.023  INFO 8308 --- [scheduling-1] eden.service.task.OrderTask              : 没有超时订单需要关闭
2026-03-17 19:13:00.015  INFO 8308 --- [scheduling-1] eden.service.task.OrderTask              : 开始执行订单超时关闭任务...
2026-03-17 19:13:00.024  INFO 8308 --- [scheduling-1] eden.service.task.OrderTask              : 没有超时订单需要关闭
2026-03-17 19:14:00.003  INFO 8308 --- [scheduling-1] eden.service.task.OrderTask              : 开始执行订单超时关闭任务...
2026-03-17 19:14:00.012  INFO 8308 --- [scheduling-1] eden.service.task.OrderTask              : 没有超时订单需要关闭
2026-03-17 19:15:00.007  INFO 8308 --- [scheduling-1] eden.service.task.PromotionTask          : 开始更新已结束的秒杀活动状态...
2026-03-17 19:15:00.034  INFO 8308 --- [scheduling-1] eden.service.task.OrderTask              : 开始执行订单超时关闭任务...
2026-03-17 19:15:00.042  INFO 8308 --- [scheduling-1] eden.service.task.OrderTask              : 没有超时订单需要关闭
2026-03-17 19:16:00.014  INFO 8308 --- [scheduling-1] eden.service.task.OrderTask              : 开始执行订单超时关闭任务...
2026-03-17 19:16:00.020  INFO 8308 --- [scheduling-1] eden.service.task.OrderTask              : 没有超时订单需要关闭
2026-03-17 19:17:00.014  INFO 8308 --- [scheduling-1] eden.service.task.OrderTask              : 开始执行订单超时关闭任务...
2026-03-17 19:17:00.020  INFO 8308 --- [scheduling-1] eden.service.task.OrderTask              : 没有超时订单需要关闭
2026-03-17 19:18:00.010  INFO 8308 --- [scheduling-1] eden.service.task.OrderTask              : 开始执行订单超时关闭任务...
2026-03-17 19:18:00.015  INFO 8308 --- [scheduling-1] eden.service.task.OrderTask              : 没有超时订单需要关闭
2026-03-17 19:19:00.014  INFO 8308 --- [scheduling-1] eden.service.task.OrderTask              : 开始执行订单超时关闭任务...
2026-03-17 19:19:00.020  INFO 8308 --- [scheduling-1] eden.service.task.OrderTask              : 没有超时订单需要关闭
2026-03-17 19:20:00.001  INFO 8308 --- [scheduling-1] eden.service.task.OrderTask              : 开始执行订单超时关闭任务...
2026-03-17 19:20:00.008  INFO 8308 --- [scheduling-1] eden.service.task.OrderTask              : 没有超时订单需要关闭
2026-03-17 19:20:00.008  INFO 8308 --- [scheduling-1] eden.service.task.PromotionTask          : 开始更新已结束的秒杀活动状态...
2026-03-17 19:21:00.004  INFO 8308 --- [scheduling-1] eden.service.task.OrderTask              : 开始执行订单超时关闭任务...
2026-03-17 19:21:00.011  INFO 8308 --- [scheduling-1] eden.service.task.OrderTask              : 没有超时订单需要关闭
2026-03-17 19:22:00.008  INFO 8308 --- [scheduling-1] eden.service.task.OrderTask              : 开始执行订单超时关闭任务...
2026-03-17 19:22:00.025  INFO 8308 --- [scheduling-1] eden.service.task.OrderTask              : 没有超时订单需要关闭
2026-03-17 19:23:00.009  INFO 8308 --- [scheduling-1] eden.service.task.OrderTask              : 开始执行订单超时关闭任务...
2026-03-17 19:23:00.016  INFO 8308 --- [scheduling-1] eden.service.task.OrderTask              : 没有超时订单需要关闭
2026-03-17 19:24:00.014  INFO 8308 --- [scheduling-1] eden.service.task.OrderTask              : 开始执行订单超时关闭任务...
2026-03-17 19:24:00.021  INFO 8308 --- [scheduling-1] eden.service.task.OrderTask              : 没有超时订单需要关闭
2026-03-17 19:25:00.010  INFO 8308 --- [scheduling-1] eden.service.task.OrderTask              : 开始执行订单超时关闭任务...
2026-03-17 19:25:00.017  INFO 8308 --- [scheduling-1] eden.service.task.OrderTask              : 没有超时订单需要关闭
2026-03-17 19:25:00.017  INFO 8308 --- [scheduling-1] eden.service.task.PromotionTask          : 开始更新已结束的秒杀活动状态...
2026-03-17 19:26:00.014  INFO 8308 --- [scheduling-1] eden.service.task.OrderTask              : 开始执行订单超时关闭任务...
2026-03-17 19:26:00.022  INFO 8308 --- [scheduling-1] eden.service.task.OrderTask              : 没有超时订单需要关闭
2026-03-17 19:27:00.000  INFO 8308 --- [scheduling-1] eden.service.task.OrderTask              : 开始执行订单超时关闭任务...
2026-03-17 19:27:00.009  INFO 8308 --- [scheduling-1] eden.service.task.OrderTask              : 没有超时订单需要关闭
2026-03-17 19:28:00.001  INFO 8308 --- [scheduling-1] eden.service.task.OrderTask              : 开始执行订单超时关闭任务...
2026-03-17 19:28:00.009  INFO 8308 --- [scheduling-1] eden.service.task.OrderTask              : 没有超时订单需要关闭
2026-03-17 19:29:00.015  INFO 8308 --- [scheduling-1] eden.service.task.OrderTask              : 开始执行订单超时关闭任务...
2026-03-17 19:29:00.021  INFO 8308 --- [scheduling-1] eden.service.task.OrderTask              : 没有超时订单需要关闭
2026-03-17 19:30:00.009  INFO 8308 --- [scheduling-1] eden.service.task.OrderTask              : 开始执行订单超时关闭任务...
2026-03-17 19:30:00.015  INFO 8308 --- [scheduling-1] eden.service.task.OrderTask              : 没有超时订单需要关闭
2026-03-17 19:30:00.016  INFO 8308 --- [scheduling-1] eden.service.task.PromotionTask          : 开始更新已结束的秒杀活动状态...
2026-03-17 19:31:00.001  INFO 8308 --- [scheduling-1] eden.service.task.OrderTask              : 开始执行订单超时关闭任务...
2026-03-17 19:31:00.014  INFO 8308 --- [scheduling-1] eden.service.task.OrderTask              : 没有超时订单需要关闭
2026-03-17 19:32:00.004  INFO 8308 --- [scheduling-1] eden.service.task.OrderTask              : 开始执行订单超时关闭任务...
2026-03-17 19:32:00.025  INFO 8308 --- [scheduling-1] eden.service.task.OrderTask              : 没有超时订单需要关闭
2026-03-17 19:33:00.009  INFO 8308 --- [scheduling-1] eden.service.task.OrderTask              : 开始执行订单超时关闭任务...
2026-03-17 19:33:00.015  INFO 8308 --- [scheduling-1] eden.service.task.OrderTask              : 没有超时订单需要关闭
2026-03-17 19:34:00.003  INFO 8308 --- [scheduling-1] eden.service.task.OrderTask              : 开始执行订单超时关闭任务...
2026-03-17 19:34:00.013  INFO 8308 --- [scheduling-1] eden.service.task.OrderTask              : 没有超时订单需要关闭
2026-03-17 19:35:00.006  INFO 8308 --- [scheduling-1] eden.service.task.PromotionTask          : 开始更新已结束的秒杀活动状态...
2026-03-17 19:35:00.029  INFO 8308 --- [scheduling-1] eden.service.task.OrderTask              : 开始执行订单超时关闭任务...
2026-03-17 19:35:00.033  INFO 8308 --- [scheduling-1] eden.service.task.OrderTask              : 没有超时订单需要关闭
2026-03-17 19:36:00.007  INFO 8308 --- [scheduling-1] eden.service.task.OrderTask              : 开始执行订单超时关闭任务...
2026-03-17 19:36:00.015  INFO 8308 --- [scheduling-1] eden.service.task.OrderTask              : 没有超时订单需要关闭
2026-03-17 19:37:00.004  INFO 8308 --- [scheduling-1] eden.service.task.OrderTask              : 开始执行订单超时关闭任务...
2026-03-17 19:37:00.011  INFO 8308 --- [scheduling-1] eden.service.task.OrderTask              : 没有超时订单需要关闭
2026-03-17 19:38:00.001  INFO 8308 --- [scheduling-1] eden.service.task.OrderTask              : 开始执行订单超时关闭任务...
2026-03-17 19:38:00.008  INFO 8308 --- [scheduling-1] eden.service.task.OrderTask              : 没有超时订单需要关闭
2026-03-17 19:39:00.010  INFO 8308 --- [scheduling-1] eden.service.task.OrderTask              : 开始执行订单超时关闭任务...
2026-03-17 19:39:00.022  INFO 8308 --- [scheduling-1] eden.service.task.OrderTask              : 没有超时订单需要关闭
2026-03-17 19:39:59.408  INFO 8308 --- [org.springframework.amqp.rabbit.RabbitListenerEndpointContainer#2-17] o.s.a.r.l.SimpleMessageListenerContainer : Restarting Consumer@64626640: tags=[[amq.ctag-QBpc46ktxsxn5exfeQ7CSA]], channel=Cached Rabbit Channel: PublisherCallbackChannelImpl: AMQChannel(amqp://user@127.0.0.1:5672/,7), conn: Proxy@2b39e77d Shared Rabbit Connection: SimpleConnection@7fb84ef7 [delegate=amqp://user@127.0.0.1:5672/, localPort= 9159], acknowledgeMode=MANUAL local queue size=0
2026-03-17 19:39:59.429  INFO 8308 --- [org.springframework.amqp.rabbit.RabbitListenerEndpointContainer#2-18] e.service.listener.OrderMessageListener  : 收到订单支付成功消息，订单ID: 2025121713395639540001
2026-03-17 19:40:00.006  INFO 8308 --- [scheduling-1] eden.service.task.PromotionTask          : 开始更新已结束的秒杀活动状态...
2026-03-17 19:40:00.016  INFO 8308 --- [scheduling-1] eden.service.task.OrderTask              : 开始执行订单超时关闭任务...
2026-03-17 19:40:00.020  INFO 8308 --- [scheduling-1] eden.service.task.OrderTask              : 没有超时订单需要关闭
2026-03-17 19:41:00.011  INFO 8308 --- [scheduling-1] eden.service.task.OrderTask              : 开始执行订单超时关闭任务...
2026-03-17 19:41:00.020  INFO 8308 --- [scheduling-1] eden.service.task.OrderTask              : 没有超时订单需要关闭
2026-03-17 19:42:00.007  INFO 8308 --- [scheduling-1] eden.service.task.OrderTask              : 开始执行订单超时关闭任务...
2026-03-17 19:42:00.015  INFO 8308 --- [scheduling-1] eden.service.task.OrderTask              : 没有超时订单需要关闭
2026-03-17 19:43:00.004  INFO 8308 --- [scheduling-1] eden.service.task.OrderTask              : 开始执行订单超时关闭任务...
2026-03-17 19:43:00.010  INFO 8308 --- [scheduling-1] eden.service.task.OrderTask              : 没有超时订单需要关闭
2026-03-17 19:44:00.014  INFO 8308 --- [scheduling-1] eden.service.task.OrderTask              : 开始执行订单超时关闭任务...
2026-03-17 19:44:00.020  INFO 8308 --- [scheduling-1] eden.service.task.OrderTask              : 没有超时订单需要关闭
2026-03-17 19:45:00.015  INFO 8308 --- [scheduling-1] eden.service.task.OrderTask              : 开始执行订单超时关闭任务...
2026-03-17 19:45:00.020  INFO 8308 --- [scheduling-1] eden.service.task.OrderTask              : 没有超时订单需要关闭
2026-03-17 19:45:00.020  INFO 8308 --- [scheduling-1] eden.service.task.PromotionTask          : 开始更新已结束的秒杀活动状态...
2026-03-17 19:46:00.002  INFO 8308 --- [scheduling-1] eden.service.task.OrderTask              : 开始执行订单超时关闭任务...
2026-03-17 19:46:00.010  INFO 8308 --- [scheduling-1] eden.service.task.OrderTask              : 没有超时订单需要关闭
2026-03-17 19:47:00.006  INFO 8308 --- [scheduling-1] eden.service.task.OrderTask              : 开始执行订单超时关闭任务...
2026-03-17 19:47:00.013  INFO 8308 --- [scheduling-1] eden.service.task.OrderTask              : 没有超时订单需要关闭
2026-03-17 19:48:00.011  INFO 8308 --- [scheduling-1] eden.service.task.OrderTask              : 开始执行订单超时关闭任务...
2026-03-17 19:48:00.017  INFO 8308 --- [scheduling-1] eden.service.task.OrderTask              : 没有超时订单需要关闭
2026-03-17 19:49:00.014  INFO 8308 --- [scheduling-1] eden.service.task.OrderTask              : 开始执行订单超时关闭任务...
2026-03-17 19:49:00.021  INFO 8308 --- [scheduling-1] eden.service.task.OrderTask              : 没有超时订单需要关闭
2026-03-17 19:50:00.012  INFO 8308 --- [scheduling-1] eden.service.task.PromotionTask          : 开始更新已结束的秒杀活动状态...
2026-03-17 19:50:00.019  INFO 8308 --- [scheduling-1] eden.service.task.OrderTask              : 开始执行订单超时关闭任务...
2026-03-17 19:50:00.022  INFO 8308 --- [scheduling-1] eden.service.task.OrderTask              : 没有超时订单需要关闭
2026-03-17 19:51:00.010  INFO 8308 --- [scheduling-1] eden.service.task.OrderTask              : 开始执行订单超时关闭任务...
2026-03-17 19:51:00.017  INFO 8308 --- [scheduling-1] eden.service.task.OrderTask              : 没有超时订单需要关闭
2026-03-17 19:52:00.012  INFO 8308 --- [scheduling-1] eden.service.task.OrderTask              : 开始执行订单超时关闭任务...
2026-03-17 19:52:00.018  INFO 8308 --- [scheduling-1] eden.service.task.OrderTask              : 没有超时订单需要关闭
2026-03-17 19:53:00.008  INFO 8308 --- [scheduling-1] eden.service.task.OrderTask              : 开始执行订单超时关闭任务...
2026-03-17 19:53:00.014  INFO 8308 --- [scheduling-1] eden.service.task.OrderTask              : 没有超时订单需要关闭
2026-03-17 19:54:00.005  INFO 8308 --- [scheduling-1] eden.service.task.OrderTask              : 开始执行订单超时关闭任务...
2026-03-17 19:54:00.013  INFO 8308 --- [scheduling-1] eden.service.task.OrderTask              : 没有超时订单需要关闭
2026-03-17 19:55:00.011  INFO 8308 --- [scheduling-1] eden.service.task.PromotionTask          : 开始更新已结束的秒杀活动状态...
2026-03-17 19:55:00.019  INFO 8308 --- [scheduling-1] eden.service.task.OrderTask              : 开始执行订单超时关闭任务...
2026-03-17 19:55:00.023  INFO 8308 --- [scheduling-1] eden.service.task.OrderTask              : 没有超时订单需要关闭
2026-03-17 19:56:00.010  INFO 8308 --- [scheduling-1] eden.service.task.OrderTask              : 开始执行订单超时关闭任务...
2026-03-17 19:56:00.015  INFO 8308 --- [scheduling-1] eden.service.task.OrderTask              : 没有超时订单需要关闭
2026-03-17 19:57:00.011  INFO 8308 --- [scheduling-1] eden.service.task.OrderTask              : 开始执行订单超时关闭任务...
2026-03-17 19:57:00.019  INFO 8308 --- [scheduling-1] eden.service.task.OrderTask              : 没有超时订单需要关闭
2026-03-17 19:58:00.004  INFO 8308 --- [scheduling-1] eden.service.task.OrderTask              : 开始执行订单超时关闭任务...
2026-03-17 19:58:00.014  INFO 8308 --- [scheduling-1] eden.service.task.OrderTask              : 没有超时订单需要关闭
2026-03-17 19:59:00.010  INFO 8308 --- [scheduling-1] eden.service.task.OrderTask              : 开始执行订单超时关闭任务...
2026-03-17 19:59:00.022  INFO 8308 --- [scheduling-1] eden.service.task.OrderTask              : 没有超时订单需要关闭
2026-03-17 20:00:00.006  INFO 8308 --- [scheduling-1] eden.service.task.PromotionTask          : 开始更新已结束的秒杀活动状态...
2026-03-17 20:00:00.024  INFO 8308 --- [scheduling-1] eden.service.task.OrderTask              : 开始执行订单超时关闭任务...
2026-03-17 20:00:00.029  INFO 8308 --- [scheduling-1] eden.service.task.OrderTask              : 没有超时订单需要关闭
2026-03-17 20:01:00.008  INFO 8308 --- [scheduling-1] eden.service.task.OrderTask              : 开始执行订单超时关闭任务...
2026-03-17 20:01:00.017  INFO 8308 --- [scheduling-1] eden.service.task.OrderTask              : 没有超时订单需要关闭
2026-03-17 20:02:00.007  INFO 8308 --- [scheduling-1] eden.service.task.OrderTask              : 开始执行订单超时关闭任务...
2026-03-17 20:02:00.024  INFO 8308 --- [scheduling-1] eden.service.task.OrderTask              : 没有超时订单需要关闭
2026-03-17 20:03:00.001  INFO 8308 --- [scheduling-1] eden.service.task.OrderTask              : 开始执行订单超时关闭任务...
2026-03-17 20:03:00.007  INFO 8308 --- [scheduling-1] eden.service.task.OrderTask              : 没有超时订单需要关闭
2026-03-17 20:04:00.015  INFO 8308 --- [scheduling-1] eden.service.task.OrderTask              : 开始执行订单超时关闭任务...
2026-03-17 20:04:00.020  INFO 8308 --- [scheduling-1] eden.service.task.OrderTask              : 没有超时订单需要关闭
2026-03-17 20:05:00.001  INFO 8308 --- [scheduling-1] eden.service.task.OrderTask              : 开始执行订单超时关闭任务...
2026-03-17 20:05:00.007  INFO 8308 --- [scheduling-1] eden.service.task.OrderTask              : 没有超时订单需要关闭
2026-03-17 20:05:00.008  INFO 8308 --- [scheduling-1] eden.service.task.PromotionTask          : 开始更新已结束的秒杀活动状态...
2026-03-17 20:06:00.012  INFO 8308 --- [scheduling-1] eden.service.task.OrderTask              : 开始执行订单超时关闭任务...
2026-03-17 20:06:00.023  INFO 8308 --- [scheduling-1] eden.service.task.OrderTask              : 没有超时订单需要关闭
2026-03-17 20:07:00.003  INFO 8308 --- [scheduling-1] eden.service.task.OrderTask              : 开始执行订单超时关闭任务...
2026-03-17 20:07:00.009  INFO 8308 --- [scheduling-1] eden.service.task.OrderTask              : 没有超时订单需要关闭
2026-03-17 20:08:00.001  INFO 8308 --- [scheduling-1] eden.service.task.OrderTask              : 开始执行订单超时关闭任务...
2026-03-17 20:08:00.008  INFO 8308 --- [scheduling-1] eden.service.task.OrderTask              : 没有超时订单需要关闭
2026-03-17 20:09:00.011  INFO 8308 --- [scheduling-1] eden.service.task.OrderTask              : 开始执行订单超时关闭任务...
2026-03-17 20:09:00.018  INFO 8308 --- [scheduling-1] eden.service.task.OrderTask              : 没有超时订单需要关闭
2026-03-17 20:10:00.010  INFO 8308 --- [scheduling-1] eden.service.task.PromotionTask          : 开始更新已结束的秒杀活动状态...
2026-03-17 20:10:00.020  INFO 8308 --- [scheduling-1] eden.service.task.OrderTask              : 开始执行订单超时关闭任务...
2026-03-17 20:10:00.023  INFO 8308 --- [scheduling-1] eden.service.task.OrderTask              : 没有超时订单需要关闭
2026-03-17 20:10:00.117  INFO 8308 --- [org.springframework.amqp.rabbit.RabbitListenerEndpointContainer#2-18] o.s.a.r.l.SimpleMessageListenerContainer : Restarting Consumer@2f8809f5: tags=[[amq.ctag-_qeIo-lowERCwA3vYosIOg]], channel=Cached Rabbit Channel: PublisherCallbackChannelImpl: AMQChannel(amqp://user@127.0.0.1:5672/,7), conn: Proxy@2b39e77d Shared Rabbit Connection: SimpleConnection@7fb84ef7 [delegate=amqp://user@127.0.0.1:5672/, localPort= 9159], acknowledgeMode=MANUAL local queue size=0
2026-03-17 20:10:00.137  INFO 8308 --- [org.springframework.amqp.rabbit.RabbitListenerEndpointContainer#2-19] e.service.listener.OrderMessageListener  : 收到订单支付成功消息，订单ID: 2025121713395639540001
2026-03-17 20:11:00.013  INFO 8308 --- [scheduling-1] eden.service.task.OrderTask              : 开始执行订单超时关闭任务...
2026-03-17 20:11:00.019  INFO 8308 --- [scheduling-1] eden.service.task.OrderTask              : 没有超时订单需要关闭
2026-03-17 20:12:00.014  INFO 8308 --- [scheduling-1] eden.service.task.OrderTask              : 开始执行订单超时关闭任务...
2026-03-17 20:12:00.020  INFO 8308 --- [scheduling-1] eden.service.task.OrderTask              : 没有超时订单需要关闭
2026-03-17 20:13:00.012  INFO 8308 --- [scheduling-1] eden.service.task.OrderTask              : 开始执行订单超时关闭任务...
2026-03-17 20:13:00.017  INFO 8308 --- [scheduling-1] eden.service.task.OrderTask              : 没有超时订单需要关闭
2026-03-17 20:14:00.014  INFO 8308 --- [scheduling-1] eden.service.task.OrderTask              : 开始执行订单超时关闭任务...
2026-03-17 20:14:00.022  INFO 8308 --- [scheduling-1] eden.service.task.OrderTask              : 没有超时订单需要关闭
2026-03-17 20:15:00.008  INFO 8308 --- [scheduling-1] eden.service.task.OrderTask              : 开始执行订单超时关闭任务...
2026-03-17 20:15:00.019  INFO 8308 --- [scheduling-1] eden.service.task.OrderTask              : 没有超时订单需要关闭
2026-03-17 20:15:00.019  INFO 8308 --- [scheduling-1] eden.service.task.PromotionTask          : 开始更新已结束的秒杀活动状态...
2026-03-17 20:16:00.011  INFO 8308 --- [scheduling-1] eden.service.task.OrderTask              : 开始执行订单超时关闭任务...
2026-03-17 20:16:00.025  INFO 8308 --- [scheduling-1] eden.service.task.OrderTask              : 没有超时订单需要关闭
2026-03-17 20:17:00.009  INFO 8308 --- [scheduling-1] eden.service.task.OrderTask              : 开始执行订单超时关闭任务...
2026-03-17 20:17:00.027  INFO 8308 --- [scheduling-1] eden.service.task.OrderTask              : 没有超时订单需要关闭
2026-03-17 20:18:00.005  INFO 8308 --- [scheduling-1] eden.service.task.OrderTask              : 开始执行订单超时关闭任务...
2026-03-17 20:18:00.015  INFO 8308 --- [scheduling-1] eden.service.task.OrderTask              : 没有超时订单需要关闭
2026-03-17 20:19:00.003  INFO 8308 --- [scheduling-1] eden.service.task.OrderTask              : 开始执行订单超时关闭任务...
2026-03-17 20:19:00.009  INFO 8308 --- [scheduling-1] eden.service.task.OrderTask              : 没有超时订单需要关闭
2026-03-17 20:20:00.013  INFO 8308 --- [scheduling-1] eden.service.task.OrderTask              : 开始执行订单超时关闭任务...
2026-03-17 20:20:00.019  INFO 8308 --- [scheduling-1] eden.service.task.OrderTask              : 没有超时订单需要关闭
2026-03-17 20:20:00.019  INFO 8308 --- [scheduling-1] eden.service.task.PromotionTask          : 开始更新已结束的秒杀活动状态...
2026-03-17 20:21:00.005  INFO 8308 --- [scheduling-1] eden.service.task.OrderTask              : 开始执行订单超时关闭任务...
2026-03-17 20:21:00.011  INFO 8308 --- [scheduling-1] eden.service.task.OrderTask              : 没有超时订单需要关闭
2026-03-17 20:22:00.006  INFO 8308 --- [scheduling-1] eden.service.task.OrderTask              : 开始执行订单超时关闭任务...
2026-03-17 20:22:00.013  INFO 8308 --- [scheduling-1] eden.service.task.OrderTask              : 没有超时订单需要关闭
2026-03-17 20:23:00.013  INFO 8308 --- [scheduling-1] eden.service.task.OrderTask              : 开始执行订单超时关闭任务...
2026-03-17 20:23:00.019  INFO 8308 --- [scheduling-1] eden.service.task.OrderTask              : 没有超时订单需要关闭
2026-03-17 20:24:00.013  INFO 8308 --- [scheduling-1] eden.service.task.OrderTask              : 开始执行订单超时关闭任务...
2026-03-17 20:24:00.019  INFO 8308 --- [scheduling-1] eden.service.task.OrderTask              : 没有超时订单需要关闭
2026-03-17 20:25:00.013  INFO 8308 --- [scheduling-1] eden.service.task.OrderTask              : 开始执行订单超时关闭任务...
2026-03-17 20:25:00.018  INFO 8308 --- [scheduling-1] eden.service.task.OrderTask              : 没有超时订单需要关闭
2026-03-17 20:25:00.019  INFO 8308 --- [scheduling-1] eden.service.task.PromotionTask          : 开始更新已结束的秒杀活动状态...
2026-03-17 20:26:00.000  INFO 8308 --- [scheduling-1] eden.service.task.OrderTask              : 开始执行订单超时关闭任务...
2026-03-17 20:26:00.007  INFO 8308 --- [scheduling-1] eden.service.task.OrderTask              : 没有超时订单需要关闭
2026-03-17 20:27:00.014  INFO 8308 --- [scheduling-1] eden.service.task.OrderTask              : 开始执行订单超时关闭任务...
2026-03-17 20:27:00.019  INFO 8308 --- [scheduling-1] eden.service.task.OrderTask              : 没有超时订单需要关闭
2026-03-17 20:28:00.012  INFO 8308 --- [scheduling-1] eden.service.task.OrderTask              : 开始执行订单超时关闭任务...
2026-03-17 20:28:00.018  INFO 8308 --- [scheduling-1] eden.service.task.OrderTask              : 没有超时订单需要关闭
2026-03-17 20:29:00.004  INFO 8308 --- [scheduling-1] eden.service.task.OrderTask              : 开始执行订单超时关闭任务...
2026-03-17 20:29:00.010  INFO 8308 --- [scheduling-1] eden.service.task.OrderTask              : 没有超时订单需要关闭
2026-03-17 20:30:00.004  INFO 8308 --- [scheduling-1] eden.service.task.OrderTask              : 开始执行订单超时关闭任务...
2026-03-17 20:30:00.011  INFO 8308 --- [scheduling-1] eden.service.task.OrderTask              : 没有超时订单需要关闭
2026-03-17 20:30:00.011  INFO 8308 --- [scheduling-1] eden.service.task.PromotionTask          : 开始更新已结束的秒杀活动状态...
2026-03-17 20:31:00.007  INFO 8308 --- [scheduling-1] eden.service.task.OrderTask              : 开始执行订单超时关闭任务...
2026-03-17 20:31:00.028  INFO 8308 --- [scheduling-1] eden.service.task.OrderTask              : 没有超时订单需要关闭
2026-03-17 20:32:00.001  INFO 8308 --- [scheduling-1] eden.service.task.OrderTask              : 开始执行订单超时关闭任务...
2026-03-17 20:32:00.011  INFO 8308 --- [scheduling-1] eden.service.task.OrderTask              : 没有超时订单需要关闭
2026-03-17 20:33:00.006  INFO 8308 --- [scheduling-1] eden.service.task.OrderTask              : 开始执行订单超时关闭任务...
2026-03-17 20:33:00.012  INFO 8308 --- [scheduling-1] eden.service.task.OrderTask              : 没有超时订单需要关闭
2026-03-17 20:34:00.011  INFO 8308 --- [scheduling-1] eden.service.task.OrderTask              : 开始执行订单超时关闭任务...
2026-03-17 20:34:00.024  INFO 8308 --- [scheduling-1] eden.service.task.OrderTask              : 没有超时订单需要关闭
2026-03-17 20:35:00.009  INFO 8308 --- [scheduling-1] eden.service.task.PromotionTask          : 开始更新已结束的秒杀活动状态...
2026-03-17 20:35:00.019  INFO 8308 --- [scheduling-1] eden.service.task.OrderTask              : 开始执行订单超时关闭任务...
2026-03-17 20:35:00.023  INFO 8308 --- [scheduling-1] eden.service.task.OrderTask              : 没有超时订单需要关闭
2026-03-17 20:36:00.006  INFO 8308 --- [scheduling-1] eden.service.task.OrderTask              : 开始执行订单超时关闭任务...
2026-03-17 20:36:00.012  INFO 8308 --- [scheduling-1] eden.service.task.OrderTask              : 没有超时订单需要关闭
2026-03-17 20:37:00.013  INFO 8308 --- [scheduling-1] eden.service.task.OrderTask              : 开始执行订单超时关闭任务...
2026-03-17 20:37:00.018  INFO 8308 --- [scheduling-1] eden.service.task.OrderTask              : 没有超时订单需要关闭
2026-03-17 20:38:00.001  INFO 8308 --- [scheduling-1] eden.service.task.OrderTask              : 开始执行订单超时关闭任务...
2026-03-17 20:38:00.007  INFO 8308 --- [scheduling-1] eden.service.task.OrderTask              : 没有超时订单需要关闭
2026-03-17 20:39:00.002  INFO 8308 --- [scheduling-1] eden.service.task.OrderTask              : 开始执行订单超时关闭任务...
2026-03-17 20:39:00.009  INFO 8308 --- [scheduling-1] eden.service.task.OrderTask              : 没有超时订单需要关闭
2026-03-17 20:40:00.013  INFO 8308 --- [scheduling-1] eden.service.task.PromotionTask          : 开始更新已结束的秒杀活动状态...
2026-03-17 20:40:00.020  INFO 8308 --- [scheduling-1] eden.service.task.OrderTask              : 开始执行订单超时关闭任务...
2026-03-17 20:40:00.023  INFO 8308 --- [scheduling-1] eden.service.task.OrderTask              : 没有超时订单需要关闭
2026-03-17 20:40:01.110  INFO 8308 --- [org.springframework.amqp.rabbit.RabbitListenerEndpointContainer#2-19] o.s.a.r.l.SimpleMessageListenerContainer : Restarting Consumer@3cdfb4bc: tags=[[amq.ctag-uE6RTglL9Q3xuzCV9Gmwpg]], channel=Cached Rabbit Channel: PublisherCallbackChannelImpl: AMQChannel(amqp://user@127.0.0.1:5672/,7), conn: Proxy@2b39e77d Shared Rabbit Connection: SimpleConnection@7fb84ef7 [delegate=amqp://user@127.0.0.1:5672/, localPort= 9159], acknowledgeMode=MANUAL local queue size=0
2026-03-17 20:40:01.126  INFO 8308 --- [org.springframework.amqp.rabbit.RabbitListenerEndpointContainer#2-20] e.service.listener.OrderMessageListener  : 收到订单支付成功消息，订单ID: 2025121713395639540001
2026-03-17 20:41:00.009  INFO 8308 --- [scheduling-1] eden.service.task.OrderTask              : 开始执行订单超时关闭任务...
2026-03-17 20:41:00.015  INFO 8308 --- [scheduling-1] eden.service.task.OrderTask              : 没有超时订单需要关闭
2026-03-17 20:42:00.015  INFO 8308 --- [scheduling-1] eden.service.task.OrderTask              : 开始执行订单超时关闭任务...
2026-03-17 20:42:00.021  INFO 8308 --- [scheduling-1] eden.service.task.OrderTask              : 没有超时订单需要关闭
2026-03-17 20:43:00.012  INFO 8308 --- [scheduling-1] eden.service.task.OrderTask              : 开始执行订单超时关闭任务...
2026-03-17 20:43:00.018  INFO 8308 --- [scheduling-1] eden.service.task.OrderTask              : 没有超时订单需要关闭
2026-03-17 20:44:00.004  INFO 8308 --- [scheduling-1] eden.service.task.OrderTask              : 开始执行订单超时关闭任务...
2026-03-17 20:44:00.009  INFO 8308 --- [scheduling-1] eden.service.task.OrderTask              : 没有超时订单需要关闭
2026-03-17 20:45:00.007  INFO 8308 --- [scheduling-1] eden.service.task.PromotionTask          : 开始更新已结束的秒杀活动状态...
2026-03-17 20:45:00.014  INFO 8308 --- [scheduling-1] eden.service.task.OrderTask              : 开始执行订单超时关闭任务...
2026-03-17 20:45:00.017  INFO 8308 --- [scheduling-1] eden.service.task.OrderTask              : 没有超时订单需要关闭
2026-03-17 20:46:00.011  INFO 8308 --- [scheduling-1] eden.service.task.OrderTask              : 开始执行订单超时关闭任务...
2026-03-17 20:46:00.017  INFO 8308 --- [scheduling-1] eden.service.task.OrderTask              : 没有超时订单需要关闭
2026-03-17 20:47:00.005  INFO 8308 --- [scheduling-1] eden.service.task.OrderTask              : 开始执行订单超时关闭任务...
2026-03-17 20:47:00.009  INFO 8308 --- [scheduling-1] eden.service.task.OrderTask              : 没有超时订单需要关闭
2026-03-17 20:48:00.011  INFO 8308 --- [scheduling-1] eden.service.task.OrderTask              : 开始执行订单超时关闭任务...
2026-03-17 20:48:00.015  INFO 8308 --- [scheduling-1] eden.service.task.OrderTask              : 没有超时订单需要关闭
2026-03-17 20:49:00.002  INFO 8308 --- [scheduling-1] eden.service.task.OrderTask              : 开始执行订单超时关闭任务...
2026-03-17 20:49:00.008  INFO 8308 --- [scheduling-1] eden.service.task.OrderTask              : 没有超时订单需要关闭
2026-03-17 20:50:00.000  INFO 8308 --- [scheduling-1] eden.service.task.OrderTask              : 开始执行订单超时关闭任务...
2026-03-17 20:50:00.006  INFO 8308 --- [scheduling-1] eden.service.task.OrderTask              : 没有超时订单需要关闭
2026-03-17 20:50:00.007  INFO 8308 --- [scheduling-1] eden.service.task.PromotionTask          : 开始更新已结束的秒杀活动状态...
2026-03-17 20:51:00.007  INFO 8308 --- [scheduling-1] eden.service.task.OrderTask              : 开始执行订单超时关闭任务...
2026-03-17 20:51:00.012  INFO 8308 --- [scheduling-1] eden.service.task.OrderTask              : 没有超时订单需要关闭
2026-03-17 20:52:00.014  INFO 8308 --- [scheduling-1] eden.service.task.OrderTask              : 开始执行订单超时关闭任务...
2026-03-17 20:52:00.021  INFO 8308 --- [scheduling-1] eden.service.task.OrderTask              : 没有超时订单需要关闭
2026-03-17 20:53:00.003  INFO 8308 --- [scheduling-1] eden.service.task.OrderTask              : 开始执行订单超时关闭任务...
2026-03-17 20:53:00.010  INFO 8308 --- [scheduling-1] eden.service.task.OrderTask              : 没有超时订单需要关闭
2026-03-17 20:54:00.013  INFO 8308 --- [scheduling-1] eden.service.task.OrderTask              : 开始执行订单超时关闭任务...
2026-03-17 20:54:00.020  INFO 8308 --- [scheduling-1] eden.service.task.OrderTask              : 没有超时订单需要关闭
2026-03-17 20:55:00.015  INFO 8308 --- [scheduling-1] eden.service.task.PromotionTask          : 开始更新已结束的秒杀活动状态...
2026-03-17 20:55:00.023  INFO 8308 --- [scheduling-1] eden.service.task.OrderTask              : 开始执行订单超时关闭任务...
2026-03-17 20:55:00.026  INFO 8308 --- [scheduling-1] eden.service.task.OrderTask              : 没有超时订单需要关闭
2026-03-17 20:56:00.005  INFO 8308 --- [scheduling-1] eden.service.task.OrderTask              : 开始执行订单超时关闭任务...
2026-03-17 20:56:00.014  INFO 8308 --- [scheduling-1] eden.service.task.OrderTask              : 没有超时订单需要关闭
2026-03-17 20:57:00.008  INFO 8308 --- [scheduling-1] eden.service.task.OrderTask              : 开始执行订单超时关闭任务...
2026-03-17 20:57:00.014  INFO 8308 --- [scheduling-1] eden.service.task.OrderTask              : 没有超时订单需要关闭
2026-03-17 20:58:00.010  INFO 8308 --- [scheduling-1] eden.service.task.OrderTask              : 开始执行订单超时关闭任务...
2026-03-17 20:58:00.016  INFO 8308 --- [scheduling-1] eden.service.task.OrderTask              : 没有超时订单需要关闭
2026-03-17 20:59:00.014  INFO 8308 --- [scheduling-1] eden.service.task.OrderTask              : 开始执行订单超时关闭任务...
2026-03-17 20:59:00.022  INFO 8308 --- [scheduling-1] eden.service.task.OrderTask              : 没有超时订单需要关闭
2026-03-17 21:00:00.009  INFO 8308 --- [scheduling-1] eden.service.task.PromotionTask          : 开始更新已结束的秒杀活动状态...
2026-03-17 21:00:00.020  INFO 8308 --- [scheduling-1] eden.service.task.OrderTask              : 开始执行订单超时关闭任务...
2026-03-17 21:00:00.025  INFO 8308 --- [scheduling-1] eden.service.task.OrderTask              : 没有超时订单需要关闭
2026-03-17 21:01:00.011  INFO 8308 --- [scheduling-1] eden.service.task.OrderTask              : 开始执行订单超时关闭任务...
2026-03-17 21:01:00.018  INFO 8308 --- [scheduling-1] eden.service.task.OrderTask              : 没有超时订单需要关闭
2026-03-17 21:02:00.006  INFO 8308 --- [scheduling-1] eden.service.task.OrderTask              : 开始执行订单超时关闭任务...
2026-03-17 21:02:00.011  INFO 8308 --- [scheduling-1] eden.service.task.OrderTask              : 没有超时订单需要关闭
2026-03-17 21:03:00.003  INFO 8308 --- [scheduling-1] eden.service.task.OrderTask              : 开始执行订单超时关闭任务...
2026-03-17 21:03:00.009  INFO 8308 --- [scheduling-1] eden.service.task.OrderTask              : 没有超时订单需要关闭
2026-03-17 21:04:00.006  INFO 8308 --- [scheduling-1] eden.service.task.OrderTask              : 开始执行订单超时关闭任务...
2026-03-17 21:04:00.013  INFO 8308 --- [scheduling-1] eden.service.task.OrderTask              : 没有超时订单需要关闭
2026-03-17 21:05:00.003  INFO 8308 --- [scheduling-1] eden.service.task.PromotionTask          : 开始更新已结束的秒杀活动状态...
2026-03-17 21:05:00.013  INFO 8308 --- [scheduling-1] eden.service.task.OrderTask              : 开始执行订单超时关闭任务...
2026-03-17 21:05:00.017  INFO 8308 --- [scheduling-1] eden.service.task.OrderTask              : 没有超时订单需要关闭
2026-03-17 21:06:00.002  INFO 8308 --- [scheduling-1] eden.service.task.OrderTask              : 开始执行订单超时关闭任务...
2026-03-17 21:06:00.009  INFO 8308 --- [scheduling-1] eden.service.task.OrderTask              : 没有超时订单需要关闭
2026-03-17 21:07:00.007  INFO 8308 --- [scheduling-1] eden.service.task.OrderTask              : 开始执行订单超时关闭任务...
2026-03-17 21:07:00.012  INFO 8308 --- [scheduling-1] eden.service.task.OrderTask              : 没有超时订单需要关闭
2026-03-17 21:08:00.000  INFO 8308 --- [scheduling-1] eden.service.task.OrderTask              : 开始执行订单超时关闭任务...
2026-03-17 21:08:00.005  INFO 8308 --- [scheduling-1] eden.service.task.OrderTask              : 没有超时订单需要关闭
2026-03-17 21:09:00.004  INFO 8308 --- [scheduling-1] eden.service.task.OrderTask              : 开始执行订单超时关闭任务...
2026-03-17 21:09:00.012  INFO 8308 --- [scheduling-1] eden.service.task.OrderTask              : 没有超时订单需要关闭
2026-03-17 21:10:00.014  INFO 8308 --- [scheduling-1] eden.service.task.PromotionTask          : 开始更新已结束的秒杀活动状态...
2026-03-17 21:10:00.022  INFO 8308 --- [scheduling-1] eden.service.task.OrderTask              : 开始执行订单超时关闭任务...
2026-03-17 21:10:00.025  INFO 8308 --- [scheduling-1] eden.service.task.OrderTask              : 没有超时订单需要关闭
2026-03-17 21:10:01.903  INFO 8308 --- [org.springframework.amqp.rabbit.RabbitListenerEndpointContainer#2-20] o.s.a.r.l.SimpleMessageListenerContainer : Restarting Consumer@114a0cee: tags=[[amq.ctag-pKhelesQTuJw4KJ9ybOcAQ]], channel=Cached Rabbit Channel: PublisherCallbackChannelImpl: AMQChannel(amqp://user@127.0.0.1:5672/,7), conn: Proxy@2b39e77d Shared Rabbit Connection: SimpleConnection@7fb84ef7 [delegate=amqp://user@127.0.0.1:5672/, localPort= 9159], acknowledgeMode=MANUAL local queue size=0
2026-03-17 21:10:01.924  INFO 8308 --- [org.springframework.amqp.rabbit.RabbitListenerEndpointContainer#2-21] e.service.listener.OrderMessageListener  : 收到订单支付成功消息，订单ID: 2025121713395639540001
2026-03-17 21:11:00.002  INFO 8308 --- [scheduling-1] eden.service.task.OrderTask              : 开始执行订单超时关闭任务...
2026-03-17 21:11:00.010  INFO 8308 --- [scheduling-1] eden.service.task.OrderTask              : 没有超时订单需要关闭
2026-03-17 21:12:00.010  INFO 8308 --- [scheduling-1] eden.service.task.OrderTask              : 开始执行订单超时关闭任务...
2026-03-17 21:12:00.016  INFO 8308 --- [scheduling-1] eden.service.task.OrderTask              : 没有超时订单需要关闭
2026-03-17 21:13:00.005  INFO 8308 --- [scheduling-1] eden.service.task.OrderTask              : 开始执行订单超时关闭任务...
2026-03-17 21:13:00.010  INFO 8308 --- [scheduling-1] eden.service.task.OrderTask              : 没有超时订单需要关闭
2026-03-17 21:14:00.008  INFO 8308 --- [scheduling-1] eden.service.task.OrderTask              : 开始执行订单超时关闭任务...
2026-03-17 21:14:00.016  INFO 8308 --- [scheduling-1] eden.service.task.OrderTask              : 没有超时订单需要关闭
2026-03-17 21:15:00.008  INFO 8308 --- [scheduling-1] eden.service.task.PromotionTask          : 开始更新已结束的秒杀活动状态...
2026-03-17 21:15:00.017  INFO 8308 --- [scheduling-1] eden.service.task.OrderTask              : 开始执行订单超时关闭任务...
2026-03-17 21:15:00.022  INFO 8308 --- [scheduling-1] eden.service.task.OrderTask              : 没有超时订单需要关闭
2026-03-17 21:16:00.002  INFO 8308 --- [scheduling-1] eden.service.task.OrderTask              : 开始执行订单超时关闭任务...
2026-03-17 21:16:00.010  INFO 8308 --- [scheduling-1] eden.service.task.OrderTask              : 没有超时订单需要关闭
2026-03-17 21:17:00.005  INFO 8308 --- [scheduling-1] eden.service.task.OrderTask              : 开始执行订单超时关闭任务...
2026-03-17 21:17:00.010  INFO 8308 --- [scheduling-1] eden.service.task.OrderTask              : 没有超时订单需要关闭
2026-03-17 21:18:00.015  INFO 8308 --- [scheduling-1] eden.service.task.OrderTask              : 开始执行订单超时关闭任务...
2026-03-17 21:18:00.023  INFO 8308 --- [scheduling-1] eden.service.task.OrderTask              : 没有超时订单需要关闭
2026-03-17 21:19:00.006  INFO 8308 --- [scheduling-1] eden.service.task.OrderTask              : 开始执行订单超时关闭任务...
2026-03-17 21:19:00.012  INFO 8308 --- [scheduling-1] eden.service.task.OrderTask              : 没有超时订单需要关闭
2026-03-17 21:20:00.010  INFO 8308 --- [scheduling-1] eden.service.task.OrderTask              : 开始执行订单超时关闭任务...
2026-03-17 21:20:00.023  INFO 8308 --- [scheduling-1] eden.service.task.OrderTask              : 没有超时订单需要关闭
2026-03-17 21:20:00.024  INFO 8308 --- [scheduling-1] eden.service.task.PromotionTask          : 开始更新已结束的秒杀活动状态...
2026-03-17 21:21:00.007  INFO 8308 --- [scheduling-1] eden.service.task.OrderTask              : 开始执行订单超时关闭任务...
2026-03-17 21:21:00.018  INFO 8308 --- [scheduling-1] eden.service.task.OrderTask              : 没有超时订单需要关闭
2026-03-17 21:22:00.015  INFO 8308 --- [scheduling-1] eden.service.task.OrderTask              : 开始执行订单超时关闭任务...
2026-03-17 21:22:00.021  INFO 8308 --- [scheduling-1] eden.service.task.OrderTask              : 没有超时订单需要关闭
2026-03-17 21:23:00.011  INFO 8308 --- [scheduling-1] eden.service.task.OrderTask              : 开始执行订单超时关闭任务...
2026-03-17 21:23:00.017  INFO 8308 --- [scheduling-1] eden.service.task.OrderTask              : 没有超时订单需要关闭
2026-03-17 21:24:00.012  INFO 8308 --- [scheduling-1] eden.service.task.OrderTask              : 开始执行订单超时关闭任务...
2026-03-17 21:24:00.021  INFO 8308 --- [scheduling-1] eden.service.task.OrderTask              : 没有超时订单需要关闭
2026-03-17 21:25:00.006  INFO 8308 --- [scheduling-1] eden.service.task.PromotionTask          : 开始更新已结束的秒杀活动状态...
2026-03-17 21:25:00.020  INFO 8308 --- [scheduling-1] eden.service.task.OrderTask              : 开始执行订单超时关闭任务...
2026-03-17 21:25:00.023  INFO 8308 --- [scheduling-1] eden.service.task.OrderTask              : 没有超时订单需要关闭
2026-03-17 21:26:00.010  INFO 8308 --- [scheduling-1] eden.service.task.OrderTask              : 开始执行订单超时关闭任务...
2026-03-17 21:26:00.019  INFO 8308 --- [scheduling-1] eden.service.task.OrderTask              : 没有超时订单需要关闭
2026-03-17 21:27:00.009  INFO 8308 --- [scheduling-1] eden.service.task.OrderTask              : 开始执行订单超时关闭任务...
2026-03-17 21:27:00.016  INFO 8308 --- [scheduling-1] eden.service.task.OrderTask              : 没有超时订单需要关闭
2026-03-17 21:28:00.002  INFO 8308 --- [scheduling-1] eden.service.task.OrderTask              : 开始执行订单超时关闭任务...
2026-03-17 21:28:00.007  INFO 8308 --- [scheduling-1] eden.service.task.OrderTask              : 没有超时订单需要关闭
2026-03-17 21:29:00.007  INFO 8308 --- [scheduling-1] eden.service.task.OrderTask              : 开始执行订单超时关闭任务...
2026-03-17 21:29:00.024  INFO 8308 --- [scheduling-1] eden.service.task.OrderTask              : 没有超时订单需要关闭
2026-03-17 21:30:00.014  INFO 8308 --- [scheduling-1] eden.service.task.PromotionTask          : 开始更新已结束的秒杀活动状态...
2026-03-17 21:30:00.028  INFO 8308 --- [scheduling-1] eden.service.task.OrderTask              : 开始执行订单超时关闭任务...
2026-03-17 21:30:00.032  INFO 8308 --- [scheduling-1] eden.service.task.OrderTask              : 没有超时订单需要关闭
2026-03-17 21:31:00.012  INFO 8308 --- [scheduling-1] eden.service.task.OrderTask              : 开始执行订单超时关闭任务...
2026-03-17 21:31:00.019  INFO 8308 --- [scheduling-1] eden.service.task.OrderTask              : 没有超时订单需要关闭
2026-03-17 21:32:00.011  INFO 8308 --- [scheduling-1] eden.service.task.OrderTask              : 开始执行订单超时关闭任务...
2026-03-17 21:32:00.017  INFO 8308 --- [scheduling-1] eden.service.task.OrderTask              : 没有超时订单需要关闭
2026-03-17 21:33:00.005  INFO 8308 --- [scheduling-1] eden.service.task.OrderTask              : 开始执行订单超时关闭任务...
2026-03-17 21:33:00.023  INFO 8308 --- [scheduling-1] eden.service.task.OrderTask              : 没有超时订单需要关闭
2026-03-17 21:34:00.001  INFO 8308 --- [scheduling-1] eden.service.task.OrderTask              : 开始执行订单超时关闭任务...
2026-03-17 21:34:00.011  INFO 8308 --- [scheduling-1] eden.service.task.OrderTask              : 没有超时订单需要关闭
2026-03-17 21:35:00.011  INFO 8308 --- [scheduling-1] eden.service.task.OrderTask              : 开始执行订单超时关闭任务...
2026-03-17 21:35:00.018  INFO 8308 --- [scheduling-1] eden.service.task.OrderTask              : 没有超时订单需要关闭
2026-03-17 21:35:00.018  INFO 8308 --- [scheduling-1] eden.service.task.PromotionTask          : 开始更新已结束的秒杀活动状态...
2026-03-17 21:36:00.001  INFO 8308 --- [scheduling-1] eden.service.task.OrderTask              : 开始执行订单超时关闭任务...
2026-03-17 21:36:00.007  INFO 8308 --- [scheduling-1] eden.service.task.OrderTask              : 没有超时订单需要关闭
2026-03-17 21:37:00.011  INFO 8308 --- [scheduling-1] eden.service.task.OrderTask              : 开始执行订单超时关闭任务...
2026-03-17 21:37:00.019  INFO 8308 --- [scheduling-1] eden.service.task.OrderTask              : 没有超时订单需要关闭
2026-03-17 21:38:00.009  INFO 8308 --- [scheduling-1] eden.service.task.OrderTask              : 开始执行订单超时关闭任务...
2026-03-17 21:38:00.018  INFO 8308 --- [scheduling-1] eden.service.task.OrderTask              : 没有超时订单需要关闭
2026-03-17 21:39:00.010  INFO 8308 --- [scheduling-1] eden.service.task.OrderTask              : 开始执行订单超时关闭任务...
2026-03-17 21:39:00.017  INFO 8308 --- [scheduling-1] eden.service.task.OrderTask              : 没有超时订单需要关闭
2026-03-17 21:40:00.003  INFO 8308 --- [scheduling-1] eden.service.task.OrderTask              : 开始执行订单超时关闭任务...
2026-03-17 21:40:00.013  INFO 8308 --- [scheduling-1] eden.service.task.OrderTask              : 没有超时订单需要关闭
2026-03-17 21:40:00.014  INFO 8308 --- [scheduling-1] eden.service.task.PromotionTask          : 开始更新已结束的秒杀活动状态...
2026-03-17 21:40:02.899  INFO 8308 --- [org.springframework.amqp.rabbit.RabbitListenerEndpointContainer#2-21] o.s.a.r.l.SimpleMessageListenerContainer : Restarting Consumer@366ad35a: tags=[[amq.ctag-6Yp53MHbsDcWzFQLnfha2A]], channel=Cached Rabbit Channel: PublisherCallbackChannelImpl: AMQChannel(amqp://user@127.0.0.1:5672/,7), conn: Proxy@2b39e77d Shared Rabbit Connection: SimpleConnection@7fb84ef7 [delegate=amqp://user@127.0.0.1:5672/, localPort= 9159], acknowledgeMode=MANUAL local queue size=0
2026-03-17 21:40:02.939  INFO 8308 --- [org.springframework.amqp.rabbit.RabbitListenerEndpointContainer#2-22] e.service.listener.OrderMessageListener  : 收到订单支付成功消息，订单ID: 2025121713395639540001
2026-03-17 21:41:00.008  INFO 8308 --- [scheduling-1] eden.service.task.OrderTask              : 开始执行订单超时关闭任务...
2026-03-17 21:41:00.018  INFO 8308 --- [scheduling-1] eden.service.task.OrderTask              : 没有超时订单需要关闭
2026-03-17 21:42:00.002  INFO 8308 --- [scheduling-1] eden.service.task.OrderTask              : 开始执行订单超时关闭任务...
2026-03-17 21:42:00.008  INFO 8308 --- [scheduling-1] eden.service.task.OrderTask              : 没有超时订单需要关闭
2026-03-17 21:43:00.014  INFO 8308 --- [scheduling-1] eden.service.task.OrderTask              : 开始执行订单超时关闭任务...
2026-03-17 21:43:00.022  INFO 8308 --- [scheduling-1] eden.service.task.OrderTask              : 没有超时订单需要关闭
2026-03-17 21:44:00.012  INFO 8308 --- [scheduling-1] eden.service.task.OrderTask              : 开始执行订单超时关闭任务...
2026-03-17 21:44:00.019  INFO 8308 --- [scheduling-1] eden.service.task.OrderTask              : 没有超时订单需要关闭
2026-03-17 21:45:00.001  INFO 8308 --- [scheduling-1] eden.service.task.PromotionTask          : 开始更新已结束的秒杀活动状态...
2026-03-17 21:45:00.014  INFO 8308 --- [scheduling-1] eden.service.task.OrderTask              : 开始执行订单超时关闭任务...
2026-03-17 21:45:00.019  INFO 8308 --- [scheduling-1] eden.service.task.OrderTask              : 没有超时订单需要关闭
2026-03-17 21:46:00.012  INFO 8308 --- [scheduling-1] eden.service.task.OrderTask              : 开始执行订单超时关闭任务...
2026-03-17 21:46:00.024  INFO 8308 --- [scheduling-1] eden.service.task.OrderTask              : 没有超时订单需要关闭
2026-03-17 21:47:00.012  INFO 8308 --- [scheduling-1] eden.service.task.OrderTask              : 开始执行订单超时关闭任务...
2026-03-17 21:47:00.018  INFO 8308 --- [scheduling-1] eden.service.task.OrderTask              : 没有超时订单需要关闭
2026-03-17 21:48:00.008  INFO 8308 --- [scheduling-1] eden.service.task.OrderTask              : 开始执行订单超时关闭任务...
2026-03-17 21:48:00.019  INFO 8308 --- [scheduling-1] eden.service.task.OrderTask              : 没有超时订单需要关闭
2026-03-17 21:49:00.005  INFO 8308 --- [scheduling-1] eden.service.task.OrderTask              : 开始执行订单超时关闭任务...
2026-03-17 21:49:00.018  INFO 8308 --- [scheduling-1] eden.service.task.OrderTask              : 没有超时订单需要关闭
2026-03-17 21:50:00.003  INFO 8308 --- [scheduling-1] eden.service.task.OrderTask              : 开始执行订单超时关闭任务...
2026-03-17 21:50:00.009  INFO 8308 --- [scheduling-1] eden.service.task.OrderTask              : 没有超时订单需要关闭
2026-03-17 21:50:00.010  INFO 8308 --- [scheduling-1] eden.service.task.PromotionTask          : 开始更新已结束的秒杀活动状态...
2026-03-17 21:51:00.006  INFO 8308 --- [scheduling-1] eden.service.task.OrderTask              : 开始执行订单超时关闭任务...
2026-03-17 21:51:00.014  INFO 8308 --- [scheduling-1] eden.service.task.OrderTask              : 没有超时订单需要关闭
2026-03-17 21:52:00.001  INFO 8308 --- [scheduling-1] eden.service.task.OrderTask              : 开始执行订单超时关闭任务...
2026-03-17 21:52:00.007  INFO 8308 --- [scheduling-1] eden.service.task.OrderTask              : 没有超时订单需要关闭
2026-03-17 21:53:00.003  INFO 8308 --- [scheduling-1] eden.service.task.OrderTask              : 开始执行订单超时关闭任务...
2026-03-17 21:53:00.011  INFO 8308 --- [scheduling-1] eden.service.task.OrderTask              : 没有超时订单需要关闭
2026-03-17 21:54:00.002  INFO 8308 --- [scheduling-1] eden.service.task.OrderTask              : 开始执行订单超时关闭任务...
2026-03-17 21:54:00.015  INFO 8308 --- [scheduling-1] eden.service.task.OrderTask              : 没有超时订单需要关闭
2026-03-17 21:55:00.001  INFO 8308 --- [scheduling-1] eden.service.task.PromotionTask          : 开始更新已结束的秒杀活动状态...
2026-03-17 21:55:00.010  INFO 8308 --- [scheduling-1] eden.service.task.OrderTask              : 开始执行订单超时关闭任务...
2026-03-17 21:55:00.015  INFO 8308 --- [scheduling-1] eden.service.task.OrderTask              : 没有超时订单需要关闭
2026-03-17 21:56:00.007  INFO 8308 --- [scheduling-1] eden.service.task.OrderTask              : 开始执行订单超时关闭任务...
2026-03-17 21:56:00.022  INFO 8308 --- [scheduling-1] eden.service.task.OrderTask              : 没有超时订单需要关闭
2026-03-17 21:57:00.004  INFO 8308 --- [scheduling-1] eden.service.task.OrderTask              : 开始执行订单超时关闭任务...
2026-03-17 21:57:00.010  INFO 8308 --- [scheduling-1] eden.service.task.OrderTask              : 没有超时订单需要关闭
2026-03-17 21:58:00.007  INFO 8308 --- [scheduling-1] eden.service.task.OrderTask              : 开始执行订单超时关闭任务...
2026-03-17 21:58:00.016  INFO 8308 --- [scheduling-1] eden.service.task.OrderTask              : 没有超时订单需要关闭
2026-03-17 21:59:00.000  INFO 8308 --- [scheduling-1] eden.service.task.OrderTask              : 开始执行订单超时关闭任务...
2026-03-17 21:59:00.012  INFO 8308 --- [scheduling-1] eden.service.task.OrderTask              : 没有超时订单需要关闭
2026-03-17 22:00:00.015  INFO 8308 --- [scheduling-1] eden.service.task.OrderTask              : 开始执行订单超时关闭任务...
2026-03-17 22:00:00.028  INFO 8308 --- [scheduling-1] eden.service.task.OrderTask              : 没有超时订单需要关闭
2026-03-17 22:00:00.028  INFO 8308 --- [scheduling-1] eden.service.task.PromotionTask          : 开始更新已结束的秒杀活动状态...
2026-03-17 22:01:00.008  INFO 8308 --- [scheduling-1] eden.service.task.OrderTask              : 开始执行订单超时关闭任务...
2026-03-17 22:01:00.016  INFO 8308 --- [scheduling-1] eden.service.task.OrderTask              : 没有超时订单需要关闭
2026-03-17 22:02:00.011  INFO 8308 --- [scheduling-1] eden.service.task.OrderTask              : 开始执行订单超时关闭任务...
2026-03-17 22:02:00.020  INFO 8308 --- [scheduling-1] eden.service.task.OrderTask              : 没有超时订单需要关闭
2026-03-17 22:03:00.010  INFO 8308 --- [scheduling-1] eden.service.task.OrderTask              : 开始执行订单超时关闭任务...
2026-03-17 22:03:00.022  INFO 8308 --- [scheduling-1] eden.service.task.OrderTask              : 没有超时订单需要关闭
2026-03-17 22:04:00.003  INFO 8308 --- [scheduling-1] eden.service.task.OrderTask              : 开始执行订单超时关闭任务...
2026-03-17 22:04:00.014  INFO 8308 --- [scheduling-1] eden.service.task.OrderTask              : 没有超时订单需要关闭
2026-03-17 22:05:00.009  INFO 8308 --- [scheduling-1] eden.service.task.PromotionTask          : 开始更新已结束的秒杀活动状态...
2026-03-17 22:05:00.017  INFO 8308 --- [scheduling-1] eden.service.task.OrderTask              : 开始执行订单超时关闭任务...
2026-03-17 22:05:00.020  INFO 8308 --- [scheduling-1] eden.service.task.OrderTask              : 没有超时订单需要关闭
2026-03-17 22:06:00.010  INFO 8308 --- [scheduling-1] eden.service.task.OrderTask              : 开始执行订单超时关闭任务...
2026-03-17 22:06:00.021  INFO 8308 --- [scheduling-1] eden.service.task.OrderTask              : 没有超时订单需要关闭
2026-03-17 22:07:00.013  INFO 8308 --- [scheduling-1] eden.service.task.OrderTask              : 开始执行订单超时关闭任务...
2026-03-17 22:07:00.023  INFO 8308 --- [scheduling-1] eden.service.task.OrderTask              : 没有超时订单需要关闭
2026-03-17 22:08:00.012  INFO 8308 --- [scheduling-1] eden.service.task.OrderTask              : 开始执行订单超时关闭任务...
2026-03-17 22:08:00.018  INFO 8308 --- [scheduling-1] eden.service.task.OrderTask              : 没有超时订单需要关闭
2026-03-17 22:09:00.006  INFO 8308 --- [scheduling-1] eden.service.task.OrderTask              : 开始执行订单超时关闭任务...
2026-03-17 22:09:00.011  INFO 8308 --- [scheduling-1] eden.service.task.OrderTask              : 没有超时订单需要关闭
2026-03-17 22:10:00.007  INFO 8308 --- [scheduling-1] eden.service.task.OrderTask              : 开始执行订单超时关闭任务...
2026-03-17 22:10:00.012  INFO 8308 --- [scheduling-1] eden.service.task.OrderTask              : 没有超时订单需要关闭
2026-03-17 22:10:00.013  INFO 8308 --- [scheduling-1] eden.service.task.PromotionTask          : 开始更新已结束的秒杀活动状态...
2026-03-17 22:10:03.150  INFO 8308 --- [org.springframework.amqp.rabbit.RabbitListenerEndpointContainer#2-22] o.s.a.r.l.SimpleMessageListenerContainer : Restarting Consumer@71546658: tags=[[amq.ctag-z2ocWj6jiV_iuMpGW38Wxw]], channel=Cached Rabbit Channel: PublisherCallbackChannelImpl: AMQChannel(amqp://user@127.0.0.1:5672/,7), conn: Proxy@2b39e77d Shared Rabbit Connection: SimpleConnection@7fb84ef7 [delegate=amqp://user@127.0.0.1:5672/, localPort= 9159], acknowledgeMode=MANUAL local queue size=0
2026-03-17 22:10:03.221  INFO 8308 --- [org.springframework.amqp.rabbit.RabbitListenerEndpointContainer#2-23] e.service.listener.OrderMessageListener  : 收到订单支付成功消息，订单ID: 2025121713395639540001
2026-03-17 22:11:00.014  INFO 8308 --- [scheduling-1] eden.service.task.OrderTask              : 开始执行订单超时关闭任务...
2026-03-17 22:11:00.024  INFO 8308 --- [scheduling-1] eden.service.task.OrderTask              : 没有超时订单需要关闭
2026-03-17 22:12:00.007  INFO 8308 --- [scheduling-1] eden.service.task.OrderTask              : 开始执行订单超时关闭任务...
2026-03-17 22:12:00.017  INFO 8308 --- [scheduling-1] eden.service.task.OrderTask              : 没有超时订单需要关闭
2026-03-17 22:13:00.006  INFO 8308 --- [scheduling-1] eden.service.task.OrderTask              : 开始执行订单超时关闭任务...
2026-03-17 22:13:00.012  INFO 8308 --- [scheduling-1] eden.service.task.OrderTask              : 没有超时订单需要关闭
2026-03-17 22:14:00.013  INFO 8308 --- [scheduling-1] eden.service.task.OrderTask              : 开始执行订单超时关闭任务...
2026-03-17 22:14:00.018  INFO 8308 --- [scheduling-1] eden.service.task.OrderTask              : 没有超时订单需要关闭
2026-03-17 22:15:00.006  INFO 8308 --- [scheduling-1] eden.service.task.OrderTask              : 开始执行订单超时关闭任务...
2026-03-17 22:15:00.012  INFO 8308 --- [scheduling-1] eden.service.task.OrderTask              : 没有超时订单需要关闭
2026-03-17 22:15:00.012  INFO 8308 --- [scheduling-1] eden.service.task.PromotionTask          : 开始更新已结束的秒杀活动状态...
2026-03-17 22:16:00.012  INFO 8308 --- [scheduling-1] eden.service.task.OrderTask              : 开始执行订单超时关闭任务...
2026-03-17 22:16:00.017  INFO 8308 --- [scheduling-1] eden.service.task.OrderTask              : 没有超时订单需要关闭
2026-03-17 22:17:00.012  INFO 8308 --- [scheduling-1] eden.service.task.OrderTask              : 开始执行订单超时关闭任务...
2026-03-17 22:17:00.020  INFO 8308 --- [scheduling-1] eden.service.task.OrderTask              : 没有超时订单需要关闭
2026-03-17 22:18:00.003  INFO 8308 --- [scheduling-1] eden.service.task.OrderTask              : 开始执行订单超时关闭任务...
2026-03-17 22:18:00.011  INFO 8308 --- [scheduling-1] eden.service.task.OrderTask              : 没有超时订单需要关闭
2026-03-17 22:19:00.014  INFO 8308 --- [scheduling-1] eden.service.task.OrderTask              : 开始执行订单超时关闭任务...
2026-03-17 22:19:00.020  INFO 8308 --- [scheduling-1] eden.service.task.OrderTask              : 没有超时订单需要关闭
2026-03-17 22:20:00.004  INFO 8308 --- [scheduling-1] eden.service.task.PromotionTask          : 开始更新已结束的秒杀活动状态...
2026-03-17 22:20:00.015  INFO 8308 --- [scheduling-1] eden.service.task.OrderTask              : 开始执行订单超时关闭任务...
2026-03-17 22:20:00.018  INFO 8308 --- [scheduling-1] eden.service.task.OrderTask              : 没有超时订单需要关闭
2026-03-17 22:21:00.011  INFO 8308 --- [scheduling-1] eden.service.task.OrderTask              : 开始执行订单超时关闭任务...
2026-03-17 22:21:00.017  INFO 8308 --- [scheduling-1] eden.service.task.OrderTask              : 没有超时订单需要关闭
2026-03-17 22:22:00.011  INFO 8308 --- [scheduling-1] eden.service.task.OrderTask              : 开始执行订单超时关闭任务...
2026-03-17 22:22:00.017  INFO 8308 --- [scheduling-1] eden.service.task.OrderTask              : 没有超时订单需要关闭
2026-03-17 22:23:00.016  INFO 8308 --- [scheduling-1] eden.service.task.OrderTask              : 开始执行订单超时关闭任务...
2026-03-17 22:23:00.022  INFO 8308 --- [scheduling-1] eden.service.task.OrderTask              : 没有超时订单需要关闭
2026-03-17 22:24:00.011  INFO 8308 --- [scheduling-1] eden.service.task.OrderTask              : 开始执行订单超时关闭任务...
2026-03-17 22:24:00.017  INFO 8308 --- [scheduling-1] eden.service.task.OrderTask              : 没有超时订单需要关闭
2026-03-17 22:25:00.001  INFO 8308 --- [scheduling-1] eden.service.task.PromotionTask          : 开始更新已结束的秒杀活动状态...
2026-03-17 22:25:00.010  INFO 8308 --- [scheduling-1] eden.service.task.OrderTask              : 开始执行订单超时关闭任务...
2026-03-17 22:25:00.013  INFO 8308 --- [scheduling-1] eden.service.task.OrderTask              : 没有超时订单需要关闭
2026-03-17 22:26:00.002  INFO 8308 --- [scheduling-1] eden.service.task.OrderTask              : 开始执行订单超时关闭任务...
2026-03-17 22:26:00.007  INFO 8308 --- [scheduling-1] eden.service.task.OrderTask              : 没有超时订单需要关闭
2026-03-17 22:27:00.012  INFO 8308 --- [scheduling-1] eden.service.task.OrderTask              : 开始执行订单超时关闭任务...
2026-03-17 22:27:00.020  INFO 8308 --- [scheduling-1] eden.service.task.OrderTask              : 没有超时订单需要关闭
2026-03-17 22:28:00.005  INFO 8308 --- [scheduling-1] eden.service.task.OrderTask              : 开始执行订单超时关闭任务...
2026-03-17 22:28:00.015  INFO 8308 --- [scheduling-1] eden.service.task.OrderTask              : 没有超时订单需要关闭
2026-03-17 22:29:00.014  INFO 8308 --- [scheduling-1] eden.service.task.OrderTask              : 开始执行订单超时关闭任务...
2026-03-17 22:29:00.023  INFO 8308 --- [scheduling-1] eden.service.task.OrderTask              : 没有超时订单需要关闭
2026-03-17 22:30:00.008  INFO 8308 --- [scheduling-1] eden.service.task.OrderTask              : 开始执行订单超时关闭任务...
2026-03-17 22:30:00.015  INFO 8308 --- [scheduling-1] eden.service.task.OrderTask              : 没有超时订单需要关闭
2026-03-17 22:30:00.015  INFO 8308 --- [scheduling-1] eden.service.task.PromotionTask          : 开始更新已结束的秒杀活动状态...
2026-03-17 22:31:00.000  INFO 8308 --- [scheduling-1] eden.service.task.OrderTask              : 开始执行订单超时关闭任务...
2026-03-17 22:31:00.008  INFO 8308 --- [scheduling-1] eden.service.task.OrderTask              : 没有超时订单需要关闭
2026-03-17 22:32:00.001  INFO 8308 --- [scheduling-1] eden.service.task.OrderTask              : 开始执行订单超时关闭任务...
2026-03-17 22:32:00.007  INFO 8308 --- [scheduling-1] eden.service.task.OrderTask              : 没有超时订单需要关闭
2026-03-17 22:33:00.013  INFO 8308 --- [scheduling-1] eden.service.task.OrderTask              : 开始执行订单超时关闭任务...
2026-03-17 22:33:00.024  INFO 8308 --- [scheduling-1] eden.service.task.OrderTask              : 没有超时订单需要关闭
2026-03-17 22:34:00.007  INFO 8308 --- [scheduling-1] eden.service.task.OrderTask              : 开始执行订单超时关闭任务...
2026-03-17 22:34:00.013  INFO 8308 --- [scheduling-1] eden.service.task.OrderTask              : 没有超时订单需要关闭
2026-03-17 22:35:00.011  INFO 8308 --- [scheduling-1] eden.service.task.OrderTask              : 开始执行订单超时关闭任务...
2026-03-17 22:35:00.017  INFO 8308 --- [scheduling-1] eden.service.task.OrderTask              : 没有超时订单需要关闭
2026-03-17 22:35:00.017  INFO 8308 --- [scheduling-1] eden.service.task.PromotionTask          : 开始更新已结束的秒杀活动状态...
2026-03-17 22:36:00.001  INFO 8308 --- [scheduling-1] eden.service.task.OrderTask              : 开始执行订单超时关闭任务...
2026-03-17 22:36:00.010  INFO 8308 --- [scheduling-1] eden.service.task.OrderTask              : 没有超时订单需要关闭
2026-03-17 22:37:00.007  INFO 8308 --- [scheduling-1] eden.service.task.OrderTask              : 开始执行订单超时关闭任务...
2026-03-17 22:37:00.014  INFO 8308 --- [scheduling-1] eden.service.task.OrderTask              : 没有超时订单需要关闭
2026-03-17 22:38:00.004  INFO 8308 --- [scheduling-1] eden.service.task.OrderTask              : 开始执行订单超时关闭任务...
2026-03-17 22:38:00.012  INFO 8308 --- [scheduling-1] eden.service.task.OrderTask              : 没有超时订单需要关闭
2026-03-17 22:39:00.014  INFO 8308 --- [scheduling-1] eden.service.task.OrderTask              : 开始执行订单超时关闭任务...
2026-03-17 22:39:00.022  INFO 8308 --- [scheduling-1] eden.service.task.OrderTask              : 没有超时订单需要关闭
2026-03-17 22:40:00.000  INFO 8308 --- [scheduling-1] eden.service.task.PromotionTask          : 开始更新已结束的秒杀活动状态...
2026-03-17 22:40:00.010  INFO 8308 --- [scheduling-1] eden.service.task.OrderTask              : 开始执行订单超时关闭任务...
2026-03-17 22:40:00.013  INFO 8308 --- [scheduling-1] eden.service.task.OrderTask              : 没有超时订单需要关闭
2026-03-17 22:40:03.298  INFO 8308 --- [org.springframework.amqp.rabbit.RabbitListenerEndpointContainer#2-23] o.s.a.r.l.SimpleMessageListenerContainer : Restarting Consumer@43cea0d2: tags=[[amq.ctag-HzztIZN9up9XrBgLKvPkXg]], channel=Cached Rabbit Channel: PublisherCallbackChannelImpl: AMQChannel(amqp://user@127.0.0.1:5672/,7), conn: Proxy@2b39e77d Shared Rabbit Connection: SimpleConnection@7fb84ef7 [delegate=amqp://user@127.0.0.1:5672/, localPort= 9159], acknowledgeMode=MANUAL local queue size=0
2026-03-17 22:40:03.323  INFO 8308 --- [org.springframework.amqp.rabbit.RabbitListenerEndpointContainer#2-24] e.service.listener.OrderMessageListener  : 收到订单支付成功消息，订单ID: 2025121713395639540001
2026-03-17 22:41:00.013  INFO 8308 --- [scheduling-1] eden.service.task.OrderTask              : 开始执行订单超时关闭任务...
2026-03-17 22:41:00.025  INFO 8308 --- [scheduling-1] eden.service.task.OrderTask              : 没有超时订单需要关闭
2026-03-17 22:42:00.008  INFO 8308 --- [scheduling-1] eden.service.task.OrderTask              : 开始执行订单超时关闭任务...
2026-03-17 22:42:00.013  INFO 8308 --- [scheduling-1] eden.service.task.OrderTask              : 没有超时订单需要关闭
2026-03-17 22:43:00.011  INFO 8308 --- [scheduling-1] eden.service.task.OrderTask              : 开始执行订单超时关闭任务...
2026-03-17 22:43:00.017  INFO 8308 --- [scheduling-1] eden.service.task.OrderTask              : 没有超时订单需要关闭
2026-03-17 22:44:00.009  INFO 8308 --- [scheduling-1] eden.service.task.OrderTask              : 开始执行订单超时关闭任务...
2026-03-17 22:44:00.017  INFO 8308 --- [scheduling-1] eden.service.task.OrderTask              : 没有超时订单需要关闭
2026-03-17 22:45:00.012  INFO 8308 --- [scheduling-1] eden.service.task.PromotionTask          : 开始更新已结束的秒杀活动状态...
2026-03-17 22:45:00.026  INFO 8308 --- [scheduling-1] eden.service.task.OrderTask              : 开始执行订单超时关闭任务...
2026-03-17 22:45:00.030  INFO 8308 --- [scheduling-1] eden.service.task.OrderTask              : 没有超时订单需要关闭
2026-03-17 22:46:00.007  INFO 8308 --- [scheduling-1] eden.service.task.OrderTask              : 开始执行订单超时关闭任务...
2026-03-17 22:46:00.017  INFO 8308 --- [scheduling-1] eden.service.task.OrderTask              : 没有超时订单需要关闭
2026-03-17 22:47:00.011  INFO 8308 --- [scheduling-1] eden.service.task.OrderTask              : 开始执行订单超时关闭任务...
2026-03-17 22:47:00.018  INFO 8308 --- [scheduling-1] eden.service.task.OrderTask              : 没有超时订单需要关闭
2026-03-17 22:48:00.012  INFO 8308 --- [scheduling-1] eden.service.task.OrderTask              : 开始执行订单超时关闭任务...
2026-03-17 22:48:00.018  INFO 8308 --- [scheduling-1] eden.service.task.OrderTask              : 没有超时订单需要关闭
2026-03-17 22:49:00.012  INFO 8308 --- [scheduling-1] eden.service.task.OrderTask              : 开始执行订单超时关闭任务...
2026-03-17 22:49:00.017  INFO 8308 --- [scheduling-1] eden.service.task.OrderTask              : 没有超时订单需要关闭
2026-03-17 22:50:00.006  INFO 8308 --- [scheduling-1] eden.service.task.OrderTask              : 开始执行订单超时关闭任务...
2026-03-17 22:50:00.012  INFO 8308 --- [scheduling-1] eden.service.task.OrderTask              : 没有超时订单需要关闭
2026-03-17 22:50:00.012  INFO 8308 --- [scheduling-1] eden.service.task.PromotionTask          : 开始更新已结束的秒杀活动状态...
2026-03-17 22:51:00.004  INFO 8308 --- [scheduling-1] eden.service.task.OrderTask              : 开始执行订单超时关闭任务...
2026-03-17 22:51:00.011  INFO 8308 --- [scheduling-1] eden.service.task.OrderTask              : 没有超时订单需要关闭
2026-03-17 22:52:00.013  INFO 8308 --- [scheduling-1] eden.service.task.OrderTask              : 开始执行订单超时关闭任务...
2026-03-17 22:52:00.018  INFO 8308 --- [scheduling-1] eden.service.task.OrderTask              : 没有超时订单需要关闭
2026-03-17 22:53:00.014  INFO 8308 --- [scheduling-1] eden.service.task.OrderTask              : 开始执行订单超时关闭任务...
2026-03-17 22:53:00.020  INFO 8308 --- [scheduling-1] eden.service.task.OrderTask              : 没有超时订单需要关闭
2026-03-17 22:54:00.008  INFO 8308 --- [scheduling-1] eden.service.task.OrderTask              : 开始执行订单超时关闭任务...
2026-03-17 22:54:00.014  INFO 8308 --- [scheduling-1] eden.service.task.OrderTask              : 没有超时订单需要关闭
2026-03-17 22:55:00.014  INFO 8308 --- [scheduling-1] eden.service.task.OrderTask              : 开始执行订单超时关闭任务...
2026-03-17 22:55:00.031  INFO 8308 --- [scheduling-1] eden.service.task.OrderTask              : 没有超时订单需要关闭
2026-03-17 22:55:00.031  INFO 8308 --- [scheduling-1] eden.service.task.PromotionTask          : 开始更新已结束的秒杀活动状态...
2026-03-17 22:56:00.011  INFO 8308 --- [scheduling-1] eden.service.task.OrderTask              : 开始执行订单超时关闭任务...
2026-03-17 22:56:00.016  INFO 8308 --- [scheduling-1] eden.service.task.OrderTask              : 没有超时订单需要关闭
2026-03-17 22:57:00.009  INFO 8308 --- [scheduling-1] eden.service.task.OrderTask              : 开始执行订单超时关闭任务...
2026-03-17 22:57:00.018  INFO 8308 --- [scheduling-1] eden.service.task.OrderTask              : 没有超时订单需要关闭
2026-03-17 22:58:00.003  INFO 8308 --- [scheduling-1] eden.service.task.OrderTask              : 开始执行订单超时关闭任务...
2026-03-17 22:58:00.018  INFO 8308 --- [scheduling-1] eden.service.task.OrderTask              : 没有超时订单需要关闭
2026-03-17 22:59:00.004  INFO 8308 --- [scheduling-1] eden.service.task.OrderTask              : 开始执行订单超时关闭任务...
2026-03-17 22:59:00.016  INFO 8308 --- [scheduling-1] eden.service.task.OrderTask              : 没有超时订单需要关闭
2026-03-17 23:00:00.005  INFO 8308 --- [scheduling-1] eden.service.task.PromotionTask          : 开始更新已结束的秒杀活动状态...
2026-03-17 23:00:00.014  INFO 8308 --- [scheduling-1] eden.service.task.OrderTask              : 开始执行订单超时关闭任务...
2026-03-17 23:00:00.017  INFO 8308 --- [scheduling-1] eden.service.task.OrderTask              : 没有超时订单需要关闭
2026-03-17 23:01:00.003  INFO 8308 --- [scheduling-1] eden.service.task.OrderTask              : 开始执行订单超时关闭任务...
2026-03-17 23:01:00.013  INFO 8308 --- [scheduling-1] eden.service.task.OrderTask              : 没有超时订单需要关闭
2026-03-17 23:02:00.000  INFO 8308 --- [scheduling-1] eden.service.task.OrderTask              : 开始执行订单超时关闭任务...
2026-03-17 23:02:00.007  INFO 8308 --- [scheduling-1] eden.service.task.OrderTask              : 没有超时订单需要关闭
2026-03-17 23:03:00.007  INFO 8308 --- [scheduling-1] eden.service.task.OrderTask              : 开始执行订单超时关闭任务...
2026-03-17 23:03:00.017  INFO 8308 --- [scheduling-1] eden.service.task.OrderTask              : 没有超时订单需要关闭
2026-03-17 23:04:00.005  INFO 8308 --- [scheduling-1] eden.service.task.OrderTask              : 开始执行订单超时关闭任务...
2026-03-17 23:04:00.016  INFO 8308 --- [scheduling-1] eden.service.task.OrderTask              : 没有超时订单需要关闭
2026-03-17 23:05:00.001  INFO 8308 --- [scheduling-1] eden.service.task.PromotionTask          : 开始更新已结束的秒杀活动状态...
2026-03-17 23:05:00.011  INFO 8308 --- [scheduling-1] eden.service.task.OrderTask              : 开始执行订单超时关闭任务...
2026-03-17 23:05:00.015  INFO 8308 --- [scheduling-1] eden.service.task.OrderTask              : 没有超时订单需要关闭
2026-03-17 23:06:00.008  INFO 8308 --- [scheduling-1] eden.service.task.OrderTask              : 开始执行订单超时关闭任务...
2026-03-17 23:06:00.016  INFO 8308 --- [scheduling-1] eden.service.task.OrderTask              : 没有超时订单需要关闭
2026-03-17 23:07:00.010  INFO 8308 --- [scheduling-1] eden.service.task.OrderTask              : 开始执行订单超时关闭任务...
2026-03-17 23:07:00.016  INFO 8308 --- [scheduling-1] eden.service.task.OrderTask              : 没有超时订单需要关闭
2026-03-17 23:08:00.009  INFO 8308 --- [scheduling-1] eden.service.task.OrderTask              : 开始执行订单超时关闭任务...
2026-03-17 23:08:00.016  INFO 8308 --- [scheduling-1] eden.service.task.OrderTask              : 没有超时订单需要关闭
2026-03-17 23:09:00.015  INFO 8308 --- [scheduling-1] eden.service.task.OrderTask              : 开始执行订单超时关闭任务...
2026-03-17 23:09:00.020  INFO 8308 --- [scheduling-1] eden.service.task.OrderTask              : 没有超时订单需要关闭
2026-03-17 23:10:00.001  INFO 8308 --- [scheduling-1] eden.service.task.OrderTask              : 开始执行订单超时关闭任务...
2026-03-17 23:10:00.008  INFO 8308 --- [scheduling-1] eden.service.task.OrderTask              : 没有超时订单需要关闭
2026-03-17 23:10:00.009  INFO 8308 --- [scheduling-1] eden.service.task.PromotionTask          : 开始更新已结束的秒杀活动状态...
2026-03-17 23:10:04.264  INFO 8308 --- [org.springframework.amqp.rabbit.RabbitListenerEndpointContainer#2-24] o.s.a.r.l.SimpleMessageListenerContainer : Restarting Consumer@34a14cf1: tags=[[amq.ctag-uVDbMFJ6R9ZJYP05FDQYzQ]], channel=Cached Rabbit Channel: PublisherCallbackChannelImpl: AMQChannel(amqp://user@127.0.0.1:5672/,7), conn: Proxy@2b39e77d Shared Rabbit Connection: SimpleConnection@7fb84ef7 [delegate=amqp://user@127.0.0.1:5672/, localPort= 9159], acknowledgeMode=MANUAL local queue size=0
2026-03-17 23:10:04.283  INFO 8308 --- [org.springframework.amqp.rabbit.RabbitListenerEndpointContainer#2-25] e.service.listener.OrderMessageListener  : 收到订单支付成功消息，订单ID: 2025121713395639540001
2026-03-17 23:11:00.010  INFO 8308 --- [scheduling-1] eden.service.task.OrderTask              : 开始执行订单超时关闭任务...
2026-03-17 23:11:00.017  INFO 8308 --- [scheduling-1] eden.service.task.OrderTask              : 没有超时订单需要关闭
2026-03-17 23:12:00.010  INFO 8308 --- [scheduling-1] eden.service.task.OrderTask              : 开始执行订单超时关闭任务...
2026-03-17 23:12:00.021  INFO 8308 --- [scheduling-1] eden.service.task.OrderTask              : 没有超时订单需要关闭
2026-03-17 23:13:00.002  INFO 8308 --- [scheduling-1] eden.service.task.OrderTask              : 开始执行订单超时关闭任务...
2026-03-17 23:13:00.008  INFO 8308 --- [scheduling-1] eden.service.task.OrderTask              : 没有超时订单需要关闭
2026-03-17 23:14:00.004  INFO 8308 --- [scheduling-1] eden.service.task.OrderTask              : 开始执行订单超时关闭任务...
2026-03-17 23:14:00.010  INFO 8308 --- [scheduling-1] eden.service.task.OrderTask              : 没有超时订单需要关闭
2026-03-17 23:15:00.013  INFO 8308 --- [scheduling-1] eden.service.task.PromotionTask          : 开始更新已结束的秒杀活动状态...
2026-03-17 23:15:00.021  INFO 8308 --- [scheduling-1] eden.service.task.OrderTask              : 开始执行订单超时关闭任务...
2026-03-17 23:15:00.025  INFO 8308 --- [scheduling-1] eden.service.task.OrderTask              : 没有超时订单需要关闭
2026-03-17 23:16:00.015  INFO 8308 --- [scheduling-1] eden.service.task.OrderTask              : 开始执行订单超时关闭任务...
2026-03-17 23:16:00.023  INFO 8308 --- [scheduling-1] eden.service.task.OrderTask              : 没有超时订单需要关闭
2026-03-17 23:17:00.010  INFO 8308 --- [scheduling-1] eden.service.task.OrderTask              : 开始执行订单超时关闭任务...
2026-03-17 23:17:00.015  INFO 8308 --- [scheduling-1] eden.service.task.OrderTask              : 没有超时订单需要关闭
2026-03-17 23:18:00.003  INFO 8308 --- [scheduling-1] eden.service.task.OrderTask              : 开始执行订单超时关闭任务...
2026-03-17 23:18:00.009  INFO 8308 --- [scheduling-1] eden.service.task.OrderTask              : 没有超时订单需要关闭
2026-03-17 23:19:00.001  INFO 8308 --- [scheduling-1] eden.service.task.OrderTask              : 开始执行订单超时关闭任务...
2026-03-17 23:19:00.013  INFO 8308 --- [scheduling-1] eden.service.task.OrderTask              : 没有超时订单需要关闭
2026-03-17 23:20:00.006  INFO 8308 --- [scheduling-1] eden.service.task.OrderTask              : 开始执行订单超时关闭任务...
2026-03-17 23:20:00.019  INFO 8308 --- [scheduling-1] eden.service.task.OrderTask              : 没有超时订单需要关闭
2026-03-17 23:20:00.019  INFO 8308 --- [scheduling-1] eden.service.task.PromotionTask          : 开始更新已结束的秒杀活动状态...
2026-03-17 23:21:00.003  INFO 8308 --- [scheduling-1] eden.service.task.OrderTask              : 开始执行订单超时关闭任务...
2026-03-17 23:21:00.011  INFO 8308 --- [scheduling-1] eden.service.task.OrderTask              : 没有超时订单需要关闭
2026-03-17 23:22:00.003  INFO 8308 --- [scheduling-1] eden.service.task.OrderTask              : 开始执行订单超时关闭任务...
2026-03-17 23:22:00.016  INFO 8308 --- [scheduling-1] eden.service.task.OrderTask              : 没有超时订单需要关闭
2026-03-17 23:23:00.013  INFO 8308 --- [scheduling-1] eden.service.task.OrderTask              : 开始执行订单超时关闭任务...
2026-03-17 23:23:00.020  INFO 8308 --- [scheduling-1] eden.service.task.OrderTask              : 没有超时订单需要关闭
2026-03-17 23:24:00.000  INFO 8308 --- [scheduling-1] eden.service.task.OrderTask              : 开始执行订单超时关闭任务...
2026-03-17 23:24:00.006  INFO 8308 --- [scheduling-1] eden.service.task.OrderTask              : 没有超时订单需要关闭
2026-03-17 23:25:00.002  INFO 8308 --- [scheduling-1] eden.service.task.PromotionTask          : 开始更新已结束的秒杀活动状态...
2026-03-17 23:25:00.009  INFO 8308 --- [scheduling-1] eden.service.task.OrderTask              : 开始执行订单超时关闭任务...
2026-03-17 23:25:00.012  INFO 8308 --- [scheduling-1] eden.service.task.OrderTask              : 没有超时订单需要关闭
2026-03-17 23:26:00.014  INFO 8308 --- [scheduling-1] eden.service.task.OrderTask              : 开始执行订单超时关闭任务...
2026-03-17 23:26:00.019  INFO 8308 --- [scheduling-1] eden.service.task.OrderTask              : 没有超时订单需要关闭
2026-03-17 23:27:00.014  INFO 8308 --- [scheduling-1] eden.service.task.OrderTask              : 开始执行订单超时关闭任务...
2026-03-17 23:27:00.021  INFO 8308 --- [scheduling-1] eden.service.task.OrderTask              : 没有超时订单需要关闭
2026-03-17 23:28:00.003  INFO 8308 --- [scheduling-1] eden.service.task.OrderTask              : 开始执行订单超时关闭任务...
2026-03-17 23:28:00.010  INFO 8308 --- [scheduling-1] eden.service.task.OrderTask              : 没有超时订单需要关闭
2026-03-17 23:29:00.013  INFO 8308 --- [scheduling-1] eden.service.task.OrderTask              : 开始执行订单超时关闭任务...
2026-03-17 23:29:00.020  INFO 8308 --- [scheduling-1] eden.service.task.OrderTask              : 没有超时订单需要关闭
2026-03-17 23:30:00.011  INFO 8308 --- [scheduling-1] eden.service.task.OrderTask              : 开始执行订单超时关闭任务...
2026-03-17 23:30:00.021  INFO 8308 --- [scheduling-1] eden.service.task.OrderTask              : 没有超时订单需要关闭
2026-03-17 23:30:00.022  INFO 8308 --- [scheduling-1] eden.service.task.PromotionTask          : 开始更新已结束的秒杀活动状态...
2026-03-17 23:31:00.010  INFO 8308 --- [scheduling-1] eden.service.task.OrderTask              : 开始执行订单超时关闭任务...
2026-03-17 23:31:00.016  INFO 8308 --- [scheduling-1] eden.service.task.OrderTask              : 没有超时订单需要关闭
2026-03-17 23:32:00.016  INFO 8308 --- [scheduling-1] eden.service.task.OrderTask              : 开始执行订单超时关闭任务...
2026-03-17 23:32:00.030  INFO 8308 --- [scheduling-1] eden.service.task.OrderTask              : 没有超时订单需要关闭
2026-03-17 23:33:00.009  INFO 8308 --- [scheduling-1] eden.service.task.OrderTask              : 开始执行订单超时关闭任务...
2026-03-17 23:33:00.015  INFO 8308 --- [scheduling-1] eden.service.task.OrderTask              : 没有超时订单需要关闭
2026-03-17 23:34:00.008  INFO 8308 --- [scheduling-1] eden.service.task.OrderTask              : 开始执行订单超时关闭任务...
2026-03-17 23:34:00.018  INFO 8308 --- [scheduling-1] eden.service.task.OrderTask              : 没有超时订单需要关闭
2026-03-17 23:35:00.006  INFO 8308 --- [scheduling-1] eden.service.task.PromotionTask          : 开始更新已结束的秒杀活动状态...
2026-03-17 23:35:00.014  INFO 8308 --- [scheduling-1] eden.service.task.OrderTask              : 开始执行订单超时关闭任务...
2026-03-17 23:35:00.018  INFO 8308 --- [scheduling-1] eden.service.task.OrderTask              : 没有超时订单需要关闭
2026-03-17 23:36:00.013  INFO 8308 --- [scheduling-1] eden.service.task.OrderTask              : 开始执行订单超时关闭任务...
2026-03-17 23:36:00.020  INFO 8308 --- [scheduling-1] eden.service.task.OrderTask              : 没有超时订单需要关闭
2026-03-17 23:37:00.001  INFO 8308 --- [scheduling-1] eden.service.task.OrderTask              : 开始执行订单超时关闭任务...
2026-03-17 23:37:00.010  INFO 8308 --- [scheduling-1] eden.service.task.OrderTask              : 没有超时订单需要关闭
2026-03-17 23:38:00.006  INFO 8308 --- [scheduling-1] eden.service.task.OrderTask              : 开始执行订单超时关闭任务...
2026-03-17 23:38:00.011  INFO 8308 --- [scheduling-1] eden.service.task.OrderTask              : 没有超时订单需要关闭
2026-03-17 23:39:00.008  INFO 8308 --- [scheduling-1] eden.service.task.OrderTask              : 开始执行订单超时关闭任务...
2026-03-17 23:39:00.013  INFO 8308 --- [scheduling-1] eden.service.task.OrderTask              : 没有超时订单需要关闭
2026-03-17 23:40:00.000  INFO 8308 --- [scheduling-1] eden.service.task.OrderTask              : 开始执行订单超时关闭任务...
2026-03-17 23:40:00.005  INFO 8308 --- [scheduling-1] eden.service.task.OrderTask              : 没有超时订单需要关闭
2026-03-17 23:40:00.006  INFO 8308 --- [scheduling-1] eden.service.task.PromotionTask          : 开始更新已结束的秒杀活动状态...
2026-03-17 23:40:04.323  INFO 8308 --- [org.springframework.amqp.rabbit.RabbitListenerEndpointContainer#2-25] o.s.a.r.l.SimpleMessageListenerContainer : Restarting Consumer@4ade3537: tags=[[amq.ctag-UmkYG3UNo0NYmoJP7zgPFQ]], channel=Cached Rabbit Channel: PublisherCallbackChannelImpl: AMQChannel(amqp://user@127.0.0.1:5672/,7), conn: Proxy@2b39e77d Shared Rabbit Connection: SimpleConnection@7fb84ef7 [delegate=amqp://user@127.0.0.1:5672/, localPort= 9159], acknowledgeMode=MANUAL local queue size=0
2026-03-17 23:40:04.355  INFO 8308 --- [org.springframework.amqp.rabbit.RabbitListenerEndpointContainer#2-26] e.service.listener.OrderMessageListener  : 收到订单支付成功消息，订单ID: 2025121713395639540001
2026-03-17 23:41:00.010  INFO 8308 --- [scheduling-1] eden.service.task.OrderTask              : 开始执行订单超时关闭任务...
2026-03-17 23:41:00.016  INFO 8308 --- [scheduling-1] eden.service.task.OrderTask              : 没有超时订单需要关闭
2026-03-17 23:42:00.007  INFO 8308 --- [scheduling-1] eden.service.task.OrderTask              : 开始执行订单超时关闭任务...
2026-03-17 23:42:00.015  INFO 8308 --- [scheduling-1] eden.service.task.OrderTask              : 没有超时订单需要关闭
2026-03-17 23:43:00.001  INFO 8308 --- [scheduling-1] eden.service.task.OrderTask              : 开始执行订单超时关闭任务...
2026-03-17 23:43:00.006  INFO 8308 --- [scheduling-1] eden.service.task.OrderTask              : 没有超时订单需要关闭
2026-03-17 23:44:00.001  INFO 8308 --- [scheduling-1] eden.service.task.OrderTask              : 开始执行订单超时关闭任务...
2026-03-17 23:44:00.008  INFO 8308 --- [scheduling-1] eden.service.task.OrderTask              : 没有超时订单需要关闭
2026-03-17 23:45:00.009  INFO 8308 --- [scheduling-1] eden.service.task.OrderTask              : 开始执行订单超时关闭任务...
2026-03-17 23:45:00.021  INFO 8308 --- [scheduling-1] eden.service.task.OrderTask              : 没有超时订单需要关闭
2026-03-17 23:45:00.021  INFO 8308 --- [scheduling-1] eden.service.task.PromotionTask          : 开始更新已结束的秒杀活动状态...
2026-03-17 23:46:00.014  INFO 8308 --- [scheduling-1] eden.service.task.OrderTask              : 开始执行订单超时关闭任务...
2026-03-17 23:46:00.021  INFO 8308 --- [scheduling-1] eden.service.task.OrderTask              : 没有超时订单需要关闭
2026-03-17 23:47:00.010  INFO 8308 --- [scheduling-1] eden.service.task.OrderTask              : 开始执行订单超时关闭任务...
2026-03-17 23:47:00.018  INFO 8308 --- [scheduling-1] eden.service.task.OrderTask              : 没有超时订单需要关闭
2026-03-17 23:48:00.013  INFO 8308 --- [scheduling-1] eden.service.task.OrderTask              : 开始执行订单超时关闭任务...
2026-03-17 23:48:00.022  INFO 8308 --- [scheduling-1] eden.service.task.OrderTask              : 没有超时订单需要关闭
2026-03-17 23:49:00.003  INFO 8308 --- [scheduling-1] eden.service.task.OrderTask              : 开始执行订单超时关闭任务...
2026-03-17 23:49:00.009  INFO 8308 --- [scheduling-1] eden.service.task.OrderTask              : 没有超时订单需要关闭
2026-03-17 23:50:00.012  INFO 8308 --- [scheduling-1] eden.service.task.OrderTask              : 开始执行订单超时关闭任务...
2026-03-17 23:50:00.024  INFO 8308 --- [scheduling-1] eden.service.task.OrderTask              : 没有超时订单需要关闭
2026-03-17 23:50:00.024  INFO 8308 --- [scheduling-1] eden.service.task.PromotionTask          : 开始更新已结束的秒杀活动状态...
2026-03-17 23:51:00.006  INFO 8308 --- [scheduling-1] eden.service.task.OrderTask              : 开始执行订单超时关闭任务...
2026-03-17 23:51:00.015  INFO 8308 --- [scheduling-1] eden.service.task.OrderTask              : 没有超时订单需要关闭
2026-03-17 23:52:00.011  INFO 8308 --- [scheduling-1] eden.service.task.OrderTask              : 开始执行订单超时关闭任务...
2026-03-17 23:52:00.031  INFO 8308 --- [scheduling-1] eden.service.task.OrderTask              : 没有超时订单需要关闭
2026-03-17 23:53:00.004  INFO 8308 --- [scheduling-1] eden.service.task.OrderTask              : 开始执行订单超时关闭任务...
2026-03-17 23:53:00.012  INFO 8308 --- [scheduling-1] eden.service.task.OrderTask              : 没有超时订单需要关闭
2026-03-17 23:54:00.005  INFO 8308 --- [scheduling-1] eden.service.task.OrderTask              : 开始执行订单超时关闭任务...
2026-03-17 23:54:00.013  INFO 8308 --- [scheduling-1] eden.service.task.OrderTask              : 没有超时订单需要关闭
2026-03-17 23:55:00.008  INFO 8308 --- [scheduling-1] eden.service.task.OrderTask              : 开始执行订单超时关闭任务...
2026-03-17 23:55:00.020  INFO 8308 --- [scheduling-1] eden.service.task.OrderTask              : 没有超时订单需要关闭
2026-03-17 23:55:00.020  INFO 8308 --- [scheduling-1] eden.service.task.PromotionTask          : 开始更新已结束的秒杀活动状态...
2026-03-17 23:56:00.011  INFO 8308 --- [scheduling-1] eden.service.task.OrderTask              : 开始执行订单超时关闭任务...
2026-03-17 23:56:00.017  INFO 8308 --- [scheduling-1] eden.service.task.OrderTask              : 没有超时订单需要关闭
2026-03-17 23:57:00.008  INFO 8308 --- [scheduling-1] eden.service.task.OrderTask              : 开始执行订单超时关闭任务...
2026-03-17 23:57:00.021  INFO 8308 --- [scheduling-1] eden.service.task.OrderTask              : 没有超时订单需要关闭
2026-03-17 23:58:00.012  INFO 8308 --- [scheduling-1] eden.service.task.OrderTask              : 开始执行订单超时关闭任务...
2026-03-17 23:58:00.021  INFO 8308 --- [scheduling-1] eden.service.task.OrderTask              : 没有超时订单需要关闭
2026-03-17 23:59:00.008  INFO 8308 --- [scheduling-1] eden.service.task.OrderTask              : 开始执行订单超时关闭任务...
2026-03-17 23:59:00.017  INFO 8308 --- [scheduling-1] eden.service.task.OrderTask              : 没有超时订单需要关闭
